ID,Source,Text,Embedding (Vector)
1,Wikipedia & Web Search for Afghanistan,"# Afghanistan

## General Overview
Afghanistan, officially the Islamic Emirate of Afghanistan, is a landlocked country located at the crossroads of Central and South Asia. It is bordered by Pakistan to the east and south, Iran to the west, Turkmenistan to the northwest, Uzbekistan to the north, Tajikistan to the northeast, and China to the northeast and east. Occupying 652,864 square kilometers (252,072 sq mi) of land, the country is predominantly mountainous with plains in the north and the southwest, which are separated by the Hindu Kush mountain range. Kabul is the country's capital and largest city. Afghanistan's population is estimated to be between 35 and 50 million.
Human habitation i","[0.02468710206449032, -0.028849532827734947, 0.012099893763661385, 0.015974782407283783, 0.02515639178454876, 0.016926636919379234, 0.017812756821513176, -0.061182063072919846, -0.0001934449392138049, -0.01466014888137579, 0.02535904012620449, 0.00239557190798223, 0.05842847004532814, -0.0454874224960804, -0.04132036492228508, -0.0078031038865447044, -0.03698624670505524, -0.09069065004587173, 0.03394467011094093, -0.12152383476495743, -0.017815209925174713, -0.026938924565911293, 0.10274070501327515, -0.06219204142689705, 0.03929266706109047, -0.054435599595308304, 0.06710211932659149, -0.01699463650584221, 0.005364987533539534, -0.008101589046418667, 0.03935869783163071, 0.0012438659323379397, -0.06805267184972763, 0.07610549032688141, -0.03637884557247162, 0.052073027938604355, -0.041916221380233765, 0.040658652782440186, 0.05712198466062546, 0.009330989792943, 0.07085564732551575, -0.0015499552246183157, 0.09421314299106598, -0.028890792280435562, 0.042981747537851334, 0.04212033376097679, -0.03940221667289734, -0.04817996174097061, 0.003850323148071766, -0.006929614581167698, 0.03842734172940254, 0.05396353453397751, -0.029030339792370796, -0.016761256381869316, 0.05489540472626686, -0.020722033455967903, -0.01905234344303608, 0.02978980541229248, -0.08036274462938309, 0.05171529948711395, 0.008842729963362217, 0.01623430848121643, -0.017960166558623314, 0.001446809503249824, -0.058356184512376785, -0.027823949232697487, 0.10867871344089508, 0.03443080931901932, -0.036480773240327835, 0.005998869426548481, -0.04673311114311218, 0.022918611764907837, -0.006011059042066336, -0.032880138605833054, -0.02573523111641407, -0.032706119120121, -0.036135125905275345, 0.10794594138860703, 0.0038854065351188183, 0.041517000645399094, 0.057061050087213516, 0.15204952657222748, 0.10433231294155121, 0.007327411323785782, -0.014882862567901611, -0.014299007132649422, -0.029428450390696526, -0.0041703456081449986, 0.05442800372838974, -0.0394345223903656, 0.09290517121553421, -0.022314658388495445, -0.059059299528598785, 0.14166459441184998, 0.07526431232690811, 0.008576478809118271, 0.03789735585451126, -0.0660756304860115, -0.030094869434833527, 0.09594158828258514, 0.027844799682497978, -0.007298765238374472, 0.010961729101836681, 0.012737785466015339, 0.0013415375724434853, 0.08995871990919113, 0.008741642348468304, -0.04596740007400513, -0.06076549366116524, -0.020276086404919624, -0.002527771517634392, -0.02925286255776882, -0.024470852687954903, -0.08779214322566986, -0.04800606146454811, -0.024904929101467133, 0.023320570588111877, 0.026857299730181694, -0.028038736432790756, -0.06338781118392944, -0.05150822550058365, -0.05495936796069145, 0.028109202161431313, 0.07539498060941696, 0.08527577668428421, -0.07384561747312546, -0.06061814725399017, 0.01671869121491909, -0.015239651314914227, -0.04387103021144867, -0.07653143256902695, 0.04993481561541557, -0.13279464840888977, 0.07055770605802536, 0.0847168043255806, 0.0026548083405941725, -0.026082772761583328, 0.0133306123316288, -0.04433639347553253, 0.005604258272796869, -0.03643529489636421, -0.03882848471403122, 0.015021447092294693, -0.03769693523645401, -0.04427013546228409, 0.0733468309044838, -0.03681100904941559, 0.026139969006180763, -0.03046305477619171, -0.0033895026426762342, 0.01084756851196289, -0.0936790332198143, -0.049515873193740845, 0.04588085040450096, 0.03465021774172783, -0.030474809929728508, 0.015641354024410248, -0.0285343024879694, 0.0838407352566719, -0.015229612588882446, -0.14153233170509338, -0.06527061760425568, -0.03668460622429848, 0.015121306292712688, -0.04870922490954399, -0.01335554663091898, -0.134857177734375, -0.06886337697505951, 0.0241189394146204, -0.02853376604616642, -0.050068121403455734, -0.052588220685720444, 0.0923813059926033, 0.03262491151690483, 0.00950572732836008, 0.001920398324728012, 0.03471881523728371, -0.010981542058289051, -0.008065229281783104, 0.03569559380412102, 0.024231120944023132, -0.07609756290912628, 0.01852484419941902, 0.05544985085725784, -0.02899876795709133, 0.01735484041273594, -0.017491014674305916, 0.13254527747631073, 0.033251889050006866, -0.05121364817023277, -0.02444765530526638, 0.028721431270241737, -0.016012772917747498, -0.07149369269609451, 0.00929576437920332, -0.020117780193686485, 0.017435459420084953, 0.13698554039001465, 0.04685906320810318, -0.05240095406770706, 0.004849973134696484, 0.15956398844718933, -0.05610629916191101, -0.02779913693666458, -0.00021872069919481874, 0.013720924034714699, 0.04088188707828522, -0.011256805621087551, -0.03266102075576782, 0.0668991208076477, 0.08529957383871078, -0.03542761132121086, -0.05870102345943451, 0.0036559475120157003, -0.010873209685087204, -0.01672246865928173, -0.0356840156018734, -0.041531018912792206, -0.06798745691776276, 0.03902548551559448, -0.005864860024303198, 0.012167367152869701, 0.047264374792575836, -0.020805932581424713, 0.013326936401426792, -0.05660455301403999, -0.05183267220854759, -0.031368669122457504, -0.04704304784536362, 0.038085926324129105, 0.056299783289432526, 0.01444336585700512, -0.06314841657876968, 0.07782276719808578, 0.007147244177758694, 0.03052649088203907, 0.09269992262125015, -0.004962413106113672, 0.08673960715532303, -0.06580119580030441, -0.01056436263024807, -0.02449081838130951, 0.03292590007185936, 0.0045143598690629005, 0.03280622139573097, -0.060859307646751404, -0.0035904862452298403, 0.04744593799114227, -0.008335285820066929, 0.01465868204832077, 0.03884071484208107, -0.008815892972052097, -0.027691025286912918, 0.009861455298960209, 0.06383958458900452, -0.033881425857543945, -0.06250141561031342, 0.11376625299453735, 0.05040884390473366, -0.059867750853300095, -0.030897336080670357, 0.010921044275164604, 0.009122614748775959, 0.030032828450202942, 0.059762004762887955, 0.05094849318265915, 0.022806616500020027, 0.01912539452314377, -0.06416988372802734, 0.009676884859800339, 0.0247857216745615, 0.08796796947717667, 0.025494970381259918, -0.07785169780254364, -0.038725245743989944, 0.06018201634287834, 0.07535215467214584, -0.10810498893260956, 0.069693922996521, 0.07670462876558304, -0.06705304980278015, 0.0014783898368477821, 0.01972268335521221, -0.0587676540017128, -0.04061364755034447, -0.060751643031835556, 0.006487345788627863, 0.04271150007843971, -0.07908163964748383, -0.04470384865999222, -0.024247094988822937, -0.03678528591990471, -0.03152871131896973, 0.07269959896802902, -0.005505142733454704, -0.031271468847990036, -0.07034266740083694, 0.012037402018904686, 0.06708318740129471, 0.11592557281255722, 0.05560870096087456, -0.020557241514325142, -0.05568646639585495, -0.04787634685635567, 0.03723040968179703, 0.07173467427492142, -0.06477455794811249, -0.03473522886633873, 0.008103023283183575, 0.0017428211867809296, 0.0023147116880863905, -0.005127974785864353, -0.028200628235936165, -0.07276135683059692, -0.0024031787179410458, 0.005775578320026398, -0.020485734567046165, 0.011271764524281025, 0.02411024458706379, -0.05408155918121338, -0.02768229879438877, -0.04761257767677307, 0.02493857406079769, 0.015622164122760296, -0.0540936142206192, 0.11825507879257202, 0.045679714530706406, -0.01906459964811802, 0.01585640385746956, -0.01598844863474369, 0.014586160890758038, 0.06496892869472504, -0.08150401711463928, 0.026260023936629295, -0.05317259579896927, 0.03613812476396561, -0.06599161773920059, -0.002597762504592538, 0.0653877928853035, 0.0019017212325707078, 0.05917495861649513, -0.05478747561573982, -0.06825093179941177, 0.02339479885995388, 0.01974586956202984, 0.06024714186787605, -0.038691479712724686, -0.013933508656919003, 0.10829859226942062, 0.0688929408788681, 0.07738812267780304, -0.048589229583740234, 0.026467090472579002, 0.014668573625385761, -0.09549032151699066, 0.041924815624952316, -0.03562607616186142, -0.0378074087202549, -0.014771704562008381, 0.01543602254241705, -0.01863088086247444, -0.0454336553812027, 0.14621756970882416, -0.026342378929257393, 0.0065462528727948666, -0.0022004360798746347, 0.009373542852699757, -0.04639948904514313, -0.02249649353325367, 0.010855779983103275, 0.08064588904380798, -0.03712789714336395, -0.0014813763555139303, -0.03291760012507439, 1.9002543467649957e-06, -0.04375256597995758, -0.023499181494116783, -0.07454374432563782, 0.01504652388393879, -0.013065277598798275, -0.06518489867448807, -0.0007237010868266225, -0.06874815374612808, 0.0061258901841938496]"
2,Wikipedia & Web Search for Afghanistan,"n Afghanistan dates to the Middle Paleolithic era. Popularly referred to as the graveyard of empires, the land has witnessed numerous military campaigns, including those by the Persians, Alexander the Great, the Maurya Empire, Arab Muslims, the Mongols, the British, the Soviet Union, and a US-led coalition. Afghanistan also served as the source from which the Greco-Bactrians and the Mughals, among others, rose to form major empires. Because of the various conquests and periods in both the Iranian and Indian cultural spheres, the area was a center for Zoroastrianism, Buddhism, Hinduism, and later Islam. The modern state of Afghanistan began with the Durrani Empire in the 18th century under Ah","[-0.022932143881917, 0.031944844871759415, 0.024554463103413582, 0.021107958629727364, -0.005957687273621559, 0.022317517548799515, -0.036695048213005066, -0.049178652465343475, 0.0019750867504626513, -0.046181678771972656, 0.02066957950592041, -0.045995038002729416, 0.10267076641321182, -0.07660237699747086, -0.020556045696139336, -0.005588909611105919, -0.05239833518862724, -0.0834658145904541, 0.02178121730685234, -0.10256633162498474, -0.032819148153066635, -0.035193201154470444, 0.07872269302606583, -0.030567588284611702, 0.07861414551734924, -0.055168405175209045, 0.040616437792778015, -0.016793251037597656, -0.02328469790518284, -0.015345481224358082, 0.02532365545630455, -0.03592115640640259, -0.01065763272345066, 0.030964797362685204, -0.016268640756607056, 0.0653308629989624, 0.012850198894739151, 0.030469194054603577, 0.08014626055955887, 0.022567255422472954, 0.0021370204631239176, -0.020020700991153717, 0.1005282774567604, 0.03803335502743721, 0.004892679397016764, 0.04804898053407669, 0.03409310430288315, 0.01399131491780281, -0.026837697252631187, 0.05085493624210358, 0.06758882850408554, 0.043184794485569, -0.08517995476722717, -0.03623604401946068, 0.01683112233877182, -0.02140170708298683, -0.024290533736348152, 0.0014632336096838117, -0.011090236715972424, 0.038838185369968414, -0.10175488144159317, -0.015238601714372635, -0.017469564452767372, -0.023380693048238754, -0.08224489539861679, -0.03691623732447624, 0.09122807532548904, -0.030181050300598145, 0.02050049789249897, 0.03084552474319935, -0.011708558537065983, 0.01961647905409336, 0.012019874528050423, -0.06222819909453392, -0.08431539684534073, -0.013553873635828495, -0.02721327170729637, 0.08248111605644226, -0.01494571566581726, -0.03129688277840614, 0.10983159393072128, 0.0826161652803421, 0.09333819895982742, -0.009518049657344818, -0.00017504238348919898, -0.07571245729923248, -0.018442533910274506, -0.005197685211896896, 0.025322861969470978, -0.047817692160606384, 0.04306578263640404, 0.025090182200074196, -0.05801847204566002, 0.08940258622169495, 0.06406375020742416, 0.05068525671958923, 0.08574855327606201, 0.0910971611738205, 0.011699656024575233, -0.007843817584216595, 0.05518747493624687, -0.019883524626493454, -0.01360259111970663, 0.023530200123786926, 0.020764799788594246, 0.02838018164038658, -0.07338248938322067, -0.07779465615749359, -0.061408888548612595, -0.05369173735380173, 0.03008856438100338, -0.05010269582271576, -0.04243899881839752, -0.016490470618009567, -0.021579831838607788, -0.07386056333780289, -0.016853025183081627, -0.0333886444568634, -0.10091429948806763, -0.05888136848807335, -0.016739659011363983, -0.05026527866721153, 0.07812133431434631, 0.026420628651976585, 0.0038198931142687798, 0.0045599984005093575, 0.01587129756808281, 0.04704172909259796, -0.011210231110453606, -0.15031155943870544, -0.08471334725618362, 0.006075091660022736, -0.09887868165969849, -0.02044164203107357, 0.0702572911977768, -0.03355995938181877, -0.04105275869369507, -0.011608890257775784, -0.025387469679117203, -0.01439213939011097, -0.0464155338704586, -0.056629616767168045, 0.03270762786269188, -0.0008707058732397854, -0.13067318499088287, 0.09434536099433899, 0.026079021394252777, -0.021415390074253082, -0.05997472256422043, 0.047702234238386154, 0.007796559948474169, -0.11624021828174591, -0.04046212509274483, 0.03859002888202667, 0.04856756702065468, -0.02157350443303585, -0.007565360050648451, 0.013874630443751812, 0.06520680338144302, -0.055146265774965286, 0.0035457892809063196, -0.0227174274623394, -0.010160518810153008, 0.05193505063652992, -0.012049470096826553, -0.06292197108268738, -0.06852461397647858, -0.024189407005906105, 0.03413471579551697, 0.015547588467597961, -0.04821551591157913, -0.018700305372476578, 0.0711461752653122, 0.03549567982554436, 0.009370275773108006, 0.10792690515518188, -0.06135876104235649, -0.001533433678559959, -0.05087956786155701, 0.05057830363512039, 0.036947596818208694, -0.06500093638896942, -0.044109176844358444, 0.07323843240737915, 0.018614981323480606, 0.03438686579465866, 0.032901596277952194, 0.08095499873161316, 0.06966011971235275, -0.014161583967506886, -0.01728793978691101, 0.08069053292274475, -0.06228422373533249, -0.049257971346378326, 0.005166699644178152, 0.04952005669474602, 0.04476911947131157, 0.17256377637386322, 0.06970580667257309, -0.053158048540353775, -0.09878212958574295, 0.03609246015548706, -0.02822340652346611, -0.03107536770403385, 0.0655292421579361, 0.006048697512596846, -0.015668652951717377, -0.032356634736061096, 0.056097593158483505, 0.028980720788240433, 0.06022156402468681, -0.014846726320683956, -0.02101929485797882, -0.00010210769687546417, -0.028485972434282303, -0.020207516849040985, -0.06292946636676788, -0.0562380813062191, -0.08270419389009476, 0.04034705460071564, 0.017065810039639473, -0.030658507719635963, -0.06436589360237122, -0.014906167984008789, 0.06937410682439804, -0.014608433470129967, -0.04277808591723442, 0.031052181497216225, -0.043358199298381805, 0.042473047971725464, -0.028497854247689247, -0.010140376165509224, -0.05138835310935974, 0.0726524144411087, 0.021710343658924103, -0.009509227238595486, 0.08945108205080032, -0.010793980211019516, 0.058479953557252884, -0.11728309094905853, 0.05825057253241539, -0.09319517761468887, 0.04037969559431076, -0.000362204882549122, -0.020905490964651108, -0.030120491981506348, -0.03600316867232323, 0.0425281897187233, -0.020644331350922585, 0.00468461262062192, -0.042366113513708115, -0.052975334227085114, -0.01960984617471695, 0.044084493070840836, 0.07236151397228241, -0.07927335053682327, 0.030769390985369682, 0.05464355647563934, 0.06247028708457947, 0.03537088260054588, 0.06668853759765625, 0.009730343706905842, -0.018814021721482277, 0.03504764288663864, 0.021075783297419548, 0.043515317142009735, 0.04452025145292282, 0.027636580169200897, -0.02332361228764057, 0.06638714671134949, -0.0598125085234642, 0.12208450585603714, 0.017625560984015465, -0.0750989094376564, -0.018499530851840973, -0.008449736982584, 0.033134106546640396, -0.09413980692625046, 0.10925740748643875, 0.0191437266767025, -0.04575048014521599, -0.008217147551476955, 0.05792016163468361, -0.06222957372665405, -0.09425842016935349, -0.043964289128780365, 0.05042380094528198, 0.0017958299722522497, -0.08900868147611618, -0.022166835144162178, -0.05796030908823013, -0.07709576934576035, -0.06832230091094971, 0.11588496714830399, 0.013380449265241623, -0.016824591904878616, -0.13691705465316772, 0.035052359104156494, 0.017482450231909752, 0.05810544639825821, 0.020573100075125694, 0.02247544936835766, -0.023504069074988365, -0.04267879202961922, 0.023696091026067734, 0.101046122610569, -0.03666721284389496, 0.01099647581577301, -0.034395482391119, -0.01850367896258831, -0.017386823892593384, -0.00018304736295249313, -0.027426702901721, -0.0020238093566149473, 0.08858682215213776, -0.03995975852012634, 0.010454792529344559, 0.05900348722934723, -0.025240276008844376, -0.037672944366931915, -0.009583204053342342, 0.09527701139450073, 0.02390912175178528, -0.004552661441266537, -0.10395403951406479, 0.0421939380466938, 0.08294865489006042, 0.007114181760698557, 0.06915095448493958, 0.02265375852584839, -0.04784573242068291, 0.03730881214141846, -0.009113180451095104, -0.013904301449656487, -0.04487267881631851, 0.007682006806135178, -0.027851076796650887, -0.032436203211545944, 0.013669440522789955, -0.002502689603716135, 0.023651843890547752, 0.018503302708268166, -0.045965079218149185, -0.0036599833983927965, 0.053640030324459076, 0.03789956122636795, 0.00020362946088425815, -0.010327620431780815, 0.04731287062168121, -0.0007645119330845773, 0.002667739288881421, -0.033360838890075684, 0.043081529438495636, -0.07966416329145432, -0.027541449293494225, 0.01745612733066082, -0.047979775816202164, -0.02080884948372841, 0.051523469388484955, -0.055390920490026474, -0.0062779770232737064, -0.054795313626527786, 0.09854182600975037, 0.053653281182050705, 0.09296106547117233, 0.05966506525874138, 0.010892066173255444, 0.06814730912446976, -0.03380967304110527, 0.00987523328512907, 0.09596896171569824, 0.014747139066457748, 0.0010418444871902466, -0.026271101087331772, -0.02360401675105095, -0.024085449054837227, 0.009656061418354511, 0.031297385692596436, 0.0791836678981781, -0.059805139899253845, -0.023160357028245926, -0.012063592672348022, 0.01624307967722416, -0.03230429068207741]"
3,Wikipedia & Web Search for Afghanistan,"mad Shah Durrani, although Dost Mohammad Khan is sometimes considered to be the founder of the first modern Afghan state. Afghanistan became a buffer state in the Great Game between the British Empire and the Russian Empire. From India, the British attempted to subjugate Afghanistan but were repelled in the First Anglo-Afghan War; the Second Anglo-Afghan War saw a British victory. Following the Third Anglo-Afghan War in 1919, Afghanistan became free of foreign political hegemony, and emerged as the independent Kingdom of Afghanistan in 1926; this monarchy lasted almost half a century. 
Since the late 1970s, Afghanistan's history has been dominated by extensive warfare, including coups, invas","[-0.04675286263227463, 0.04348182678222656, 0.008693145588040352, -0.037448760122060776, -0.030170923098921776, 0.006695533636957407, 0.03864005580544472, 0.018072569742798805, -0.016982903704047203, 0.015761032700538635, -0.0056332312524318695, -0.014190246351063251, 0.05746607109904289, -0.007664370350539684, -0.015199141576886177, 0.026258435100317, -0.0864899680018425, -0.0892934575676918, -0.026582889258861542, -0.044937290251255035, 0.029310211539268494, -0.087677501142025, 0.08791467547416687, -0.045541901141405106, 0.08417300134897232, -0.07208877801895142, 0.09995713084936142, 0.02170150727033615, 0.017291739583015442, -0.05559020861983299, 0.018476705998182297, -0.06227695196866989, -0.0026924472767859697, 0.05958671122789383, -0.07949364930391312, 0.06950921565294266, 0.037309978157281876, 0.0663767084479332, 0.06479036062955856, 0.011085470207035542, 0.0820620134472847, -0.033656779676675797, 0.090867780148983, 0.04887506738305092, -0.005048411898314953, 0.049173757433891296, 0.029516126960515976, 0.015236752107739449, -0.0599488690495491, -0.027005400508642197, 0.1170477643609047, 0.11748471856117249, -0.05457637831568718, -0.08559872955083847, 0.10590615123510361, -0.017869221046566963, -0.03845123201608658, 0.0065289512276649475, -0.026877842843532562, -0.00523360725492239, -0.09352747350931168, 0.018946239724755287, -0.01121998019516468, 0.022260794416069984, -0.04083098843693733, -0.025584600865840912, 0.07380224019289017, -0.045374441891908646, -0.031138554215431213, 0.011618824675679207, 0.02321804314851761, 0.02817479893565178, 0.037333350628614426, -0.015182113274931908, -0.048354774713516235, -0.06188393384218216, -0.004496642388403416, 0.11034257709980011, -0.03623320907354355, 0.05249327793717384, 0.0688248947262764, 0.1081969290971756, 0.03670642152428627, 0.016875257715582848, -0.04447544366121292, -0.050076644867658615, -0.060406431555747986, -0.08970073610544205, 0.014501667581498623, 0.004116803407669067, 0.027477914467453957, -0.04989892244338989, 0.022040268406271935, 0.08398773521184921, 0.10030728578567505, 0.054793525487184525, 0.055900316685438156, 0.06988442689180374, -0.05412141978740692, 0.005990055855363607, -0.012360598891973495, -0.028040725737810135, 0.007613495923578739, -0.01101046521216631, 0.02713235653936863, -0.03920886665582657, -0.07525224983692169, -0.06674167513847351, -0.08324912190437317, -0.00593456020578742, -0.02669791877269745, -0.07278086990118027, 0.0014497670345008373, -0.034946780651807785, 0.030904434621334076, -0.0813850536942482, -0.016074713319540024, 0.03853927180171013, -0.01335742138326168, -0.10005433112382889, 0.0015153028070926666, 0.02290422096848488, 0.014398314990103245, 0.013008007779717445, -0.024697724729776382, 0.06302513182163239, -0.018499797210097313, 0.02582356333732605, -0.04321226477622986, -0.10677595436573029, -0.08007347583770752, 0.038365695625543594, -0.10732884705066681, -0.003423837712034583, 0.06297041475772858, -0.005210802424699068, -0.053078871220350266, -0.009193907491862774, 0.020084679126739502, -0.04101123288273811, -0.05815780162811279, 0.011432123370468616, 0.01238978561013937, -0.02819940075278282, -0.10576280951499939, 0.023385202512145042, 0.06418260931968689, -0.0041754888370633125, -0.09375806897878647, 0.07749861478805542, -0.00967070646584034, -0.1674538254737854, -0.10919079184532166, 0.04052536562085152, 0.08207980543375015, -0.08043650537729263, -0.03227584809064865, 0.06564825773239136, 0.04992616921663284, -0.04040493816137314, -0.07786591351032257, -0.03834494575858116, -0.009878980927169323, -0.00855735968798399, -0.00033374648774042726, -0.022026577964425087, -0.0407755970954895, -0.03464312478899956, 0.08074819296598434, -0.0005419882945716381, -0.0198543481528759, -0.036797236651182175, 0.043673112988471985, 0.014758304692804813, 0.01286773569881916, -0.03245008736848831, -0.07488860189914703, -0.0413987934589386, -0.0166932400316, 0.03506157919764519, 0.06630223244428635, -0.05069669336080551, -0.06970128417015076, 0.006153629161417484, 0.04194614291191101, 0.06503478437662125, -0.012029643170535564, 0.11960043013095856, -0.03688983619213104, -0.009259122423827648, -0.03486744686961174, 0.07313168793916702, -0.01268084067851305, -0.053866174072027206, -0.027533074840903282, 0.03357928246259689, 0.02981465496122837, 0.11456380039453506, 0.06609734892845154, -0.047597046941518784, -0.10459525138139725, 0.007831064984202385, -0.04869828745722771, 0.04024540260434151, 0.007490378804504871, -0.03339724987745285, 0.023239169269800186, -0.04377623647451401, -0.026512576267123222, 0.047125041484832764, 0.11044439673423767, -0.00215030531398952, -0.07358209043741226, -0.019448313862085342, 0.05359407886862755, 0.01624663546681404, -0.009972156025469303, 0.01659235544502735, -0.10673245787620544, 0.043648719787597656, 0.029835062101483345, -0.0074316770769655704, 0.0027710464783012867, -0.02428819239139557, 0.041751716285943985, -0.0380396731197834, -0.018995152786374092, 0.0019757712725549936, -0.0012394231744110584, 0.031604014337062836, 0.03305201604962349, -0.005726696457713842, -0.06222594529390335, 0.07698864489793777, -0.001354313688352704, -0.014502533711493015, 0.08625982701778412, 0.024610016494989395, 0.019694389775395393, -0.035023223608732224, 0.05309149995446205, -0.08964788168668747, -0.021758684888482094, 0.012968803755939007, 0.01669766940176487, -0.0011262475745752454, -0.04568153992295265, 0.04745850712060928, 0.00023156845418270677, 0.011207908391952515, -0.02779219299554825, 0.03664226084947586, 0.009825303219258785, -0.040865566581487656, 0.09619945287704468, -0.025776192545890808, -0.022965196520090103, 0.023943360894918442, 0.07778056710958481, 0.00505596399307251, 0.032495953142642975, 0.002928813686594367, -0.011749004013836384, 0.03554771840572357, 0.05745932087302208, 0.022411048412322998, 0.010819288901984692, -0.014894504100084305, 0.02041660249233246, 0.07178038358688354, -0.016474677249789238, 0.038412973284721375, -0.006772933527827263, -0.10454346239566803, -0.03771238774061203, 0.013225763104856014, 0.019627662375569344, -0.10638033598661423, 0.04476805031299591, -0.01732547953724861, -0.011778457090258598, 0.036083731800317764, 0.08352911472320557, -0.05767257884144783, -0.08118536323308945, -0.07052788138389587, 0.08028283715248108, 0.009160807356238365, -0.10980674624443054, 0.019608594477176666, -0.024061551317572594, 0.011139847338199615, 0.048857346177101135, 0.03518873453140259, -0.013695884495973587, -0.005853429436683655, -0.06166897341609001, -0.006502071861177683, -0.0042475322261452675, 0.11665181070566177, 0.048703961074352264, -0.0486113540828228, -0.06759562343358994, 0.07746247947216034, 0.016323568299412727, 0.09751560539007187, -0.07750830799341202, -0.00985542219132185, -0.03438124433159828, 0.01654641516506672, 0.026785146445035934, -0.003956364002078772, 0.007770203985273838, 0.0011520646512508392, 0.04061780497431755, 0.022662116214632988, 0.017878830432891846, 0.0535622276365757, 0.01116714347153902, -0.04136040434241295, -0.029206471517682076, -0.0005583608290180564, -0.004871214274317026, 0.0275424737483263, -0.03010498732328415, 0.13172386586666107, -0.033233486115932465, -0.046343740075826645, -0.05269857496023178, -0.026970479637384415, -0.041062191128730774, 0.06179463490843773, -0.08054260164499283, 0.009572360664606094, -0.051867347210645676, 0.015263302251696587, -0.05449540168046951, 0.009168380871415138, -0.01856016367673874, -0.017879342660307884, 0.10548704117536545, -0.024585125967860222, -0.029020637273788452, 0.040573570877313614, 0.05247573181986809, 0.05729691684246063, 0.006743262056261301, -0.08319173753261566, 0.027165327221155167, 0.02275383472442627, 0.022241519764065742, -0.023484041914343834, -0.07164657860994339, -0.03939417377114296, 0.010740654543042183, 0.04506180062890053, -0.029058191925287247, -0.008788936771452427, 0.08260238915681839, -0.028350796550512314, -0.008126071654260159, 0.007162786088883877, 0.05273551493883133, 0.06093360856175423, 0.04201680049300194, 0.07384838163852692, -0.023522647097706795, 0.015094858594238758, -0.007582528050988913, -0.04484476521611214, 0.1314944624900818, 0.0382780097424984, 0.001145970425568521, 0.0011455230414867401, 0.0407990962266922, -0.022359196096658707, -0.02824932523071766, -0.027347905561327934, -0.07167169451713562, -0.006948833353817463, -0.049277130514383316, -0.021644989028573036, 0.06150803714990616, -0.009116406552493572]"
4,Wikipedia & Web Search for Afghanistan,"ions, insurgencies, and civil wars. This period of instability began in 1973 when King Zahir Shah was overthrown by his cousin Mohammad Daoud Khan, ending the monarchy and resulting in the establishment of the Republic of Afghanistan. Daoud Khan became the President of Afghanistan, ruling as an autocrat. In 1978 the conflict became a violent one when a communist revolution overthrew and assassinated Daoud Khan, establishing the socialist Democratic Republic of Afghanistan. Subsequent infighting prompted the Soviet Union to invade Afghanistan in 1979. 
The mujahideen won against the Soviets in the Soviet–Afghan War, leading to the Soviets' withdrawal in 1989. The ensuing civil war overthrew t","[-0.07692862302064896, 0.05846242979168892, -0.03136088699102402, 0.04490204155445099, -0.008885566145181656, 0.0746176466345787, 0.05959118530154228, 0.013220344670116901, 0.038020677864551544, 0.07422524690628052, 0.00982319563627243, 0.07949818670749664, 0.08196786046028137, -0.054430361837148666, -0.015920370817184448, 0.009660886600613594, -0.12447743862867355, -0.07209558039903641, -0.028702573850750923, -0.0639766976237297, -0.023083919659256935, -0.04604865610599518, 0.03630170226097107, -0.005335590336471796, 0.09431211650371552, -0.050004709511995316, 0.09731540828943253, -0.03170735761523247, -0.025891656056046486, 0.01329303439706564, -0.02519860863685608, -0.02562602050602436, 0.07067025452852249, 0.042834971100091934, 0.03898076340556145, 0.0018628559773787856, 0.04856490343809128, 0.07920466363430023, 0.018889201804995537, 0.002967527834698558, 0.06380116194486618, -0.00978849921375513, 0.09285616129636765, 0.01539682224392891, 0.05222565308213234, 0.05915243551135063, 0.014335660263895988, 0.015577289275825024, -0.050077490508556366, -0.005029444582760334, 0.0733814388513565, 0.10740416496992111, 0.002700494835153222, -0.087412528693676, 0.05227971822023392, -0.09445317089557648, 0.00213344837538898, 0.053647562861442566, -0.0020861022640019655, -0.03333164006471634, -0.05050621181726456, 0.10173703730106354, -0.022578606382012367, -0.013821893371641636, -0.04133305326104164, -0.05850078538060188, 0.13403967022895813, -0.10062949359416962, 0.017121732234954834, 0.07561059296131134, -0.019925331696867943, 0.03865456208586693, -0.03759307786822319, -0.08969622105360031, -0.07463399320840836, -0.08083951473236084, 0.008884291164577007, 0.07520747184753418, -0.023411326110363007, 0.03502225875854492, 0.10690444707870483, 0.07490939646959305, 0.05518759787082672, 0.0004722820594906807, -0.04855094477534294, -0.06801163405179977, -0.05686099827289581, -0.017066095024347305, 0.050604525953531265, -0.0017207394121214747, 0.011031445115804672, 0.07418448477983475, 0.04579460620880127, 0.017565729096531868, 0.07707739621400833, 0.028927676379680634, 0.04184754192829132, 0.0481090247631073, 0.04093446955084801, 0.006361352279782295, -0.003122476162388921, -0.0056380522437393665, 0.009362381882965565, 0.008769236505031586, 0.0034206071868538857, 0.0022798310965299606, -0.026735667139291763, -0.06479907035827637, -0.1114979088306427, 0.018498869612812996, -0.015044935047626495, -0.08160661906003952, 0.04754871502518654, -0.02133987471461296, 0.03264649212360382, -0.0027012189384549856, -0.059749528765678406, 0.033514175564050674, -0.1298142820596695, -0.009644492529332638, -0.011498123407363892, -0.02189973182976246, 0.003823770908638835, 0.018306493759155273, -0.004529581870883703, 0.04704957827925682, -0.021959001198410988, 0.03291519731283188, -0.028374752029776573, -0.18155251443386078, -0.12198939919471741, 0.026201976463198662, -0.10245577991008759, 0.04085736721754074, 0.07746677845716476, -0.0580560527741909, -0.014501417987048626, 0.01015261560678482, 0.037544380873441696, -0.07264917343854904, -0.03905913606286049, -0.08033562451601028, 0.011776097118854523, -0.027017908170819283, -0.08854319155216217, 0.011026658117771149, 0.04594291374087334, -0.011750048957765102, -0.05807984992861748, 0.010261260904371738, 0.06942077726125717, -0.10266393423080444, 0.023926643654704094, 0.03731588274240494, 0.011990711092948914, 0.001546696643345058, 0.008117539808154106, 0.057797353714704514, 0.06045200303196907, 0.0014304646756500006, -0.04544908180832863, -0.0383245050907135, -0.028381071984767914, -0.024800732731819153, 0.022894276306033134, -0.02200227417051792, -0.003483865177258849, -0.06412851065397263, 0.030983787029981613, 0.08009622991085052, -0.02630387246608734, -0.01988845318555832, 0.07595252245664597, -0.015465565957129002, 0.024774380028247833, -0.023791572079062462, -0.03927118703722954, -0.012761930003762245, -0.04073204845190048, 0.05799208953976631, 0.056285157799720764, -0.0445556715130806, -0.0297502800822258, 0.03254639357328415, 0.05645907670259476, -0.032165754586458206, -0.03500773385167122, 0.09291452169418335, 0.01799044758081436, -0.052053555846214294, -0.04576219618320465, 0.006855257321149111, -0.028108350932598114, -0.09334249794483185, -0.008271949365735054, 0.038149069994688034, 0.029296552762389183, 0.11040636152029037, 0.07029397785663605, -0.03998471796512604, -0.13372834026813507, -0.01282166875898838, -0.040537599474191666, -0.0573602132499218, -0.004247500095516443, -0.05833252891898155, -0.07961348444223404, 0.014222764410078526, 0.0033127961214631796, -0.014047900214791298, 0.06805633008480072, 0.008144349791109562, -0.07557911425828934, 0.007383619900792837, 0.043136801570653915, -0.03348230943083763, -0.03810245171189308, -0.026282107457518578, -0.0740329921245575, -0.01007433608174324, 0.037918612360954285, 0.004568875767290592, -0.014553871005773544, -0.011806435883045197, 0.06353798508644104, -0.04024793952703476, -0.052907492965459824, 0.005979812704026699, 0.06724212318658829, 0.05974426120519638, -0.010819260962307453, 0.011452934704720974, -0.023007851094007492, 0.02433563582599163, 0.013857166282832623, -0.03810649737715721, 0.036061372607946396, 0.04779084399342537, 0.022029200568795204, -0.040787696838378906, 0.08493410795927048, -0.05933990329504013, 0.017439233139157295, 0.04026159644126892, 0.056987736374139786, -0.05547923594713211, -0.06769537180662155, 0.04522404074668884, 0.05255313962697983, -0.001896182424388826, -0.06361185759305954, -0.015481067821383476, 0.008379206992685795, 0.05003759637475014, 0.0447738952934742, -0.0265287384390831, 0.015136834233999252, 0.03855070471763611, 0.07754146307706833, -0.001305125653743744, 0.009722004644572735, -0.00037529002293013036, -0.026845159009099007, -0.05783780291676521, 0.049904923886060715, -0.0476815365254879, 0.07321276515722275, 0.050910137593746185, 0.050591398030519485, 0.11430075019598007, 0.030476445332169533, 0.07923588156700134, 0.038715753704309464, -0.08810308575630188, -0.025185566395521164, 0.043617747724056244, 0.0313706248998642, -0.07035510987043381, 0.06094983220100403, 0.034448109567165375, -0.010243113152682781, -0.021850883960723877, 0.05417453497648239, -0.05815612152218819, -0.08447719365358353, -0.03730986267328262, 0.007334889378398657, -0.007620478514581919, -0.11242746561765671, 0.011146113276481628, -0.031272757798433304, -0.03569395840167999, 0.08770931512117386, -0.017282631248235703, 0.018618382513523102, -0.023392045870423317, -0.06983458995819092, 0.05495205894112587, -0.037337109446525574, 0.09064050018787384, 0.0139783825725317, -0.008259995840489864, -0.004942645318806171, -0.008227557875216007, -0.07017605751752853, 0.10608763247728348, -0.007650676183402538, -0.007266501430422068, -0.06077107787132263, 0.05302760750055313, -0.04340527206659317, -0.06740562617778778, 0.01889597624540329, -0.036747269332408905, 0.05788569897413254, -0.06801991909742355, 0.008802064694464207, 0.05888465419411659, 0.027415011078119278, -0.07697770744562149, 0.007830494083464146, -0.005769067909568548, -0.017278004437685013, 0.016499871388077736, -0.019667308777570724, 0.07816983759403229, 0.04016801342368126, -0.021235957741737366, 0.005639201030135155, -0.028024552389979362, -0.0012684856774285436, -0.013330119661986828, -0.02036832645535469, -0.0059937844052910805, -0.05395820736885071, -0.006877757143229246, -0.004221923649311066, -0.02911957912147045, -0.006405136547982693, -0.0869528129696846, 0.04679066687822342, 0.020048238337039948, -0.09789605438709259, -0.001663057948462665, -0.0018280526855960488, 0.05682932212948799, -0.003227424807846546, -0.06442529708147049, -0.026039863005280495, -0.016874199733138084, 0.031460151076316833, -0.04283096268773079, -0.03269753232598305, -0.08198557794094086, -0.028744051232933998, 0.03456457331776619, 0.013243325985968113, -0.0072729336097836494, 0.04693102091550827, -0.09465096890926361, 0.019930656999349594, 0.07592087984085083, 0.0639084205031395, 0.06405801326036453, -0.012192162685096264, 0.04567892104387283, -0.02609029971063137, 0.05052939057350159, -0.00747112138196826, -0.041256342083215714, 0.10530395060777664, -0.01251488458365202, 0.016844764351844788, -0.07241183519363403, 0.09501484036445618, 0.019129451364278793, -0.01870904117822647, 0.004588834010064602, -0.019153239205479622, -0.02828245796263218, -0.009196124970912933, 0.03662651404738426, -0.006528601516038179, -0.035148195922374725]"
5,Wikipedia & Web Search for Afghanistan,"he socialist republic and established the Islamic State of Afghanistan through the Peshawar Accord, which could not remain in force and resulted in a second civil war between mujahideen factions in 1992. The Taliban controlled most of the country by 1996, but their Islamic Emirate of Afghanistan received little international recognition before its overthrow in the 2001 US invasion of Afghanistan. The Taliban returned to power in 2021 after capturing Kabul, ending the 2001–2021 war. The Taliban government is widely unrecognized by the international community due to reported violations of human rights in Afghanistan, particularly regarding the treatment of women by the Taliban.
Afghanistan is ","[-0.059053245931863785, 0.09037872403860092, -0.03962511196732521, 0.01074886228889227, -0.034521229565143585, 0.029904557392001152, 0.016172729432582855, -0.01282963901758194, 0.013051824644207954, 0.04611586406826973, -0.0023459172807633877, 0.08022785186767578, 0.062412079423666, -0.01996871456503868, 0.013989723287522793, 0.009314714930951595, -0.10805031657218933, -0.04818183556199074, 0.013751232996582985, -0.04480922222137451, 0.010118864476680756, -0.02982930839061737, 0.08552755415439606, -0.03025723621249199, 0.09465739130973816, -0.08292895555496216, 0.10803616046905518, 0.025903377681970596, 0.0005931074847467244, -0.0263822078704834, -0.01730477809906006, -0.03402106091380119, -0.031594667583703995, 0.05085940659046173, -0.013299780897796154, 0.040921811014413834, 0.07941063493490219, 0.04730554297566414, 0.02635272592306137, 0.020594002678990364, 0.05218348279595375, 0.003524423111230135, 0.05388135090470314, 0.023331686854362488, 0.017451060935854912, 0.023523755371570587, -0.0427323654294014, -0.03403381630778313, -0.0671021118760109, 0.016571413725614548, 0.13073359429836273, 0.14439664781093597, -0.0031559113413095474, -0.038508880883455276, 0.12294646352529526, -0.051616061478853226, -0.05680573359131813, 0.09665869921445847, 0.0029139688704162836, -0.02913743443787098, -0.06972578167915344, 0.07217695564031601, -0.06246790289878845, -0.03220534324645996, -0.07272213697433472, -0.05571268871426582, 0.04113367572426796, -0.09773080796003342, -0.008941227570176125, 0.034083906561136246, 0.028446830809116364, 0.06374268233776093, 0.02401762455701828, -0.043176498264074326, -0.0501265823841095, -0.10853628814220428, -0.030002838000655174, 0.10498914867639542, -0.03961290419101715, 0.0654662474989891, 0.10382053256034851, 0.1326327621936798, 0.05158034339547157, 0.015155643224716187, -0.044890038669109344, -0.04021076112985611, -0.08820860087871552, -0.018205666914582253, 0.03463231772184372, -0.02386554144322872, 0.044171497225761414, 0.0010766505729407072, 0.008801056072115898, 0.006764805875718594, 0.08825577795505524, -0.013856561854481697, 0.028712982311844826, 0.061228860169649124, -0.07899988442659378, -0.04856638237833977, -0.026813847944140434, -0.020581107586622238, -0.007091898005455732, -0.012413166463375092, -0.0012052356032654643, 0.03527650982141495, 0.004235208500176668, -0.06081991270184517, -0.09500367194414139, 0.041180163621902466, -0.004393018316477537, -0.03383246064186096, -0.010607393458485603, -0.012395764701068401, 0.04810677841305733, -0.013180001638829708, -0.10471119731664658, 0.028234148398041725, -0.08366122096776962, -0.026165513321757317, -0.014508353546261787, -0.014936995692551136, 0.016800224781036377, 0.0008019540691748261, -0.029265552759170532, 0.10476434230804443, 0.05068138614296913, 0.08798395842313766, -0.030960753560066223, -0.09715664386749268, -0.11645495146512985, 0.014450157061219215, -0.11436281353235245, 0.01931268908083439, 0.14774090051651, -0.06376747786998749, -0.058093320578336716, 0.02469128742814064, 0.014662135392427444, 0.01137616578489542, 0.03345007821917534, -0.0034590496215969324, -0.024350345134735107, 0.014680921100080013, -7.133912004064769e-05, 0.05866033211350441, 0.10299013555049896, 0.009224221110343933, -0.02783852256834507, 0.0607551708817482, 0.07757540047168732, -0.11950542032718658, 0.002892494900152087, -0.001401942572556436, 0.07376331090927124, -0.006901188753545284, -0.016429802402853966, 0.03149339556694031, 0.03330346569418907, 0.04967863857746124, -0.06161392107605934, -0.07331452518701553, 0.018262973055243492, 0.019319919869303703, -0.003762476611882448, -0.03067086450755596, -0.04045026749372482, -0.08300980180501938, 0.04874759167432785, 0.044933807104825974, -0.03399833291769028, 0.005326461978256702, 0.05293979495763779, 0.002061628270894289, -0.002242584014311433, -0.05447579547762871, 0.004443413577973843, -0.02913817949593067, 0.01533442921936512, 0.04622579738497734, -0.01887943409383297, -0.07173649221658707, -0.05905812606215477, 0.0009618196054361761, 0.006061110645532608, 0.035421326756477356, 0.03766068071126938, 0.10674110800027847, 0.006308572832494974, -0.006095315795391798, -0.047720782458782196, 0.03828811272978783, -0.0031059407629072666, -0.03969457745552063, -0.016646133735775948, -0.025853894650936127, 0.033183299005031586, 0.06217474117875099, 0.04320633411407471, -0.04711555689573288, -0.12380695343017578, 0.007367333397269249, -0.027485745027661324, -0.03409869596362114, -0.0070053827948868275, -0.017179446294903755, -0.034596316516399384, -0.024323344230651855, -0.026479551568627357, -0.011375284753739834, 0.14640411734580994, 0.01755250059068203, -0.0991763174533844, 0.019278740510344505, 0.009863252751529217, 0.002484824974089861, 0.02233331836760044, 0.04290103167295456, -0.07494446635246277, 0.0346098355948925, -0.00394255667924881, 0.012602988630533218, 0.004981223959475756, -0.009528130292892456, 0.020080558955669403, -0.044511329382658005, 0.029903272166848183, -0.020847881212830544, -0.0015750863822177052, 0.006943641696125269, -0.005359870381653309, 0.0005449800519272685, -0.017732447013258934, 0.05571533739566803, 0.04289615899324417, 0.016204629093408585, 0.050447337329387665, -0.015149053186178207, 0.03954514116048813, -0.04259738326072693, 0.004231786821037531, -0.07333152741193771, 0.015149744227528572, -0.0054516238160431385, 0.06242634356021881, -0.04101886227726936, -0.04725705832242966, 0.026442354544997215, -0.005262179300189018, 0.007780928630381823, -0.028416570276021957, -0.00892079621553421, 0.01815701276063919, -0.059557486325502396, 0.07208622246980667, -0.05528164654970169, -0.05848076939582825, 0.04498688504099846, 0.10531974583864212, -0.06093578785657883, -0.028908228501677513, 0.06723446398973465, 0.0023263725452125072, 0.029262034222483635, 0.03732839599251747, 0.0032368286047130823, 0.023921584710478783, -0.041727326810359955, -0.002531563863158226, 0.06243005767464638, 0.02961454913020134, -0.017579060047864914, 0.06678608804941177, -0.12825150787830353, -0.02783109061419964, 0.05497341603040695, -0.034679971635341644, -0.09171867370605469, 0.04097389057278633, 0.048327747732400894, -0.008573328144848347, 0.026276756078004837, 0.09702850133180618, -0.08112477511167526, -0.0832538977265358, -0.031503207981586456, 0.05610941722989082, 0.02887743152678013, -0.05840993672609329, 0.0397467277944088, 0.0009282294195145369, -0.06810587644577026, 0.049802929162979126, 0.05088381841778755, -0.021340344101190567, -0.017243782058358192, -0.07749824225902557, 0.015235218219459057, 0.007151640020310879, 0.06758974492549896, -0.001964760245755315, -0.0014971880009397864, -0.01797761768102646, 0.03747351095080376, 0.018611395731568336, 0.07497522234916687, -0.12571242451667786, -0.024541180580854416, -0.03289705514907837, -0.027587812393903732, 0.05423779785633087, -0.06169276311993599, -0.017815381288528442, -0.0016275749076157808, 0.08452063798904419, -0.0071852244436740875, 0.005890449974685907, 0.020325645804405212, 0.02839077077805996, -0.02280404604971409, -0.0038897863123565912, -0.0064287795685231686, -0.03742159157991409, 0.051810458302497864, -0.002062108600512147, 0.1031729131937027, 0.04701649770140648, -0.06396222114562988, -0.02837425284087658, -0.016210222616791725, -0.040640898048877716, 0.04651353508234024, -0.06935591250658035, -0.05245102196931839, -0.07355332374572754, -0.027606071904301643, -0.03609776869416237, -0.04475991800427437, -0.0023603232111781836, -0.05862044543027878, 0.08534171432256699, -0.044872820377349854, -0.07063329964876175, -0.009598786942660809, -0.010605094023048878, 0.06621953099966049, 0.017165301367640495, 0.008962648920714855, 0.00365056493319571, 0.03731224685907364, 0.050719887018203735, -0.063077911734581, -0.007427139673382044, -0.0010520670330151916, -0.03260131552815437, 0.012532832100987434, 0.020184962078928947, 0.0033900009002536535, 0.041976965963840485, -0.05858087167143822, -0.01985815167427063, 0.07423342764377594, 0.10838451236486435, 0.07156010717153549, -0.03322434052824974, 0.039301835000514984, -0.018262483179569244, 0.018815534189343452, -0.03751860558986664, -0.006853276863694191, 0.09698256850242615, 0.014440828934311867, -0.037879738956689835, -0.023313583806157112, 0.06043435260653496, -0.04202021285891533, -0.016960307955741882, -0.059568580240011215, -0.049023501574993134, -0.05495559424161911, -0.05444737896323204, -0.06350734829902649, -0.0005621336749754846, -0.008662286214530468]"
6,Wikipedia & Web Search for Afghanistan,"rich in natural resources, including lithium, iron, zinc, and copper. It is the third largest producer of both saffron and cashmere. The country is a member of the South Asian Association for Regional Cooperation and a founding member of the Organization of Islamic Cooperation. Due to the effects of war in recent decades, the country has dealt with high levels of terrorism, poverty, and child malnutrition. Afghanistan remains among the world's least developed countries with its economic output per capita among the lowest of any country.

Etymology
Some scholars suggest that the root name Afghān is derived from the Sanskrit word Aśvakan, which was the name used for ancient inhabitants of the ","[-0.029516953974962234, -0.02259964309632778, -0.004247789271175861, 0.04106930270791054, 0.0972348153591156, -0.05296538397669792, 0.015184224583208561, -0.016564881429076195, -0.02467229776084423, -0.013936370611190796, 0.04148801043629646, -0.029755380004644394, 0.05678202584385872, -0.028164105489850044, -0.06030794978141785, -0.039820119738578796, -0.01621250994503498, -0.0860346257686615, 0.07551926374435425, -0.01312620472162962, 0.005831941030919552, -0.07832527160644531, 0.09994150698184967, -0.009061096236109734, 0.11246215552091599, 0.047845110297203064, 0.023924479261040688, -0.08690263330936432, -0.016816964372992516, -0.01721086911857128, 0.020296083763241768, -0.0016478002071380615, 0.027478162199258804, 0.03827375918626785, -0.0009594669099897146, 0.024599526077508926, 0.0035495406482368708, 0.025545021519064903, 0.033857595175504684, 0.1089017391204834, -0.0032542904373258352, 0.014904064126312733, 0.08527462929487228, 0.004819597117602825, -0.01330698560923338, -0.02051214873790741, 0.017757579684257507, -0.031511351466178894, -0.029622869566082954, 0.029309289529919624, 0.018379205837845802, 0.021484587341547012, -0.04167747497558594, -0.028974926099181175, 0.00031698786187916994, -0.034760233014822006, 0.04155329614877701, 0.003219473408535123, -0.06276097893714905, 0.024969954043626785, 0.07505717873573303, -0.007562587503343821, 0.010438005439937115, -0.07851845026016235, 0.02501998282968998, -0.09178079664707184, 0.09707393497228622, 0.0178325604647398, -0.12236209213733673, -0.02488132193684578, 0.07313159853219986, -0.06935941427946091, -0.06240931898355484, -0.04385700076818466, -0.012632619589567184, -0.03367827832698822, 0.042198553681373596, 0.07708350569009781, -0.011364993639290333, 0.019378961995244026, 0.05014893040060997, 0.11644361913204193, 0.016581881791353226, -0.009776599705219269, -0.024257274344563484, 0.044447749853134155, 0.03302319720387459, -0.021056169643998146, 0.10354698449373245, -0.021003378555178642, 0.059903278946876526, 0.11110131442546844, 0.011834675446152687, 0.009134655818343163, 0.01505295466631651, 0.07942087203264236, 0.03360723331570625, -0.0024991976097226143, -0.010818228125572205, 0.02189297415316105, 0.03350217267870903, 0.040678318589925766, 0.0024819551035761833, -0.054051127284765244, -0.021932357922196388, -0.00380232953466475, -0.0331147238612175, 0.0059365625493228436, 0.0034959937911480665, 0.045394305139780045, -0.053347401320934296, 0.033156052231788635, -0.19421322643756866, 0.004989813547581434, -0.07492553442716599, -0.01477658748626709, 0.015569327399134636, 0.002136036055162549, 0.0110559593886137, -0.02362752892076969, -0.053763389587402344, 0.01613912545144558, 0.04125010594725609, 0.0066659157164394855, 0.02911226637661457, 0.0049661570228636265, -0.10537657886743546, 0.040678299963474274, -0.04905473440885544, -0.007504072040319443, -0.03564536198973656, 0.01606162078678608, -0.16830357909202576, 0.0210261270403862, -0.027734439820051193, 0.010492011904716492, -0.049431733787059784, -0.009856359101831913, -0.06277095526456833, 0.029255306348204613, -0.017556067556142807, 0.019477475434541702, 0.07624071836471558, -0.02693268656730652, -0.046686552464962006, 0.013006942346692085, 0.04111672565340996, -0.026722950860857964, -0.029731161892414093, 0.05971028655767441, 0.015253966674208641, -0.0701531395316124, 0.055115602910518646, 0.05922381579875946, 0.092069610953331, -0.026689760386943817, 0.0128862876445055, 0.02738008461892605, 0.1424071043729782, 0.04514920338988304, -0.07303309440612793, -0.04432015120983124, -0.01114185992628336, -0.013723618350923061, -0.1328865885734558, -0.0033833521883934736, -0.12432381510734558, 0.01424875296652317, -0.01339678093791008, -0.04856452718377113, -0.00813149381428957, 0.023912053555250168, 0.06200588494539261, 0.0552297905087471, 0.02056356519460678, -0.10134163498878479, -0.057227279990911484, -0.05528899282217026, -0.07317481935024261, 0.05112183094024658, 0.0435517281293869, 0.007911952212452888, 0.02829761803150177, 0.008457685820758343, 0.03508876636624336, 0.01566038466989994, 0.032237570732831955, -0.039271313697099686, -0.07792472839355469, -0.09509909152984619, -0.01909884810447693, 0.040890976786613464, 0.06944948434829712, -0.049306731671094894, -0.019013116136193275, -0.031274739652872086, -0.00904329027980566, 0.052199576050043106, 0.03462143614888191, -0.056383077055215836, -0.02885546162724495, 0.04513678327202797, -0.02786938101053238, 0.03136482834815979, 0.01478030625730753, -0.047620367258787155, 0.04059470817446709, -0.004131740890443325, -0.008655144833028316, 0.01844228245317936, 0.02423505298793316, -0.00893407966941595, -0.10984835773706436, 0.04231422021985054, -0.013888051733374596, 0.014776642434298992, -0.017805758863687515, -0.06578581035137177, -0.035617757588624954, 0.03555327281355858, -0.022628288716077805, -0.03638194873929024, -0.050944797694683075, -0.07216273993253708, -0.02184773050248623, 0.005965863354504108, 0.03831370174884796, 0.05486707389354706, -0.03403813764452934, -0.014912783168256283, -0.054613374173641205, -0.05570625141263008, 0.004079864826053381, 0.08528340607881546, -0.006739804055541754, -0.09691289067268372, 0.06568606942892075, -0.017619602382183075, 0.03578733280301094, 0.05581820383667946, 0.049122780561447144, -0.0025048889219760895, 0.03908054530620575, -0.0036397213116288185, -0.02912457101047039, -0.0007320482982322574, 0.039661064743995667, 0.06696432828903198, -0.11053920537233353, -0.03642769902944565, -0.05773705989122391, -0.11195726692676544, -0.03813238814473152, 0.013222702778875828, 0.13461440801620483, 0.06987326592206955, -0.026598623022437096, 0.023519324138760567, 0.06631790101528168, -0.07538603991270065, -0.034466832876205444, -0.03470955416560173, -0.0375024639070034, -0.0047969273291528225, 0.04259851574897766, 0.023971818387508392, 0.07330325245857239, 0.06516619771718979, -0.034532275050878525, -0.05562066286802292, -0.0037255166098475456, 0.023245375603437424, 0.0052732317708432674, -0.04895242303609848, 0.12147729098796844, 0.029056366533041, 0.06728920340538025, -0.11479678750038147, 0.07292796671390533, 0.024370377883315086, 0.011379734613001347, 0.06052118167281151, -0.012798364274203777, -0.053961094468832016, 0.053131572902202606, -0.04970500245690346, 0.0736461728811264, -0.031099004670977592, -0.047405242919921875, 0.09107007831335068, -0.007718747016042471, 0.0805356428027153, 0.01745915226638317, 0.06822144985198975, 0.04651389271020889, -0.028324149549007416, 0.032047469168901443, 0.011011261492967606, -0.07316163927316666, 0.12169257551431656, -0.03784366324543953, 0.012061540968716145, 0.06319399923086166, -0.05439057573676109, -0.034168727695941925, 0.06306011974811554, -0.006009632721543312, -0.006168323568999767, -0.001797034521587193, -0.039031509310007095, -0.020387476310133934, -0.05352405831217766, 0.08027422428131104, -0.0416792631149292, -0.026742715388536453, 0.04630855470895767, -0.01925809681415558, 0.08548995107412338, 0.024432115256786346, -0.05401892587542534, -0.009147778153419495, -0.033290795981884, -0.029341159388422966, 0.09483589977025986, -0.06788626313209534, 0.057253073900938034, 0.019307686015963554, 0.005059711169451475, 0.07464051991701126, 0.05286354199051857, -0.038040731102228165, 0.050412073731422424, -0.07302097231149673, -0.0049714697524905205, -0.04746643453836441, -0.026217736303806305, -0.09537602216005325, 0.03450893983244896, -0.036083221435546875, -0.05660936236381531, 0.06803597509860992, 0.048512354493141174, 0.06276334077119827, -0.014097717590630054, 0.0037107092794030905, -0.016868319362401962, 0.0763549655675888, 0.014548774808645248, 0.023791074752807617, -0.04323017597198486, -0.0054043191485106945, -0.04989637807011604, -0.04092489182949066, -0.06845005601644516, -0.013227623887360096, 0.039463918656110764, 0.0013493470614776015, -0.03302919119596481, 0.004275357350707054, -0.034621600061655045, -0.009367670863866806, 0.0002801977680064738, -0.012922157533466816, 0.03340865299105644, 0.010019935667514801, -0.011167344637215137, -0.0999145433306694, 0.030385753139853477, 0.010433156043291092, 0.0030189945828169584, 0.050338149070739746, 0.014760410413146019, 0.0371406152844429, 0.038961634039878845, -0.0675254687666893, 0.002276813378557563, -0.020569786429405212, 0.000764235039241612, -0.018222279846668243, -0.03874926641583443, -0.01501194667071104, -0.103980652987957, 0.09489420056343079, 0.035937532782554626]"
7,Wikipedia & Web Search for Afghanistan,"Hindu Kush. Aśvakan literally means ""horsemen"", ""horse breeders"", or ""cavalrymen"" (from aśva, the Sanskrit and Avestan words for ""horse"").
Historically, the ethnonym Afghān was used to refer to ethnic Pashtuns. The Arabic and Persian form of the name, Afġān, was first attested in the 10th-century geography book Hudud al-'Alam. The last part of the name, ""-stan"", is a Persian suffix meaning ""place of"". Therefore, ""Afghanistan"" translates to ""land of the Afghans"", or ""land of the Pashtuns"" in a historical sense. According to the third edition of the Encyclopaedia of Islam:

The name Afghanistan (Afghānistān, land of the Afghans / Pashtuns, afāghina, sing. afghān) can be traced to the early eig","[0.04738816246390343, 0.07408437877893448, -0.03998995199799538, 0.08452628552913666, -0.0712989792227745, -0.07192277908325195, 0.04152776300907135, 0.005363536532968283, 0.04025145620107651, -0.07326807826757431, 0.019025906920433044, -0.08305983990430832, 0.0850132405757904, -0.045802850276231766, 0.0031296550296247005, -0.016964739188551903, -0.0301408339291811, -0.014374453574419022, 0.06682734936475754, -0.08207853138446808, 0.03507009521126747, 0.05262613669037819, 0.04405433312058449, -0.0379006452858448, 0.07998952269554138, -0.13442067801952362, 0.06869709491729736, -0.03814459592103958, 0.028333542868494987, 0.003955650143325329, 0.008429172448813915, -0.009194953367114067, 0.003421821165829897, 0.0643063560128212, -0.13276919722557068, 0.0823315754532814, 0.030953679233789444, 0.06776639074087143, 0.023651061579585075, 0.009865453466773033, -0.029705630615353584, -0.03517906367778778, 0.013928191736340523, -0.021866168826818466, 0.02976354770362377, 0.07323506474494934, -0.08443262428045273, -0.02286706492304802, -0.043865349143743515, 0.09760177135467529, -0.023660972714424133, 0.01725204661488533, -0.06232646852731705, 0.021240172907710075, 0.03193547576665878, -0.06350519508123398, 0.03973233327269554, 0.026960808783769608, -0.06587692350149155, 0.03276170417666435, -0.01979180984199047, 0.017388012260198593, -0.02162645384669304, 0.04204211384057999, -0.13948224484920502, -0.10250208526849747, 0.02163856104016304, 0.006053555756807327, -0.0501181036233902, 0.017684761434793472, 0.02435430884361267, 0.01009995024651289, 0.04334107041358948, -0.004103116691112518, -0.030787084251642227, 0.017110634595155716, -0.0424170047044754, 0.039308998733758926, -0.03700827807188034, -0.054926469922065735, 0.02608513832092285, 0.1278465837240219, -0.027385970577597618, -0.03976662456989288, 0.055244430899620056, 0.035714659839868546, -0.059482183307409286, -0.05035897716879845, -0.00010105910041602328, 0.073252834379673, 0.021250687539577484, -0.09311400353908539, 0.06241271644830704, 0.02520924247801304, 0.12140175700187683, -0.10473468899726868, 0.01656171679496765, -0.010818143375217915, -0.029329825192689896, 0.054297514259815216, 0.01631906069815159, 0.032791800796985626, -0.03372764587402344, -0.005211215931922197, -0.043846964836120605, -0.005053040571510792, -0.04453490674495697, -0.10511182993650436, -0.09066342562437057, -0.009853445924818516, -0.030995307490229607, -0.09049879014492035, -0.08207473903894424, -0.05470758676528931, -0.0007874724688008428, -0.00433869706466794, -0.03205033019185066, -0.0591278076171875, -0.07082920521497726, -0.030260663479566574, -0.05410260707139969, 0.041617728769779205, -0.022963613271713257, 0.07609464228153229, 0.009813174605369568, -0.029073989018797874, 0.013659587129950523, 0.058746397495269775, -0.06541004776954651, 0.0013676936505362391, 0.011584182269871235, -0.011507540941238403, -0.02470606379210949, -0.059578318148851395, 0.05375222861766815, 0.022189008072018623, 0.03622625768184662, 0.02856776863336563, -0.019392814487218857, 0.021203933283686638, 0.012597493827342987, -0.0027176672592759132, 0.03811276704072952, 0.023683462291955948, -0.05276667699217796, 0.04304305091500282, 0.047438353300094604, 0.0015075856354087591, 0.027538064867258072, 0.05207767337560654, -0.006722515914589167, -0.06273014843463898, -0.011582925915718079, -0.03019757755100727, 0.0340302549302578, -0.04126984626054764, -0.02611740306019783, -0.014765220694243908, 0.011620146222412586, -0.08385943621397018, -0.01403687335550785, -0.06978491693735123, -0.09022386372089386, -0.02387305721640587, 0.037735480815172195, -0.07632704079151154, -0.11498899012804031, -0.008331567980349064, 0.020927349105477333, 0.012720410712063313, -0.07755511999130249, 0.07600019872188568, 0.005774003453552723, 0.10116623342037201, -0.0076710814610123634, -0.009292780421674252, -0.06521236151456833, -0.006566967349499464, -0.08232937008142471, 0.08319616317749023, 0.07548368722200394, 0.03469770774245262, -0.052942756563425064, 0.012688755989074707, 0.00770343653857708, -0.02171023190021515, -0.06627754122018814, 0.014357347041368484, 0.060993779450654984, -0.045645494014024734, 0.06470166891813278, -0.001973874634131789, -0.061202630400657654, -0.09010069817304611, 0.02971063181757927, 0.012330116704106331, 0.02254856564104557, 0.033746059983968735, 0.013930435292422771, -0.04510942101478577, -0.07711736112833023, 0.11587550491094589, -0.052710771560668945, 0.027823513373732567, -0.027561208233237267, 0.0757538303732872, 0.019808329641819, 0.03929537534713745, -0.06818296760320663, 0.06303852796554565, -0.018278131261467934, 0.07748550921678543, 0.01365673914551735, 0.11557720601558685, 0.03037017211318016, -0.02578124590218067, -0.0013471469283103943, -0.010913694277405739, -0.05620444566011429, 0.07017477601766586, 0.06410586833953857, -0.04196513816714287, -0.04422573745250702, -0.0449366569519043, 0.06960314512252808, -0.029093202203512192, 0.038405891507864, 0.023457176983356476, -0.028494030237197876, -0.06855791062116623, 0.02202155441045761, -0.04647196829319, -0.07100063562393188, -0.024411329999566078, 0.020872684195637703, 0.05751212313771248, 0.056336794048547745, -0.011253220960497856, 0.15915194153785706, -0.044004373252391815, -0.009078419767320156, 0.05935832858085632, -0.013427631929516792, 0.0300524290651083, 0.013760603964328766, -0.05971582978963852, -0.00704340310767293, 0.057535361498594284, 0.0019098110496997833, 0.0767664909362793, -0.026633022353053093, -0.02228514850139618, -0.062050554901361465, 0.07210680097341537, 0.023110711947083473, -0.04868214204907417, -0.017749924212694168, 0.03338203206658363, 0.027334926649928093, 0.0003738677769433707, -0.002938421443104744, -0.0016759647987782955, -0.06074266880750656, 0.023974567651748657, -0.017445137724280357, 0.053701482713222504, 0.023038605228066444, 0.059383783489465714, 0.004504435230046511, -0.012401120737195015, -0.025989165529608727, 0.0900922641158104, 0.04200036823749542, -0.12369158118963242, 0.07406221330165863, -0.007776875980198383, 0.03480476513504982, -0.053980108350515366, 0.04733516275882721, -0.030441591516137123, -0.03524726256728172, -0.03654227405786514, 0.006586251314729452, -0.07272664457559586, -0.01669117622077465, -0.005096975713968277, 0.046887557953596115, 0.03037198819220066, -0.029107283800840378, -0.013771911151707172, 0.10435214638710022, -0.01814248599112034, 0.027974607422947884, -0.05467436835169792, 0.10184171050786972, -0.06523554772138596, -0.097857266664505, 0.07688462734222412, -0.01406995952129364, -0.01211744174361229, -0.022572971880435944, -0.010567332617938519, 0.045717474073171616, 0.005938726477324963, -0.02358824945986271, -0.0950770378112793, -0.08929082751274109, 0.0527588427066803, 0.032401617616415024, -0.017546646296977997, -0.04217278212308884, 0.08561228215694427, 0.09688421338796616, -0.01647188328206539, 0.037903230637311935, 0.030047960579395294, -0.05017993599176407, 0.05421273037791252, -0.021536290645599365, -0.04687504470348358, -0.09948759526014328, -0.05202928185462952, -0.008501069620251656, 0.03163707256317139, 0.019296852871775627, -0.025245245546102524, 0.029500804841518402, -0.045692574232816696, 0.018806306645274162, -0.025854218751192093, -0.040742091834545135, 0.07124047726392746, -0.019061429426074028, 0.022197095677256584, 0.01216326467692852, 0.01436534896492958, 0.09284915775060654, 0.030281618237495422, 0.01822839118540287, 0.06431346386671066, -0.05267341807484627, -0.03931618109345436, -0.07599181681871414, -0.030909327790141106, -0.05815190076828003, 0.022761553525924683, -0.05828447639942169, -0.04401234909892082, 0.0573185533285141, 0.02601400762796402, -0.003521338803693652, 0.0523393340408802, -0.02028614841401577, 0.00712218414992094, 0.009430722333490849, -0.020634697750210762, 0.053323592990636826, -0.008730498142540455, 0.04323775693774223, 0.08925424516201019, -0.018590807914733887, -0.04344271495938301, 0.07346902042627335, 0.01423032209277153, 0.012020482681691647, 0.0784270241856575, -0.0016335550462827086, 0.01914169266819954, 0.003961790818721056, 0.04884763062000275, 0.03147559240460396, 0.009140977635979652, 0.041865572333335876, 0.03708288073539734, -0.09715855866670609, 0.026515092700719833, -0.0065926238894462585, -0.09822751581668854, 0.0029347899835556746, 0.02577810175716877, 0.03451411426067352, 0.04639957472681999, 0.035419490188360214, 0.006949874572455883]"
8,Wikipedia & Web Search for Afghanistan,"hth/fourteenth century, when it designated the easternmost part of the Kartid realm. This name was later used for certain regions in the Ṣafavid and Mughal empires that were inhabited by Afghans. While based on a state-supporting elite of Abdālī / Durrānī Afghans, the Sadūzāʾī Durrānī polity that came into being in 1160 / 1747 was not called Afghanistan in its own day. The name became a state designation only during the colonial intervention of the nineteenth century.
The term ""Afghanistan"" was officially used in 1855, when the British recognized Dost Mohammad Khan as king of Afghanistan.

History
Prehistory and antiquity
Excavations of prehistoric sites suggest that humans were living in wh","[-0.0254900511354208, 0.024287423118948936, 0.012713790871202946, -0.013569205068051815, -0.04545490816235542, -0.06926550716161728, -0.013402033597230911, 0.0648319199681282, -0.02611686661839485, -0.05272640287876129, 0.02569032832980156, -0.036232080310583115, 0.07678579539060593, -0.051234886050224304, 0.011783269234001637, 0.028134895488619804, -0.0315331369638443, -0.0019146520644426346, 0.06116246432065964, -0.08491863310337067, 0.08710484951734543, -0.0440470390021801, 0.03619407117366791, -0.07073728740215302, 0.1278817355632782, -0.0464639775454998, 0.051000092178583145, -0.006588099058717489, 0.050642553716897964, -0.029359394684433937, 0.042552024126052856, 0.013358240015804768, 0.024885820224881172, 0.06399227678775787, -0.06040416657924652, 0.11678135395050049, 0.02891634590923786, 0.04607485979795456, 0.09057163447141647, 0.006074076984077692, -0.06284859031438828, -0.008507299236953259, 0.06608645617961884, 0.04023947939276695, -0.04585110396146774, 0.02444828674197197, -5.456219150801189e-05, 0.013586749322712421, -0.045881472527980804, -0.01632869243621826, 0.10030432790517807, 0.08153177052736282, -0.11077854782342911, 0.037351012229919434, 0.08104199171066284, -0.04075228050351143, -0.002679401310160756, 0.011460522189736366, -0.054561417549848557, 0.024418707937002182, -0.10180120915174484, 0.08618345856666565, -0.03146740794181824, -0.008663327433168888, -0.12536272406578064, -0.04043475165963173, 0.03701483830809593, -0.054195210337638855, -0.028668956831097603, -0.05198471248149872, 0.014460671693086624, -0.0012246622936800122, 0.04189411923289299, -0.006958649028092623, -0.0644846111536026, 0.022935237735509872, -0.08706021308898926, 0.12181288748979568, -0.00559239462018013, -0.042637135833501816, 0.16270354390144348, 0.10468162596225739, 0.03341907635331154, 0.05754615366458893, -0.029980091378092766, -0.025063589215278625, -0.028077909722924232, -0.06192956492304802, 0.04289129003882408, -0.014267472550272942, 0.03170293942093849, -0.0684649720788002, 0.040292296558618546, 0.06582627445459366, 0.03517337515950203, -0.02547825314104557, 0.03567102551460266, 0.060059066861867905, -0.009197845123708248, 0.034326452761888504, 0.011406478472054005, 0.026091178879141808, -0.017295651137828827, 0.003780628554522991, -0.005192797165364027, 0.00330492970533669, -0.023940805345773697, -0.0554613322019577, -0.07616563141345978, -0.021086590364575386, -0.012498512864112854, -0.0646015927195549, -0.043648529797792435, -0.04808611795306206, -0.02395451068878174, -0.08474865555763245, 0.021030597388744354, 0.014480769634246826, -0.04121910780668259, -0.08051121979951859, -0.007188722025603056, -0.029349636286497116, 0.014473799616098404, 0.024179907515645027, 0.025481244549155235, 0.04711388051509857, -0.041798222810029984, 0.011993730440735817, -0.0196959488093853, -0.0868796706199646, -0.041172489523887634, 0.03153994679450989, -0.05518278852105141, 0.013478594832122326, 0.057531531900167465, -0.032698195427656174, -0.04754294082522392, 0.04378447309136391, 0.013798600994050503, -0.027062993496656418, -0.01179551426321268, -0.02838975563645363, 0.050816282629966736, 0.008972221054136753, -0.10610318183898926, 0.04423064365983009, 0.025707842782139778, 0.0006138291209936142, -0.04380993917584419, 0.09021498262882233, -0.03695280849933624, -0.12526297569274902, -0.038907378911972046, 0.027124248445034027, 0.027484791353344917, -0.04078574851155281, -0.014737148769199848, 0.052951496094465256, 0.08799883723258972, -0.08212849497795105, -0.03803221508860588, -0.062241408973932266, 0.014740952290594578, 0.030810214579105377, -0.020800309255719185, -0.05423670634627342, -0.09665316343307495, -0.0016498485347256064, 0.08311142772436142, -0.03684782236814499, -0.06574957817792892, 0.040102679282426834, 0.07671194523572922, 0.06338518112897873, -0.02117251791059971, 0.011308787390589714, -0.025905407965183258, -0.03376875817775726, -0.06870095431804657, 0.07358253747224808, 0.03944852575659752, -0.01679132506251335, -0.05559326708316803, 0.03610609471797943, 0.03090737760066986, 0.01823669672012329, 0.07401222735643387, 0.026442861184477806, 0.014465483836829662, -0.045011479407548904, -0.035878777503967285, 0.013970189727842808, -0.01465041283518076, -0.08380492031574249, 0.021260784938931465, 0.0075476705096662045, 0.024249261245131493, 0.10617867857217789, 0.07987195253372192, -0.06572505086660385, -0.1095622181892395, 0.146436870098114, -0.030475199222564697, 0.005585442762821913, -0.04617984965443611, 0.04490574076771736, 0.005489207338541746, -0.05553772300481796, -0.05836251378059387, 0.02126072719693184, 0.05954553186893463, 0.1081690639257431, -0.007516832090914249, 0.00858673732727766, 0.04210571199655533, 0.03885902836918831, -0.11348362267017365, -0.01274255570024252, -0.14594301581382751, 0.09108849614858627, 0.026858188211917877, 0.0007885143859311938, -0.09709858149290085, -0.030899962410330772, 0.06395401060581207, 0.022197188809514046, -0.03640298172831535, -0.011200616136193275, -0.0494278185069561, 0.008764411322772503, -0.014148893766105175, -0.009524129331111908, -0.05307507514953613, 0.03822649270296097, 0.05410349741578102, -0.006971776019781828, 0.10640937834978104, -0.04663613438606262, 0.08371619135141373, -0.007003396283835173, 0.029120324179530144, -0.07616396248340607, -0.09632201492786407, 0.05871076136827469, -0.03865968436002731, -0.06359949707984924, -0.06910603493452072, 0.07716728001832962, 0.0549793466925621, 0.049233995378017426, 0.003243284532800317, -0.0028530845884233713, -0.026601184159517288, 0.021068627014756203, 0.05761038884520531, -0.051594581454992294, 0.023704053834080696, 0.0510173998773098, 0.002897661179304123, -0.056172169744968414, 0.005104896146804094, -0.03681909292936325, -0.018886564299464226, 0.04529761150479317, -0.0003813531657215208, 0.015539223328232765, 0.03662751987576485, 0.07411855459213257, -0.029830100014805794, 0.016330096870660782, -0.04483615234494209, 0.0623372346162796, 0.06216875836253166, -0.09199444949626923, -0.0167996883392334, -0.023104211315512657, 0.015779873356223106, -0.03702349215745926, 0.0483117438852787, -0.0371730737388134, -0.06307508796453476, 0.04760788753628731, 0.0341755747795105, -0.09252519905567169, -0.05223138630390167, 0.0343276672065258, 0.006676908116787672, -0.0026652163360267878, -0.10510945320129395, 0.027000412344932556, 0.028332972899079323, 0.01512653287500143, -0.005788203328847885, 0.00618114834651351, 0.05499645695090294, -0.027520345523953438, -0.05932774394750595, -0.003804435720667243, 0.003757178084924817, 0.0622984915971756, 0.043192241340875626, 0.09247372299432755, -0.017027152702212334, 0.03753798082470894, -0.044826481491327286, 0.034755852073431015, -0.11096420884132385, -0.03553261235356331, 0.0010197602678090334, -0.026484766975045204, 0.015289414674043655, -0.015413331799209118, -0.005002737045288086, 0.00944056361913681, 0.04132688418030739, -0.0402071513235569, -0.040807321667671204, 0.05578077957034111, -0.01256888173520565, -0.05865032225847244, -0.009934734553098679, 0.003480697050690651, -0.02425462193787098, 0.0131789930164814, -0.018229838460683823, 0.04764702171087265, 0.014516121707856655, -0.040868572890758514, -0.027396192774176598, 0.049185752868652344, -0.015933480113744736, 0.057141367346048355, -0.06332752108573914, -0.003252169117331505, -0.05850696936249733, 0.0016595188062638044, -0.0021053997334092855, 0.014161051250994205, 0.011930432170629501, 0.018196700140833855, 0.01340807881206274, -0.0645536556839943, -0.03240004554390907, -0.0244600847363472, -9.176502499030903e-05, 0.026150282472372055, -0.030259985476732254, -0.05660151690244675, 0.030855931341648102, -0.0020034024491906166, 0.08916392177343369, 0.0033822522964328527, -0.02470978908240795, -0.041462283581495285, 0.009655025787651539, 0.037395332008600235, -0.027225596830248833, -0.013146411627531052, 0.054583996534347534, 0.004279104992747307, -0.016717463731765747, -0.05829058215022087, 0.0919313132762909, 0.05500432103872299, 0.10429447144269943, 0.1378290206193924, 0.0009226028341799974, 0.004425263497978449, -0.02507946453988552, 0.05065830424427986, 0.10353830456733704, 0.026502616703510284, -0.0022556136827915907, 0.03648284077644348, -0.025598013773560524, -0.014772715978324413, -0.02723057009279728, -0.03424084559082985, -0.03911852836608887, -0.019888348877429962, -0.008907190524041653, -0.01936129853129387, 0.02042406052350998, 0.02006729692220688]"
9,Wikipedia & Web Search for Afghanistan,"at is now Afghanistan at least 50,000 years ago, and that farming communities in the area were among the earliest in the world. An important site of early historical activities, many believe that Afghanistan compares to Egypt in the historical value of its archaeological sites. Artifacts typical of the Paleolithic, Mesolithic, Neolithic, Bronze, and Iron Ages have been found in Afghanistan. Urban civilization is believed to have begun as early as 3000 BCE, and the early city of Mundigak (near Kandahar in the south of the country) was a center of the Helmand culture. More recent findings established that the Indus Valley Civilization stretched up towards modern-day Afghanistan. An Indus Valle","[-0.028916681185364723, 0.0397912822663784, 0.028324203565716743, 0.06696013361215591, -0.07566636800765991, 0.010289416648447514, -0.04597809910774231, 0.00686201686039567, 0.006081465631723404, 0.013055531308054924, 0.059888191521167755, -0.05596945434808731, 0.048997893929481506, -0.01363193430006504, -0.04011412709951401, 0.007940797135233879, -0.03457291051745415, -0.03599477931857109, 0.03690587356686592, -0.09102533757686615, -0.07072935253381729, -0.04200645908713341, 0.0843731090426445, 0.010704172775149345, 0.09735842794179916, -0.017785392701625824, 0.03257892280817032, -0.01388537511229515, -0.022828679531812668, 0.015162386931478977, 0.015719031915068626, -0.07484690845012665, 0.09254597872495651, 0.09114758670330048, -0.04169153794646263, 0.1217738464474678, 0.0021531987003982067, 0.045774418860673904, 0.05447688698768616, 0.06093759089708328, 0.050168175250291824, 0.0071055348962545395, 0.10134588181972504, 0.0318169929087162, -0.011201048269867897, 0.03938554972410202, 0.08338278532028198, -0.029778307303786278, -0.05095142498612404, 0.010530086234211922, 0.04051202908158302, 0.05352164804935455, -0.06200806796550751, -0.059317655861377716, 0.01612946391105652, -0.02931530959904194, -0.03766050562262535, -0.05034884437918663, 0.005148245021700859, 0.044618409126996994, -0.020108124241232872, -0.043196871876716614, -0.020343143492937088, 0.001754825352691114, -0.03575334697961807, -0.06449702382087708, 0.10205516964197159, -0.029793983325362206, 0.024479489773511887, -0.04068293794989586, 0.04260478541254997, 0.023020850494503975, -0.02985347993671894, -0.02452503889799118, -0.09427390992641449, -0.027859656140208244, 0.0009335216600447893, 0.09270043671131134, -0.027209365740418434, -0.05014917626976967, 0.08173384517431259, 0.0660586729645729, 0.11041456460952759, 0.01971116103231907, -0.048105381429195404, -0.02879292145371437, -0.03936515375971794, -0.038531821221113205, 0.0004222031566314399, -0.06795761734247208, 0.08001631498336792, 0.039712511003017426, -0.09860500693321228, 0.07900078594684601, 0.045149706304073334, 0.014766696840524673, 0.040617845952510834, 0.039669688791036606, 0.013057142496109009, -0.04095456004142761, 0.032229069620370865, -0.0066850692965090275, 0.022077567875385284, -0.01924050971865654, 0.027110975235700607, -4.8881072871154174e-05, -0.09258107841014862, -0.09826181083917618, -0.06919976323843002, -0.03786906972527504, -0.0026758359745144844, -0.05679808557033539, -0.0707918107509613, 0.0022422471083700657, 0.024648241698741913, -0.08094415813684464, 0.06729508936405182, -0.025285182520747185, -0.04421209916472435, -0.052639782428741455, -0.040035709738731384, -0.02110425941646099, 0.038612548261880875, 0.029747139662504196, -0.008635121397674084, -0.0011939257383346558, 0.008793148212134838, 0.07300111651420593, 0.008128231391310692, -0.06191548705101013, -0.06314917653799057, -0.003777629230171442, -0.0599723719060421, 0.013143756426870823, 0.09255988150835037, -0.026589790359139442, -0.0560552254319191, -0.03190393000841141, -0.0025154210161417723, -0.055954329669475555, -0.05636276677250862, -0.008403852581977844, 0.012890669517219067, -0.020004577934741974, -0.074406199157238, 0.044436439871788025, 0.04085110127925873, -0.022895224392414093, -0.07010071724653244, -0.03298400714993477, 0.05588514730334282, -0.14091885089874268, 0.012397615239024162, 0.03582778200507164, 0.08179090172052383, -0.06620120257139206, -0.039059899747371674, 0.008857879787683487, 0.125896155834198, -0.061801061034202576, -0.036511119455099106, -0.021155517548322678, -0.029208214953541756, 0.03638757765293121, -0.018222307786345482, -0.08069299906492233, -0.08009888976812363, -0.060301486402750015, 0.061427321285009384, 0.02640117146074772, -0.07786181569099426, -0.022552883252501488, 0.10489250719547272, 0.07704462110996246, 0.039260972291231155, 0.061604827642440796, -0.05113190785050392, -0.02002277597784996, -0.05518188327550888, 0.04948730766773224, 0.004825566429644823, -0.04452457278966904, -0.030923323705792427, 0.035265255719423294, 0.021709296852350235, 0.0052125765942037106, 0.054812055081129074, 0.06571896374225616, 0.03887064754962921, 0.025117384269833565, -0.005565221421420574, 0.03389165177941322, -0.0114534180611372, -0.06447628885507584, 0.01615748554468155, 0.029473138973116875, 0.047587279230356216, 0.1276683360338211, 0.05364767089486122, -0.10640665143728256, -0.11435475945472717, -0.013881798833608627, -0.016219578683376312, 0.041375961154699326, 0.04643883556127548, -0.0069577437825500965, 0.03454083949327469, 0.0072026802226901054, 0.01810094527900219, 0.0736837238073349, 0.02216515876352787, 0.0054226103238761425, -0.0023374503944069147, -0.0014291664119809866, 0.037993572652339935, 0.03819892182946205, -0.07205329090356827, -0.04137393832206726, -0.09748159348964691, 0.0663931593298912, -0.04739658534526825, -0.0332292877137661, -0.02552809566259384, -0.016516851261258125, 0.059673015028238297, -0.022078126668930054, -0.00251586502417922, 0.06638908386230469, -0.04119805991649628, -0.0038784348871558905, -0.02886023372411728, -0.03495120257139206, -0.04967408627271652, 0.09153206646442413, -0.004708621650934219, 0.020827576518058777, 0.05123292654752731, -0.05075990408658981, 0.09518732875585556, -0.018753156065940857, 0.03378819674253464, -0.011355116963386536, 0.03384554013609886, -0.013915060088038445, -0.015466341748833656, -0.01871352456510067, -0.03969826549291611, 0.03313369303941727, -0.03661186993122101, 0.02112007886171341, -0.08800619840621948, -0.04165196046233177, -0.07343832403421402, -0.02066819742321968, 0.04417557641863823, -0.057565636932849884, 0.03230893984436989, 0.03353958949446678, 0.04224786162376404, 0.03681638464331627, 0.0725184828042984, -0.05718395486474037, -0.002719653071835637, 0.024835137650370598, 0.061454858630895615, 0.06273558735847473, -0.023889964446425438, -0.03858555480837822, -0.03134065493941307, -0.03851265460252762, -0.05144224688410759, 0.12364023923873901, 0.03452977165579796, -0.05242089554667473, 0.04013102129101753, 0.041961584240198135, 0.0017431617015972733, -0.09567587822675705, 0.08236102759838104, -0.005408084485679865, -0.030933504924178123, 0.019360097125172615, 0.026049422100186348, -0.04261604696512222, -0.1295499950647354, -0.010737201198935509, 0.04697827622294426, 0.03877691552042961, -0.07166405022144318, -0.006843777373433113, -0.006350919138640165, -0.025916816666722298, -0.07066269963979721, 0.08860566467046738, 0.08381166309118271, 0.02509363368153572, -0.040803078562021255, 0.004817653447389603, 0.009057123214006424, 0.07348129898309708, 0.0670885518193245, 0.04735903441905975, -0.022841308265924454, -0.07299165427684784, 0.01152125932276249, 0.0863390788435936, 0.01325754914432764, 0.010560129769146442, 0.025179166346788406, 0.019199298694729805, -0.06268234550952911, -0.04764847457408905, -0.03038758784532547, -0.009076381102204323, 0.042471516877412796, -0.005885833874344826, 3.682222086354159e-05, 0.041874680668115616, -0.07031475007534027, -0.043566279113292694, -0.022106068208813667, 0.08082316070795059, 0.04935838654637337, 0.02308141067624092, -0.08540944755077362, 0.05570752173662186, 0.08031132817268372, 0.03911422938108444, -0.009550821967422962, 0.022547045722603798, -0.08480249345302582, 0.039260607212781906, -0.03829670324921608, -0.013898691162467003, -0.053923092782497406, -0.022227391600608826, 0.0134748425334692, -0.05971446633338928, 0.01679925061762333, -0.0012830366613343358, 0.0633435919880867, 0.040143903344869614, -0.019522029906511307, 0.023115789517760277, 0.010801784694194794, 0.021428389474749565, -0.017670825123786926, 0.06044861674308777, 0.06277100741863251, 0.01954602263867855, 0.08335191756486893, -0.030396854504942894, 0.023128246888518333, -0.015666672959923744, 0.029653802514076233, -0.053571831434965134, -0.09537059813737869, -0.05634303390979767, -0.012480242177844048, -0.0705614984035492, -0.015769215300679207, -0.14937357604503632, 0.0848970115184784, 0.03565514460206032, 0.10178796201944351, 0.0961584746837616, -0.00961073487997055, 0.019969265908002853, -0.04859147593379021, -0.015018618665635586, 0.06735542416572571, 0.017835281789302826, -0.02155226096510887, -0.013874913565814495, -0.042884256690740585, 0.015910783782601357, -0.03583447262644768, 0.006863072980195284, 0.0458906851708889, -0.06422265619039536, -0.003341999603435397, -0.027569536119699478, 0.006447389256209135, -0.01442287303507328]"
10,Wikipedia & Web Search for Afghanistan,"y site has been found on the Oxus River at Shortugai in northern Afghanistan.
After 2000 BCE successive waves of semi-nomadic people from Central Asia began moving south into Afghanistan; among them were many Indo-European-speaking Indo-Iranians. These tribes later migrated further into South Asia, Western Asia, and toward Europe via the area north of the Caspian Sea. The region at the time was referred to as Ariana. By the middle of the 6th century BCE, the Achaemenids overthrew the Medes and incorporated Arachosia, Aria, and Bactria within its eastern boundaries. An inscription on the tombstone of Darius I of Persia mentions the Kabul Valley in a list of the 29 countries that he had conque","[-0.03442356735467911, -0.0072355493903160095, 0.0627843588590622, -0.013113954104483128, 0.009578580968081951, 0.004038696642965078, -0.018572119995951653, -0.034812361001968384, 0.006938822567462921, -0.050345759838819504, 0.033674851059913635, -0.011520796455442905, 0.02154482528567314, 0.013889220543205738, -0.05983348563313484, 0.007897097617387772, -0.057407937943935394, -0.08346901834011078, 0.061507873237133026, -0.0746023952960968, -0.008359819650650024, -0.0308041051030159, 0.026865391060709953, -0.062043197453022, 0.028530871495604515, -0.023863758891820908, -0.01647847518324852, -0.06304426491260529, 0.0018512826645746827, -0.0017569686751812696, 0.05882267653942108, -0.012850401923060417, -0.037026531994342804, 0.035355884581804276, -0.05024610459804535, 0.07438239455223083, -0.03620864078402519, 0.016624685376882553, 0.04268425703048706, 0.057388123124837875, 0.04827544093132019, -0.05065160244703293, 0.08541012555360794, 0.02375255525112152, -0.02907414548099041, 0.013051597401499748, 0.04522671923041344, -0.01900423876941204, -0.001763280131854117, 0.040073197335004807, 0.07918736338615417, 0.033390454947948456, -0.09479352086782455, 0.020407048985362053, 0.027450120076537132, -0.029531335458159447, 0.005601504817605019, 0.019095556810498238, -0.048941321671009064, 0.02936536632478237, 0.038580846041440964, 0.002550654113292694, -0.021699218079447746, -0.02327117696404457, -0.08160974830389023, -0.01493672002106905, 0.04495604708790779, 0.013587147928774357, 0.026171615347266197, -0.08421039581298828, -0.016088714823126793, -0.009523606859147549, -0.02265593595802784, -0.017034469172358513, -0.07974709570407867, -0.0006498834700323641, -0.0458543598651886, 0.18196110427379608, -0.09242790937423706, -0.0645333081483841, 0.08780980110168457, 0.03807779774069786, 0.04580754041671753, 0.035314857959747314, -0.023178011178970337, 0.011899148114025593, -0.031871940940618515, -0.0026393355801701546, 0.010785849764943123, -0.015488587319850922, 0.12497862428426743, -0.026847584173083305, -0.06202732399106026, 0.0684974417090416, 0.07325722277164459, 0.047419432550668716, 0.038577884435653687, 0.024873485788702965, 0.005171248689293861, -0.010744767263531685, 0.10492216795682907, 0.050661601126194, 0.052889157086610794, 0.06573320180177689, 0.003098886925727129, 0.030366135761141777, -0.08313950896263123, -0.05226004496216774, -0.046153124421834946, -0.022006968036293983, 0.012904878705739975, -0.11222417652606964, -0.04596630856394768, 0.028714779764413834, 0.011246406473219395, -0.13620741665363312, -0.045138657093048096, 0.017622871324419975, -0.07327495515346527, -0.01917351223528385, -0.059269800782203674, -0.07137855887413025, 0.05981270968914032, 0.09246382862329483, 0.033835332840681076, 0.008412421680986881, 0.004892032127827406, 0.028981612995266914, 0.04470793902873993, -0.0541982427239418, -0.04232228919863701, -0.039537906646728516, -0.11853768676519394, -0.035061065107584, 0.04246741905808449, -0.022651197388768196, -0.05863909423351288, -0.02753676287829876, -0.08640354871749878, -0.07632875442504883, -0.05480227619409561, -0.03984963893890381, 0.01563657820224762, -0.03525601327419281, -0.06997266411781311, 0.009998936206102371, -0.006058317143470049, 0.014966920018196106, -0.06096648797392845, 0.04121699184179306, 0.015251857228577137, -0.14891435205936432, -0.08316011726856232, 0.034278374165296555, 0.010677593760192394, -0.05940919369459152, -0.0017841693479567766, 0.05370735377073288, 0.02183409593999386, 0.01228663045912981, -0.01269843801856041, -0.053042102605104446, 0.0174644123762846, 0.0059390440583229065, 0.017661798745393753, -0.029488809406757355, -0.1243981122970581, 0.012465746141970158, 0.12542034685611725, 0.05464513599872589, -0.033157430589199066, 0.008199458010494709, 0.1580825299024582, 0.07625526189804077, -0.025226935744285583, 0.005840735975652933, 0.02025897614657879, 0.004877088591456413, -0.08539293706417084, 0.03168567270040512, 0.028894007205963135, -0.05471289902925491, 0.004183751996606588, 0.0943429246544838, 0.009127897210419178, 0.035367392003536224, 0.03740306198596954, 0.04205808416008949, 0.0524519681930542, 0.006702335085719824, 0.027979135513305664, -0.007890849374234676, 0.039053596556186676, -0.07777594029903412, -0.04311264306306839, -0.005617205053567886, 0.07957283407449722, 0.12162688374519348, 0.001773723983205855, -0.05694997310638428, -0.026955820620059967, -0.0030245226807892323, -0.021645689383149147, -0.007877476513385773, 0.020346956327557564, 0.01723286509513855, 0.06069052964448929, -0.021435577422380447, -0.021929601207375526, 0.08510789275169373, 0.06098216772079468, 0.05441761016845703, 0.03379631042480469, 0.054112065583467484, -0.05974375829100609, -0.08178111165761948, -0.06356199830770493, -0.06091439351439476, -0.02629742957651615, 0.10040750354528427, -0.03769891336560249, -0.0591861717402935, 0.02616630308330059, -0.04660220816731453, 0.047806497663259506, -0.027680717408657074, -0.055960897356271744, -0.0415978878736496, -0.05278825759887695, -0.009513096883893013, 0.01576465368270874, 0.10001832246780396, -0.019836220890283585, 0.057887934148311615, 0.011795669794082642, 0.021029621362686157, 0.07330257445573807, -0.03731952980160713, 0.07261618971824646, -0.007780515588819981, 0.0790136307477951, 0.03154914081096649, 0.000652373069897294, -0.0029339869506657124, 0.004954522475600243, -0.05661633983254433, 0.04397974908351898, 0.09205368906259537, -0.02688208594918251, 0.05929359421133995, 0.03856408968567848, -0.06690986454486847, -0.08833834528923035, -0.021519748494029045, 0.05298323929309845, -0.009061985649168491, -0.01315454300493002, 0.034321483224630356, 0.018276337534189224, 0.01499392744153738, 0.0358540378510952, 0.04425656050443649, -0.051281385123729706, 0.010367462411522865, 0.05093256011605263, 0.05132923647761345, 0.0076024397276341915, -0.04524215683341026, -0.021879365667700768, 0.05446755141019821, -0.08398337662220001, 0.12949834764003754, 0.010871445760130882, -0.02401985414326191, 0.06232570856809616, -0.029281433671712875, 0.09606307744979858, -0.09046421200037003, 0.07710359245538712, 0.010285512544214725, -0.02059621922671795, -0.05313690006732941, -0.0370124951004982, -0.037114355713129044, -0.07226480543613434, -0.07334039360284805, 0.004980441648513079, -0.05399421975016594, -0.07915423810482025, -0.02690470777451992, -0.01155833899974823, 0.08273034542798996, -0.03873948007822037, 0.02875022031366825, 0.05516145005822182, -0.017958445474505424, -0.0596243254840374, 0.03441879153251648, 0.030510878190398216, 0.016426578164100647, -0.008843003772199154, -0.0038051451556384563, -0.05961184948682785, -0.08012504130601883, -0.029383515939116478, 0.093479223549366, -0.030855385586619377, 0.024735666811466217, 0.0001470642746426165, -0.026016488671302795, -0.07739785313606262, -0.05689343437552452, 0.04413091018795967, -0.02274176850914955, 0.018129227682948112, -0.001377786393277347, 0.05499541759490967, 0.009500604122877121, -0.030847514048218727, -0.09581707417964935, -0.05399370938539505, 0.007648985832929611, -0.021202484145760536, 0.04856120049953461, 0.0066564083099365234, 0.08949793130159378, -0.01680031232535839, 0.0376976802945137, 0.11672176420688629, -0.048104796558618546, -0.019647106528282166, 0.10440435260534286, -0.07072987407445908, 0.013497035019099712, 0.025724710896611214, 0.007375828456133604, 0.004432791844010353, -0.04431333392858505, 0.03567710518836975, -0.0002596300619188696, 0.020368386059999466, -0.01955326646566391, -0.02049420401453972, -0.013391263782978058, 0.041316062211990356, 0.012156889773905277, 0.024479256942868233, -0.024386504665017128, 0.03966156020760536, -0.008353651501238346, 0.06297703832387924, -0.027732007205486298, 0.019596517086029053, -0.03670930862426758, 0.014798476360738277, -0.02188255451619625, -0.03745988756418228, 0.02372143603861332, -0.032738570123910904, -0.04192661494016647, -0.04310426861047745, -0.07506026327610016, 0.1319829225540161, 0.038825973868370056, 0.07796023786067963, 0.020751679316163063, -0.01653420366346836, 0.006762560922652483, 0.009531860239803791, 0.015115723945200443, 0.10359068214893341, 0.02027086354792118, 0.010924024507403374, 0.015324175357818604, 0.003340689465403557, -0.043859854340553284, -0.07081349194049835, -0.07876858115196228, -0.010173624381422997, 0.006221677176654339, -0.03200981765985489, 0.04929909110069275, -0.006396585144102573, 0.027164841070771217]"
11,Wikipedia & Web Search for Afghanistan,"red. The region of Arachosia, around Kandahar in modern-day southern Afghanistan, used to be primarily Zoroastrian and played a key role in the transfer of the Avesta to Persia and is thus considered by some to be the ""second homeland of Zoroastrianism"".

Alexander the Great and his Macedonian forces arrived in Afghanistan in 330 BCE after defeating Darius III of Persia a year earlier in the Battle of Gaugamela. Following Alexander's brief occupation, the successor state of the Seleucid Empire controlled the region until 305 BCE, when they gave much of it to the Maurya Empire as part of an alliance treaty. The Mauryans controlled the area south of the Hindu Kush until they were overthrown in","[0.003949066158384085, 0.04140402004122734, 0.011733846738934517, 0.04426432400941849, -0.053337059915065765, -0.014415888115763664, -0.017362147569656372, 0.012910858727991581, -0.03144656866788864, -0.043117307126522064, 0.046023208647966385, 0.032701361924409866, 0.04462391510605812, -0.07650849223136902, -0.028204860165715218, -0.02277367375791073, -0.0330498181283474, -0.0930943563580513, 0.0359686054289341, -0.04134146124124527, -0.003250691806897521, -0.06125675141811371, 0.05014919489622116, -0.04399491474032402, 0.038918737322092056, 0.04819884151220322, 0.004574429709464312, 0.007119066547602415, -0.020831754431128502, 0.0009252604213543236, -1.223755407409044e-05, -0.02024872601032257, 0.04237637296319008, 0.03959721326828003, -0.049450408667325974, 0.07360267639160156, -0.03142153471708298, 0.0692245215177536, 0.06469930708408356, 0.1004244014620781, 0.04071186110377312, -0.0028972935397177935, 0.07686895877122879, -0.013969865627586842, 0.009405206888914108, 0.025323934853076935, 0.0370747447013855, 0.01309882290661335, -0.010028041899204254, 0.027459533885121346, 0.01612730324268341, 0.03661605715751648, -0.0924014151096344, -0.0521233044564724, 0.02017601765692234, -0.04917897284030914, -0.025291167199611664, 0.0074965390376746655, -0.05866628512740135, 0.0027160795871168375, 0.030584413558244705, -0.006322269793599844, -0.062018245458602905, -0.058435600250959396, -0.13484473526477814, -0.09947076439857483, 0.1030355840921402, -0.03166668117046356, 0.002483898540958762, -0.023611189797520638, 0.016381453722715378, 0.02490885928273201, 0.005824952851980925, -0.08243803679943085, -0.09770911186933517, -0.041217606514692307, -0.03480803966522217, 0.0406840555369854, -0.04859776794910431, -0.055711667984724045, 0.10675585269927979, 0.0882895216345787, 0.06029042601585388, 0.033113762736320496, 0.025677602738142014, 0.04733055457472801, -0.01736413687467575, 0.00013570612645708025, 0.06698551774024963, -0.03203399106860161, 0.12283344566822052, 0.0004038638435304165, 0.005982232745736837, 0.08676467090845108, 0.06339291483163834, 0.06366561353206635, 0.03941703960299492, 0.05278421938419342, -0.019409511238336563, -0.01764354296028614, 0.04133513942360878, -0.005334276240319014, 0.05377211794257164, -0.001300491625443101, 0.003076323075219989, 0.006731157656759024, -0.015403681434690952, -0.0607338510453701, -0.12597352266311646, 0.025065092369914055, 0.012327750213444233, -0.10507466644048691, -0.06956681609153748, 0.024669557809829712, -0.03140278905630112, -0.023818327113986015, 0.015706149861216545, 0.01760399527847767, -0.11191367357969284, -0.05329960957169533, -0.06429426372051239, -0.09766124933958054, 0.04652060195803642, 0.057260602712631226, 0.035701315850019455, -0.01894657127559185, 0.002033763099461794, 0.024450890719890594, 0.013597221113741398, -0.049238406121730804, -0.0888524278998375, 0.02764781191945076, -0.13706468045711517, 0.046349357813596725, 0.05290858447551727, -0.006815409287810326, -0.06659465283155441, -0.0013569460716098547, -0.02383931167423725, -0.008277361281216145, 0.0041757868602871895, -0.07027964293956757, -0.05038072168827057, 0.00665888050571084, -0.050500646233558655, 0.03189036622643471, -0.019925817847251892, -0.02186761423945427, -0.044870711863040924, 0.11247551441192627, -0.04893020913004875, -0.10767311602830887, -0.062197282910346985, 0.028314797207713127, 0.02982146106660366, -0.08538885414600372, -0.03040316142141819, 0.053749751299619675, 0.0934220403432846, -0.08480751514434814, -0.06027534604072571, -0.025605233386158943, 0.02779153175652027, 0.015071861445903778, -0.020850973203778267, -0.03852095454931259, -0.050603896379470825, 0.03882323578000069, 0.03140877187252045, 0.014856717549264431, -0.006129708141088486, 0.030075103044509888, 0.10644596815109253, 0.09474804997444153, -0.0006515905261039734, 0.027596790343523026, -0.013012386858463287, -0.0004715145332738757, -0.04722755029797554, 0.0752280205488205, 0.07766041159629822, -0.04624281823635101, -0.03444928675889969, 0.05831095576286316, -0.031232792884111404, 0.0529511459171772, 0.08955132961273193, 0.08644320070743561, 0.012837893329560757, 0.006407055538147688, 0.05093951150774956, 0.05049316585063934, -0.03142153099179268, -0.10751092433929443, -0.0699157640337944, -0.005429046228528023, 0.05552064627408981, 0.16487446427345276, 0.05451125279068947, -0.07118310779333115, -0.08806909620761871, 0.0990309789776802, -0.007322290446609259, 0.009993178769946098, 0.02902531810104847, -0.027534568682312965, 0.008118878118693829, -0.05766361951828003, -0.012301525101065636, 0.045873068273067474, 0.03138216212391853, 0.012409173883497715, 0.029067298397421837, 0.08357682824134827, 0.013667803257703781, -0.03642537072300911, -0.06532642245292664, -0.06044437363743782, -0.05174051225185394, 0.04443778842687607, -0.04665764421224594, -0.04315274581313133, -0.0031622841488569975, -0.05015068128705025, 0.02372587099671364, -0.02070658653974533, -0.03141700476408005, -0.074894018471241, -0.09314455837011337, 0.027171041816473007, -0.0364944264292717, 0.03022952936589718, -0.08728964626789093, 0.005107402335852385, 0.050659772008657455, 0.03730921074748039, 0.15254400670528412, -0.05039527639746666, 0.03451509028673172, -0.08513703942298889, 0.06460069864988327, -0.05677884817123413, -0.023245947435498238, -0.012936104089021683, -0.013064350001513958, -0.04972505569458008, 0.009280579164624214, 0.1041363775730133, 0.006666058674454689, 0.054781075567007065, 0.02271120995283127, -0.06706263870000839, -0.06369679421186447, 0.05529768764972687, 0.03352033719420433, -0.04184339940547943, -0.003965108655393124, 0.05249766632914543, 0.0665988102555275, -0.004715240094810724, -0.007373823784291744, -0.01430945098400116, -0.07807863503694534, 0.031360454857349396, 0.014619581401348114, 0.009525683708488941, 0.08684755861759186, 0.05436365678906441, 0.009638883173465729, 0.0716974213719368, -0.02381991781294346, 0.06055096909403801, 0.0389225147664547, -0.0517311654984951, 0.02963048219680786, -0.004802089184522629, 0.0625402107834816, -0.06659526377916336, 0.11475261300802231, -0.0041611152701079845, -0.02246893383562565, -0.016720153391361237, -0.026960989460349083, -0.08865533769130707, -0.049984563142061234, -0.0693851187825203, 0.053493015468120575, 0.005733132362365723, -0.04217810556292534, -0.011438168585300446, 0.005441402550786734, -0.022794997319579124, 4.0242764953291044e-05, 0.00409949803724885, 0.0449068509042263, -0.02519226260483265, -0.04861843213438988, 0.023965388536453247, 0.026584960520267487, 0.10436595976352692, 0.02021842636168003, 0.05950035899877548, -0.006704892497509718, -0.043501026928424835, -0.014463517814874649, 0.04401911050081253, -0.020138436928391457, -0.03813944011926651, -0.01963144540786743, -0.027619807049632072, -0.012694737873971462, -0.057912677526474, 0.037110768258571625, -0.04348946735262871, 0.05009383335709572, 0.013468190096318722, 0.02700895257294178, 0.020060552284121513, 0.04011078178882599, -0.08837515860795975, 0.040171537548303604, 0.04788864403963089, 0.017745060846209526, 0.018666425719857216, -0.10249609500169754, 0.048680469393730164, 0.007188647054135799, -0.054847024381160736, 0.08002180606126785, 0.03692840412259102, -0.022934909909963608, 0.07166729867458344, 0.02086823806166649, -0.010168086737394333, -0.015884600579738617, 0.03227999806404114, 0.026687070727348328, -0.06202876567840576, 0.000296000245725736, 0.011431005783379078, 0.03393436223268509, -0.018697822466492653, -0.010426690801978111, -0.047366030514240265, 0.023898741230368614, 0.06870420277118683, 0.06010565534234047, -0.05982504412531853, 0.00809629075229168, 0.01897355355322361, 0.05760204419493675, -0.10320429503917694, 0.032969243824481964, -0.04148939996957779, -0.0009525815839879215, 0.025812095031142235, -0.03947067633271217, -0.028385944664478302, -0.01628260873258114, -0.08595015108585358, 0.0160991158336401, -0.0762261152267456, 0.08457224071025848, 0.041128065437078476, 0.07771161943674088, -0.003005292732268572, 0.025819020345807076, -0.0038428332190960646, 0.0073263198137283325, 0.04837219417095184, 0.042924653738737106, 0.061922866851091385, 0.000612912408541888, -0.025176696479320526, -0.033097509294748306, -0.06523358821868896, -0.013877748511731625, 0.021571805700659752, -0.023601815104484558, -0.02198507823050022, 0.005204156506806612, 0.04262003302574158, -0.019290579482913017, 0.02123100310564041]"
12,Wikipedia & Web Search for Afghanistan," about 185 BCE. Their decline began 60 years after Ashoka's rule ended, leading to the Hellenistic reconquest by the Greco-Bactrians. Much of it soon broke away and became part of the Indo-Greek Kingdom. They were defeated and expelled by the Indo-Scythians in the late 2nd century BCE. The Silk Road appeared during the first century BCE, and Afghanistan flourished with trade, with routes to China, India, Persia, and north to the cities of Bukhara, Samarkand, and Khiva in present-day Uzbekistan. Goods and ideas were exchanged at this center point, such as Chinese silk, Persian silver and Roman gold, while the region of present Afghanistan was mining and trading lapis lazuli stones mainly from","[0.01400680374354124, -0.02109437622129917, 0.020831724628806114, -0.0064847106114029884, -0.08428510278463364, -0.03260309621691704, -0.020261617377400398, 0.02439364232122898, -0.004883522633463144, -0.029034802690148354, 0.09225829690694809, -0.00959778018295765, 0.051115483045578, -0.005761932116001844, -0.06633907556533813, -0.042427562177181244, -0.058517515659332275, -0.08101335167884827, 0.004637461621314287, -0.025632141157984734, -0.041997041553258896, -0.07456158101558685, -0.07117581367492676, -0.03470674902200699, 0.05729634687304497, -0.00016837487055454403, 0.03046877682209015, -0.06759442389011383, -0.06549500674009323, 0.006031268276274204, -0.02377934195101261, -0.03826874494552612, 0.05993586406111717, 0.06535810232162476, -0.02059265412390232, 0.026748986914753914, -0.0019128191052004695, 0.0493304505944252, 0.07783631980419159, 0.021720146760344505, -0.009681027382612228, 0.071672722697258, 0.061445385217666626, 0.029231688007712364, 0.011528613045811653, 0.025649331510066986, 0.07948143780231476, -0.00790008157491684, -0.016814015805721283, -0.013881460763514042, 0.0825006291270256, 0.1604762077331543, -0.06589598208665848, -0.056907154619693756, -0.022129561752080917, -0.02039507031440735, -0.011209444142878056, 0.016734380275011063, -0.05163979157805443, -0.011229753494262695, 0.004505903925746679, -0.01728789322078228, 0.002287868410348892, -0.03954378515481949, -0.0780758261680603, -0.09369346499443054, 0.07506097108125687, -0.02197531796991825, 0.06801764667034149, 0.036784615367650986, -0.051972873508930206, -0.027715833857655525, -0.052525781095027924, -0.06142617389559746, -0.08117475360631943, 0.007215360179543495, -0.0270256157964468, 0.10525242984294891, -0.04291423782706261, -0.10655489563941956, 0.058363091200590134, 0.05670420825481415, 0.03992830589413643, 0.11301545053720474, -0.07110896706581116, 0.00010987379937432706, 0.00851200707256794, -0.0032277856953442097, 0.09902632236480713, -0.03688464313745499, 0.10166975855827332, 0.0405648797750473, 0.0035939253866672516, 0.05438689514994621, -0.00048169339424930513, 0.005849136039614677, 0.023857686668634415, 0.06531757861375809, 0.07288312166929245, -0.021816130727529526, 0.03152627870440483, -0.022723233327269554, 0.043493662029504776, 0.020334651693701744, -0.04445990175008774, -0.06081767752766609, -0.04477647691965103, -0.08292533457279205, -0.015750983729958534, 0.008922642096877098, -0.005701928865164518, -0.07857093214988708, -0.013096362352371216, 0.04787178337574005, -0.022998830303549767, -0.03578374162316322, 0.04248514026403427, -0.017655231058597565, -0.08468824625015259, -0.002061729086562991, -0.06730426847934723, -0.020319953560829163, 0.0905475988984108, 0.022783294320106506, -0.04791209101676941, 0.08250782638788223, -0.01441033836454153, 0.03137231990695, -0.02194678783416748, -0.1221199631690979, -0.04793449118733406, 0.03285559266805649, -0.13950115442276, -0.010137956589460373, 0.047003328800201416, -0.04351402074098587, -0.04475020989775658, -0.06999558955430984, -0.030121441930532455, -0.12340948730707169, -0.015417342074215412, -0.07794679701328278, 0.04582681879401207, 0.02314990945160389, -0.027016041800379753, 0.0020709871314466, 0.08071307837963104, -0.005964362993836403, -0.04150976613163948, 0.10304111242294312, 0.04455505311489105, -0.12838110327720642, -0.020671145990490913, 0.05259569734334946, 0.00837073102593422, -0.015832476317882538, -0.052924830466508865, 0.06671863049268723, 0.05363163352012634, -0.021389836445450783, 0.014606760814785957, 0.0065248627215623856, 0.049172136932611465, 0.0582956038415432, 0.015945088118314743, -0.01284724660217762, -0.06575639545917511, -0.01670055091381073, 0.023063044995069504, 0.03578340634703636, -0.010990059934556484, -0.013269313611090183, 0.07037518918514252, 0.007931520231068134, -0.015945738181471825, 0.010034061037003994, -0.045744869858026505, 0.06058778241276741, -0.0983472540974617, 0.06996727734804153, 0.04745665192604065, -0.05850736051797867, -0.06563588976860046, 0.0738375186920166, -0.0072959722019732, 0.030093075707554817, -0.007737071719020605, 0.040326591581106186, 0.0183727890253067, -0.0011952484492212534, -0.07045944780111313, 0.00012785718718077987, 0.057977449148893356, -0.006848203018307686, 0.03752010315656662, 0.033898577094078064, -0.04351910948753357, 0.06959940493106842, 0.03242488205432892, -0.055163368582725525, -0.14243462681770325, -0.004243656061589718, 0.0205206461250782, 0.001875810674391687, 0.04452217370271683, -0.03007403016090393, -0.016117235645651817, -0.09656322002410889, 0.018535960465669632, 0.022540537640452385, -0.0023569243494421244, -0.0527508482336998, 0.08256559073925018, -0.0046417065896093845, 0.08639149367809296, -0.021581750363111496, -0.01802777126431465, -0.03810648247599602, -0.02243119850754738, 0.013825032860040665, -0.022558223456144333, -0.009645319543778896, -0.005883402656763792, 0.0026681290473788977, 0.006022371351718903, -0.01244523748755455, -0.11791403591632843, 0.017459925264120102, -0.03311275690793991, 0.02169831655919552, -0.048166967928409576, 0.09857165813446045, -0.02073526941239834, 0.008652186952531338, -0.032321978360414505, 0.06881559640169144, 0.06177639588713646, -0.03338850289583206, -0.0795532837510109, -0.028681721538305283, 0.10364315658807755, -0.020270438864827156, 0.010007733479142189, -0.033338747918605804, -0.02607725001871586, -0.047163549810647964, -0.05208589881658554, 0.09204893559217453, 0.009500191546976566, 0.05447668954730034, -0.07998079061508179, -0.023237450048327446, -0.09613648056983948, 0.015190728940069675, 0.12016897648572922, -0.057145778089761734, 0.03586898744106293, 0.0323852002620697, 0.003542305901646614, -0.006411109585314989, -0.016660964116454124, 0.02808302268385887, -0.014286654070019722, -0.030374573543667793, -0.04141184315085411, -0.03005952760577202, 0.07808458060026169, -0.014165912754833698, 0.041827984154224396, 0.016246940940618515, -0.07440461218357086, 0.09928863495588303, -0.003900648560374975, -0.045693591237068176, 0.05107862129807472, -0.019042812287807465, 0.09317006170749664, -0.08326911181211472, 0.06339995563030243, -0.0009858128614723682, 0.040203988552093506, 0.04976458474993706, -0.0067103151232004166, -0.03928842395544052, -0.015780186280608177, 0.020963065326213837, 0.03719358891248703, 0.011932676658034325, -0.06170876324176788, 0.022880619391798973, 0.02956457994878292, 0.038720518350601196, -0.0069863880053162575, -0.010615210980176926, 0.08776114135980606, 0.014454594813287258, -0.09725700318813324, -0.007633068598806858, -0.06035862863063812, 0.035327788442373276, -0.017162879928946495, 0.08227316290140152, 0.006157819181680679, 0.003678301116451621, -0.04013468697667122, 0.07972162961959839, 0.03661121055483818, 0.023592114448547363, 0.008388465270400047, -0.059609703719615936, -0.10080987960100174, -0.07198726385831833, 0.015279801562428474, -0.018916482105851173, 0.06929653137922287, -0.028314396739006042, 0.01885162480175495, 0.04429463669657707, -0.005551445763558149, -0.05739227309823036, 0.0015149465762078762, 0.06260955333709717, 0.007681804709136486, 0.017513137310743332, 0.031162643805146217, 0.03534230962395668, 0.12132971733808517, 0.05650511756539345, 0.057568036019802094, -0.021060479804873466, -0.06865502148866653, 0.03847657889127731, -0.03240244463086128, 0.05469433218240738, -0.06455439329147339, -0.007019876502454281, 0.02465873397886753, -0.04670200124382973, -0.04218807443976402, -0.06762519478797913, 0.007741204462945461, 0.02327669784426689, 0.051030442118644714, -0.0618717260658741, 0.014700537547469139, 0.0039437622763216496, 0.047853805124759674, -0.017734447494149208, -0.02686188742518425, -0.0527772381901741, 0.0372135154902935, -0.025627655908465385, 0.07975064963102341, -0.01543435174971819, 0.0004493056039791554, -0.02343261055648327, -0.044535331428050995, -0.015772171318531036, 0.0733572468161583, -0.002714472822844982, 0.032384999096393585, -0.007175313774496317, 0.04943157732486725, 0.037560589611530304, 0.09105978161096573, 0.015464951284229755, -0.023145876824855804, 0.01309529971331358, -0.014817308634519577, -0.0064316922798752785, 0.08288722485303879, 0.09392093867063522, 0.013829328119754791, -0.0012614737497642636, -0.0010286696488037705, -0.10875407606363297, -0.05132899060845375, 0.11582856625318527, -0.011117851361632347, -0.03354770317673683, -0.016774145886301994, 0.05087345466017723, 0.006006942130625248, -0.03454478085041046]"
13,Wikipedia & Web Search for Afghanistan," the Badakhshan region.
During the first century BCE, the Parthian Empire subjugated the region but lost it to their Indo-Parthian vassals. In the mid-to-late first century CE the vast Kushan Empire, centered in Afghanistan, became great patrons of Buddhist culture, making Buddhism flourish throughout the region. The Kushans were overthrown by the Sassanids in the 3rd century CE, though the Indo-Sassanids continued to rule at least parts of the region. They were followed by the Kidarites who, in turn, was replaced by the Hephthalites. They were replaced by the Turk Shahi in the 7th century. The Buddhist Turk Shahi of Kabul was replaced by a Hindu dynasty before the Saffarids conquered the ar","[0.020363828167319298, 0.025096159428358078, 0.02175084687769413, 0.00702187605202198, -0.118674635887146, -0.05552903935313225, -0.04828011617064476, 0.04152131453156471, -0.02113320492208004, -0.062354087829589844, 0.03193693608045578, -0.05044667050242424, 0.0663025975227356, -0.03042764402925968, 0.019827015697956085, -0.03160903602838516, -0.06376926600933075, -0.049746185541152954, -0.00795891135931015, -0.09972777962684631, -0.038575541228055954, -0.08145594596862793, -0.020248141139745712, -0.005318452138453722, 0.05750826373696327, -0.03744466230273247, 0.05269881337881088, -0.020529160276055336, 0.03572983294725418, -0.005438738036900759, -0.06908833235502243, -0.03611096739768982, -0.018194004893302917, 0.09202969819307327, -0.12017426639795303, 0.06784254312515259, 0.006793242879211903, 0.06414001435041428, 0.11648597568273544, 0.03477249667048454, -0.05339011549949646, 0.07244595140218735, 0.11852576583623886, -0.0076319510117173195, -0.016630440950393677, 0.058746229857206345, 0.02074718102812767, -0.03234038129448891, -0.023717395961284637, -0.06375659257173538, 0.06987102329730988, 0.16927938163280487, -0.01981665939092636, 0.015522017143666744, 0.05184681713581085, -0.04027053341269493, 0.010409691371023655, 0.05039294809103012, -0.042695991694927216, 0.031811073422431946, 0.03257742524147034, 0.021079903468489647, -0.04890358820557594, -0.03610445186495781, -0.10831928253173828, -0.08393394947052002, 0.07407233119010925, -0.039842911064624786, -0.01927741803228855, 0.0036839277017861605, 0.039907895028591156, -0.0022303310688585043, -0.03745745122432709, -0.044495344161987305, -0.05389751121401787, 0.02037488855421543, -0.07019588351249695, 0.029859017580747604, -0.09558526426553726, -0.0880773738026619, 0.07660321146249771, 0.11885111033916473, 0.05613773316144943, 0.04586376994848251, -0.017236340790987015, -0.009661690331995487, -0.02165573090314865, -0.021306993439793587, -0.0012372094206511974, 0.044561490416526794, 0.12053831666707993, 0.014531804248690605, 0.010494240559637547, 0.043673936277627945, 0.08700638264417648, 0.007259958423674107, 0.037791021168231964, 0.03700967878103256, -0.020331019535660744, 0.012660367414355278, 0.06028885021805763, -0.006945793982595205, -0.018409743905067444, -0.047887176275253296, 0.0031435457058250904, -0.03621155768632889, -0.04140939936041832, -0.03272775933146477, -0.06499224901199341, 0.05755855143070221, -0.006215020082890987, -0.06497754156589508, -0.05932854488492012, 0.01296956930309534, -0.0016727359034121037, -0.05351658910512924, 0.02084450237452984, 0.021674664691090584, -0.10629013180732727, -0.03605377674102783, -0.05666309967637062, -0.04081502556800842, 0.03423468396067619, 0.026409948244690895, 0.029497632756829262, 0.05888566002249718, -0.01637381687760353, 0.0699923187494278, -0.00675185676664114, -0.1344679594039917, -0.027581211179494858, -0.017227213829755783, -0.11501148343086243, 0.012297585606575012, 0.0017813652520999312, -0.02770311012864113, -0.0514150932431221, 0.0032639552373439074, 0.060809750109910965, -0.04981501027941704, -0.05928443744778633, -0.0421932227909565, 0.0668310821056366, -0.017912814393639565, -0.07906068861484528, 0.012725095264613628, 0.04543553292751312, 0.020849112421274185, -0.0045697009190917015, 0.09521984308958054, -0.007189568597823381, -0.090043805539608, -0.023445632308721542, -0.03356306254863739, 0.03207646310329437, -0.008808760903775692, -0.06757975369691849, 0.04175226017832756, 0.04966949298977852, 0.013058212585747242, 0.017676493152976036, -0.07387424260377884, -0.013221440836787224, -0.0143235232681036, -0.013473299331963062, 0.0347619391977787, -0.07794788479804993, -0.07019661366939545, 0.06734427809715271, -0.003287446917966008, -0.06924230605363846, 0.057992517948150635, 0.09916891157627106, 0.04762578010559082, 0.000626361696049571, -0.044632457196712494, -0.09717914462089539, -0.002765911165624857, -0.09369484335184097, 0.022784704342484474, 0.03325611352920532, -0.028650175780057907, -0.019868601113557816, 0.048587866127491, 0.022815663367509842, -0.005076142027974129, 0.05132682994008064, 0.0015006791800260544, 0.03878384456038475, -0.017568888142704964, -0.06064491719007492, 0.030224328860640526, 0.005602697376161814, -0.07701405137777328, 0.00367028103210032, -0.007274239789694548, -0.018619533628225327, 0.0021686763502657413, 0.01938926801085472, -0.04999237135052681, -0.1392717808485031, 0.04973477125167847, -0.0651782900094986, 0.0020713312551379204, -0.06418390572071075, 0.006149446591734886, -0.014100722037255764, -0.004753220360726118, 0.022501038387417793, -0.02506273426115513, -0.00831733737140894, 0.060105785727500916, 0.02785150520503521, 0.03910427168011665, 0.0080897631123662, 0.006679681595414877, -0.023737650364637375, -0.030362136662006378, -0.0944451093673706, 0.06157006695866585, 0.07956443727016449, 0.004883729387074709, -0.043441690504550934, -0.0441267155110836, 0.04222354292869568, -0.038422681391239166, -0.0205671489238739, 0.02120092697441578, 0.01942385546863079, 0.02298969402909279, -0.07588121294975281, 0.005717001389712095, -0.11386103183031082, 0.049224164336919785, -0.03574696183204651, 0.07239209860563278, 0.12271902710199356, -0.04352623596787453, -0.03754346817731857, -0.06572383642196655, 0.11087008565664291, 0.027440885081887245, -0.041493747383356094, 0.04105342924594879, 0.04076847434043884, -0.02688107267022133, -0.051004406064748764, 0.09618733823299408, 0.012896355241537094, 0.07470950484275818, -0.037313371896743774, -0.02925393171608448, -0.061026737093925476, 0.03973565995693207, 0.08750970661640167, -0.03903472051024437, -0.007127698045223951, 0.0012328717857599258, 0.04416166990995407, -0.06576849520206451, -0.040723349899053574, 0.007893669418990612, -0.03175496309995651, 0.02880450151860714, 0.04506905749440193, -0.0005305261583998799, 0.0537680946290493, 0.03837455064058304, -0.015141164883971214, 0.028437726199626923, -0.02689087949693203, 0.10188765823841095, 0.0321616567671299, -0.16180656850337982, 0.04249018430709839, 0.029876025393605232, 0.05351860448718071, -0.060522742569446564, 0.08920291811227798, -0.03443140909075737, 0.03867992013692856, 0.045192208141088486, 0.10636867582798004, -0.06213194131851196, -0.01838371530175209, 0.01773582212626934, 0.02696407400071621, 0.02254473976790905, -0.08044353872537613, 0.00798388384282589, 0.07420575618743896, 0.06062430888414383, 0.05111554265022278, -0.022025110200047493, 0.05376294255256653, -0.024195197969675064, -0.023847009986639023, 0.031957514584064484, 0.0044637806713581085, 0.05680853873491287, 0.04631912708282471, 0.07792865484952927, 0.029430978000164032, 0.040304023772478104, -0.07760307937860489, -0.008310288190841675, -0.06247742101550102, -0.030987344682216644, 0.06632094085216522, 0.015054089948534966, -0.02081383392214775, -0.0547637976706028, 0.005180231761187315, 0.003803530940786004, -0.005122475326061249, -0.029621178284287453, -0.000551216711755842, -0.009136004373431206, 0.039954740554094315, -0.05691617727279663, 0.0061670225113630295, -0.05207575857639313, -0.01808171719312668, 0.03457878157496452, -0.022625088691711426, 0.005503381136804819, 0.08151359856128693, 0.01938195899128914, 0.03203835338354111, 0.0329681895673275, -0.043693121522665024, 0.01080756913870573, -0.011778605170547962, 0.026300707831978798, 0.02635127492249012, -0.025667600333690643, 0.06138232350349426, -0.04148690029978752, 0.021634511649608612, 0.005274292081594467, -0.04282166436314583, -0.029384518042206764, -0.00727856857702136, -0.039441775530576706, -0.04444514214992523, 0.061315521597862244, -0.04048098251223564, -0.06376984715461731, 0.005700814072042704, 0.0015045447507873178, 0.09851008653640747, -0.024804022163152695, 0.05611102655529976, -0.03003069758415222, 0.04425907880067825, 0.009102243930101395, -0.09312649816274643, 0.02343723364174366, 0.010131537914276123, -0.05244135111570358, 0.023071501404047012, -0.06415827572345734, 0.09821415692567825, 0.08118721097707748, 0.07486559450626373, 0.043411195278167725, 0.012481612153351307, 0.0798230916261673, 0.04004597291350365, 0.059449274092912674, 0.04642665758728981, 0.05133531987667084, 0.010949449613690376, -0.02211187221109867, -0.00027157351723872125, -0.01915166713297367, -0.001747315633110702, 0.009292847476899624, -0.027553169056773186, 0.008100003935396671, -0.00894254632294178, -0.022368596866726875, -0.017994655296206474, 0.017629524692893028]"
14,Wikipedia & Web Search for Afghanistan,"ea in 870; this Hindu dynasty was called Hindu Shahi. Much of the northeastern and southern areas of the country remained dominated by Buddhist culture.

Medieval period
Arab Muslims brought Islam to Herat and Zaranj in 642 CE and began spreading eastward; some of the native inhabitants they encountered accepted it while others revolted. Before the arrival of Islam, the region used to be home to various beliefs and cults, often resulting in Syncretism between the dominant religions such as Zoroastrianism, Buddhism or Greco-Buddhism, Ancient Iranian religions, Hinduism, Christianity, and Judaism. An exemplification of the syncretism in the region would be that people were patrons of Buddhism ","[0.03251257166266441, 0.08286216855049133, -0.04020059481263161, 0.034024521708488464, -0.05341847613453865, 0.041586633771657944, -0.027648702263832092, -0.036805588752031326, 0.058605168014764786, 0.02652447484433651, -0.0004868388350587338, 0.011685691773891449, 0.08560364693403244, -0.06013648957014084, 0.04653378576040268, -0.004323413595557213, -0.09474100917577744, -0.08472573757171631, 0.017512012273073196, -0.052782151848077774, -0.04873504117131233, -0.042844969779253006, 0.022747954353690147, -0.02561710774898529, 0.05883307382464409, -0.11975809931755066, 0.08764839172363281, -0.010407722555100918, -0.03703054040670395, 0.003109217155724764, -0.01994301751255989, 0.00446249358355999, 0.05221673846244812, 0.06863123923540115, -0.06988011300563812, 0.013669663108885288, 0.007219238206744194, 0.0641184076666832, 0.020337456837296486, 0.004364304710179567, 0.014364207163453102, 0.030742108821868896, 0.09765581041574478, 0.00023574091028422117, 0.003246127162128687, 0.06626473367214203, 0.010724551975727081, 0.027384238317608833, -0.000509024306666106, 0.019847290590405464, -0.004190446808934212, 0.10061632096767426, -0.028603386133909225, -0.04066213592886925, 0.08832412958145142, -0.0325455442070961, -0.00915530789643526, 0.006689137313514948, -0.04679661616683006, 0.024138115346431732, 0.014452972449362278, -0.008904913440346718, 0.007163237780332565, -0.05567631497979164, -0.08659686148166656, -0.11267261952161789, 0.06865595281124115, -0.052050329744815826, 0.059749964624643326, -0.03138221800327301, -0.03441791981458664, 0.024052096530795097, -0.08890057355165482, -0.0330084003508091, -0.08579499274492264, -0.04590161517262459, -0.05320047587156296, 0.02855077013373375, -0.0843917727470398, -0.08031241595745087, 0.05999989062547684, 0.09342118352651596, 0.08369168639183044, 0.008463187143206596, -0.010366988368332386, 0.026349766179919243, -0.06100655719637871, -0.09018205106258392, 0.03519008681178093, 0.02196148969233036, 0.09853614866733551, -0.040709707885980606, 0.005636845715343952, 0.0036524198949337006, 0.027743734419345856, -0.08275645226240158, -0.017359750345349312, 0.017100762575864792, 0.032231152057647705, 0.010411384515464306, 0.03286958858370781, -0.029068203642964363, 0.07705072313547134, 0.008607407100498676, -0.036522600799798965, -0.04709186777472496, -0.019872842356562614, 0.03456041216850281, -0.08681387454271317, -0.037292659282684326, -0.04966143146157265, -0.0670970156788826, -0.003580773249268532, -0.06749098002910614, 0.010018776170909405, 0.0022411253303289413, 0.017949970439076424, -0.0280474741011858, -0.12191008031368256, 0.023042086511850357, -0.056607555598020554, -0.016943687573075294, 0.0531468465924263, 0.026250852271914482, -0.041494280099868774, 0.018703196197748184, -0.023707523941993713, 0.0500599667429924, 0.020082097500562668, -0.07319298386573792, -0.04409662261605263, 0.04907660931348801, -0.07610229402780533, -0.010917325504124165, 0.09442969411611557, -0.03518303483724594, -0.008400468155741692, -0.04374048113822937, 0.09183352440595627, -0.07702317833900452, 0.03331741318106651, -0.08357980102300644, 0.011775785125792027, -0.03987890109419823, 0.012220791541039944, -0.004923683591187, 0.05240955203771591, 0.014604571275413036, -0.051068227738142014, 0.056962162256240845, 0.02927614375948906, -0.12579607963562012, -0.055099960416555405, -0.007912344299256802, 0.06537136435508728, 0.012770806439220905, -0.0025514333974570036, 0.05043879151344299, 0.05655713006854057, -0.03210369125008583, -0.017989007756114006, -0.06435912102460861, -0.013932240195572376, 0.03329303115606308, 0.029384231194853783, -0.0366269089281559, -0.07951853424310684, -0.05018218979239464, 0.041861217468976974, 0.034246332943439484, 0.011727560311555862, 0.06432344019412994, 0.03574744239449501, 0.05856488645076752, -0.0506255105137825, -0.05166102200746536, -0.038465578109025955, -0.008871332742273808, -0.06856845319271088, 0.06347854435443878, 0.05230191722512245, -0.03915783762931824, -0.01945325918495655, 0.01041061244904995, 0.04129582643508911, 0.007950536906719208, 0.011007282882928848, 0.07006969302892685, 0.056702643632888794, -0.020206106826663017, -0.08425770699977875, 0.02060546539723873, -0.07468223571777344, -0.09789597988128662, 0.016553493216633797, -0.002139864955097437, 0.03257156163454056, 0.09906643629074097, 0.08279363065958023, 0.03741319850087166, -0.13220642507076263, 0.006877741310745478, 0.0469680018723011, 0.044938284903764725, -0.009939332492649555, -0.06514167040586472, -0.024656664580106735, -0.021556353196501732, 0.034508999437093735, 0.08174609392881393, 0.024865416809916496, -0.00041495313053019345, -0.03273267671465874, 0.028551271185278893, 0.078838050365448, 0.016303349286317825, -0.013605140149593353, -0.041323740035295486, -0.05752873048186302, 0.005911109037697315, 0.06648103147745132, -0.0311574786901474, -0.0486508272588253, -0.011266025714576244, 0.03901613503694534, 0.0022529608104377985, -0.03542846441268921, 0.01888640783727169, 0.011468721553683281, 0.05867931619286537, 0.020544683560729027, 0.06697795540094376, -0.0480608232319355, 0.003164145164191723, 0.05589264631271362, -0.007184747606515884, 0.12129813432693481, 0.0016741773579269648, 0.0384647361934185, -0.012404417619109154, 0.06439224630594254, -0.03740011155605316, -0.005192538723349571, 0.02069731429219246, 0.011920979246497154, -0.058195214718580246, -0.01963096857070923, 0.08347004652023315, -0.007769077550619841, 0.07434253394603729, -0.03400073200464249, -0.006992235314100981, -0.03221995010972023, 0.029077045619487762, 0.027775030583143234, -0.09074514359235764, -0.021694496273994446, 0.02339613065123558, -0.022790998220443726, -0.054506491869688034, -0.06160673499107361, 0.008421937935054302, -0.038644272834062576, 0.01078801415860653, -0.06772587448358536, 0.040974877774715424, 0.06643763184547424, -0.0002801916270982474, 0.025212446227669716, 0.06727533042430878, -0.06053655594587326, 0.12395307421684265, 0.04115235060453415, -0.1135794073343277, -0.013036414980888367, 0.0004404468054417521, 0.08899234980344772, -0.11848153918981552, 0.07586664706468582, 0.0014001310337334871, 0.009787780232727528, 0.03889212757349014, 0.02924606390297413, -0.09878349304199219, -0.03138972818851471, -0.008421304635703564, 0.07468593865633011, -0.03603089600801468, -0.05511796474456787, 0.00813373178243637, 0.0753667950630188, 0.04286770150065422, 0.05439525842666626, 0.0016444846987724304, 0.04280759394168854, 0.02466970682144165, -0.08991354703903198, 0.029482629150152206, -0.05482400581240654, 0.07792889326810837, 0.014614124782383442, 0.03581387922167778, 0.06152188032865524, 0.020800886675715446, -0.03737754747271538, 0.04174675792455673, -0.06529070436954498, -0.04219760000705719, 0.025539325550198555, -0.029419325292110443, -0.020164253190159798, -0.09725688397884369, 0.045939844101667404, -0.06055179610848427, 0.02545887976884842, -0.025112994015216827, 0.016605675220489502, -0.0060460008680820465, 0.05637073516845703, -0.00930708833038807, 0.00591353140771389, -0.07998961210250854, 0.012041325680911541, 0.08035503327846527, 0.017501559108495712, 0.0897873044013977, 0.06742541491985321, -0.06466943770647049, 0.05173767730593681, 0.0412314273416996, -0.062193963676691055, 0.054473064839839935, 0.03413273021578789, 0.03800439089536667, -0.014167794957756996, -0.019701039418578148, 0.03789203241467476, -0.07703448086977005, 0.04786388576030731, -0.01975269243121147, 0.00410701148211956, -0.011162709444761276, 0.027100300416350365, -0.012130118906497955, -0.06621628999710083, 0.02805156260728836, -0.11227896809577942, -0.05838596075773239, -0.01477114949375391, 0.0021499975118786097, 0.02547767013311386, -0.04921095445752144, 0.0022245366126298904, -0.07935748249292374, -0.04175763577222824, -0.007487747818231583, -0.038074709475040436, -0.0338042788207531, 0.017637280747294426, -0.021593868732452393, 0.05092732980847359, -0.10791441798210144, 0.08135171234607697, 0.05856523662805557, 0.058215003460645676, -0.02994200401008129, 0.03489153832197189, 0.023341793566942215, -0.041733983904123306, 0.04158318415284157, 0.09641137719154358, 0.09723006188869476, 0.10358129441738129, 0.016987718641757965, -0.05283968895673752, -0.05231982097029686, -0.016047047451138496, 0.018570393323898315, -0.030745215713977814, -0.00855626817792654, 0.004601328168064356, 0.06655687093734741, -0.032213058322668076, -0.013498442247509956]"
15,Wikipedia & Web Search for Afghanistan,"but still worshipped local Iranian gods such as Ahura Mazda, Lady Nana, Anahita or Mihr (Mithra) and portrayed Greek gods as protectors of Buddha. The Zunbils and Kabul Shahi were first conquered in 870 CE by the Saffarid Muslims of Zaranj. Later, the Samanids extended their Islamic influence south of the Hindu Kush. The Ghaznavids rose to power in the 10th century.
By the 11th century, Mahmud of Ghazni had defeated the remaining Hindu rulers and effectively Islamized the wider region, with the exception of Kafiristan. Mahmud made Ghazni into an important city and patronized intellectuals such as the historian al-Biruni and the poet Ferdowsi. The Ghaznavid dynasty was overthrown by the Ghuri","[0.005571560934185982, 0.10568290948867798, -0.04366817697882652, 0.0413004606962204, -0.08955732733011246, 0.004138491116464138, -0.004170005675405264, 0.0032715494744479656, 0.09217338263988495, -0.009571141563355923, 0.010982763022184372, 0.005270553287118673, 0.07558873295783997, -0.04001874104142189, 0.020773526281118393, -0.011280047707259655, -0.05616481229662895, -0.06436476856470108, -0.014366045594215393, -0.038869306445121765, -0.044693198055028915, -0.08682350069284439, -0.008702339604496956, -0.015001737512648106, 0.02372235246002674, -0.07520119845867157, -0.0021255346946418285, -0.05489923804998398, -0.0002562368172220886, 0.04922330752015114, -0.08179539442062378, -0.05748998373746872, 0.013057795353233814, 0.021251080557703972, -0.07989879697561264, 0.10283928364515305, 0.051307640969753265, 0.06153155863285065, 0.046188440173864365, 0.003024082165211439, 0.02225489355623722, 0.08163923770189285, 0.021219491958618164, 0.010685417801141739, 0.016152283176779747, -0.03328375890851021, 0.03954190015792847, 0.036071132868528366, -0.08333944529294968, 0.014508996158838272, 0.05098489671945572, 0.11345390975475311, -0.02744908444583416, -0.04070764407515526, 0.01613761857151985, -0.12953758239746094, -0.010000912472605705, 0.004187763202935457, -0.011949850246310234, 0.007488035596907139, 0.021989816799759865, 0.0016162393148988485, -0.03902691602706909, -0.07698879390954971, -0.09454813599586487, -0.10952337831258774, 0.047707490622997284, -0.08413475751876831, 0.008550768718123436, -0.00016648937889840454, -0.008665759116411209, -0.025446048006415367, -0.030651777982711792, -0.09870258718729019, -0.07534026354551315, -0.08132755756378174, -0.04421963915228844, -0.020305123180150986, -0.12409958988428116, -0.11333798617124557, 0.06279067695140839, 0.07576542347669601, 0.09803155809640884, 0.036261193454265594, -0.022394852712750435, 0.04928771033883095, -0.04392581805586815, -0.04576641693711281, 0.09790027141571045, 0.04249078407883644, 0.09876833856105804, -0.023962855339050293, 0.01895356923341751, -0.013192537240684032, 0.09399174898862839, -0.04104144871234894, 0.02664830908179283, -0.005238128826022148, -0.0026595010422170162, 0.009201189503073692, 0.03447612747550011, 0.01348426379263401, 0.08441170305013657, -0.01646553725004196, 0.015650857239961624, -0.0835685208439827, -0.0871952623128891, -0.025884557515382767, -0.13111595809459686, 0.04629920423030853, -0.006131489295512438, -0.02271011844277382, -0.04197176173329353, 0.022247299551963806, -0.01666918396949768, 0.031828947365283966, -0.024276290088891983, 0.004182282369583845, -0.12071835994720459, -0.011879786849021912, -0.04522832855582237, -0.01828595995903015, 0.046588994562625885, 0.034178122878074646, 0.009119699709117413, 0.04587651789188385, -0.05969826504588127, 0.04527908191084862, 0.010198074392974377, -0.07436025142669678, 0.03221820294857025, -0.014552095904946327, -0.015687093138694763, 0.01827329769730568, 0.05640024319291115, -0.03552877530455589, 0.021995021030306816, -0.023015499114990234, 0.026968125253915787, -0.03284669294953346, 0.027005696669220924, -0.07712268084287643, 0.006420323625206947, 0.015357177704572678, -0.005436763167381287, 0.01798788458108902, 0.05296637490391731, 0.0013299464480951428, 0.0018078371649608016, 0.05569583550095558, 0.013111760839819908, -0.09506122022867203, -0.047578971832990646, -0.021865354850888252, 0.03628787770867348, 0.012657387182116508, -0.03290492296218872, 0.060110777616500854, 0.0073948935605585575, -0.04244828596711159, 0.0217449851334095, -0.07640351355075836, -0.052984680980443954, 0.022251512855291367, 0.03396039083600044, -0.023135287687182426, -0.03576060011982918, -0.017695730552077293, -0.0059473090805113316, 0.020163511857390404, 0.007521205116063356, 0.04197763651609421, -0.03427303582429886, 0.04394936561584473, -0.02722417190670967, -0.07549981027841568, -0.0781264528632164, 0.025896452367305756, -0.08245616406202316, 0.08203889429569244, -0.007767783012241125, 0.0001344196207355708, -0.04371851682662964, 0.0641583502292633, -0.035692911595106125, 0.0026302605401724577, 0.004361345898360014, 0.08277994394302368, 0.007412256672978401, -0.024623824283480644, -0.0542684905230999, -0.016535701230168343, -0.059513356536626816, -0.12383793294429779, 0.01307674776762724, 0.008577259257435799, -0.05025622248649597, 0.08183947950601578, 0.01641332544386387, 0.026126829907298088, -0.09311138093471527, 0.04247179254889488, 0.0448639914393425, 0.038567621260881424, 0.02684396132826805, 0.02345620095729828, -0.015249384567141533, 0.009853404946625233, 0.060659825801849365, 0.05572914704680443, 0.041374098509550095, 0.03794495388865471, -0.011762737296521664, 0.04034490883350372, 0.015164590440690517, -0.06087195873260498, -0.002395925810560584, -0.041302550584077835, -0.054080795496702194, 0.03885193541646004, 0.08518461138010025, -0.08357390016317368, -0.10864681005477905, -0.0003572919813450426, -0.003304162295535207, -0.08859707415103912, -0.027065662667155266, -0.005316033028066158, 0.006176586728543043, 0.055082738399505615, -0.03211906924843788, 0.011277389712631702, -0.1217743307352066, -0.038878485560417175, 0.0781157836318016, 0.010462750680744648, 0.105070561170578, 0.008555475622415543, 0.014185043051838875, -0.06189414858818054, 0.038517218083143234, -0.0005486369482241571, 0.025904083624482155, -0.024453388527035713, 0.00432593422010541, 0.02194836176931858, -0.02873164229094982, 0.12473486363887787, -0.00015708580031059682, 0.06041029840707779, -0.0016540579963475466, 0.0027233087457716465, -0.006769627332687378, 0.028293151408433914, 0.05504941567778587, -0.07224609702825546, -0.044175878167152405, 0.03638123720884323, 0.08251676708459854, -0.003513127798214555, -0.05764487385749817, 0.051976706832647324, -0.043138809502124786, -0.011122495867311954, -0.0032279174774885178, -0.01147207897156477, 0.10554917901754379, 0.0589602030813694, 0.023112809285521507, 0.013406282290816307, -0.010141965933144093, 0.0865543857216835, 0.05174782872200012, -0.11690360307693481, 0.05807129293680191, -0.0332077294588089, 0.052960995584726334, -0.10634608566761017, 0.05224372446537018, -0.03143208101391792, 0.06351348012685776, 0.0030481829307973385, 0.053889937698841095, -0.028060924261808395, -0.03400102257728577, -0.03316967561841011, 0.10261914879083633, 0.07485727965831757, -0.12558859586715698, -0.05551456660032272, 0.09602398425340652, 0.055238962173461914, 0.056135401129722595, 0.03241807967424393, 0.05977443605661392, -0.03259320929646492, -0.008586150594055653, 0.05361918359994888, 0.00771923316642642, 0.07704208046197891, 0.005426280666142702, 0.043751463294029236, 0.011678061448037624, -0.0203835591673851, 0.011088140308856964, 0.016996024176478386, -0.05977533757686615, 0.017316456884145737, 0.05957106873393059, -0.03599170595407486, -0.026677455753087997, -0.07084765285253525, 0.06942927092313766, -0.052638862282037735, 0.04107794910669327, -0.004175266716629267, 0.01137250941246748, -0.007509715389460325, 0.077883280813694, -0.026495233178138733, 0.029443494975566864, -0.024370810016989708, -0.027873320505023003, 0.051570355892181396, -0.07258760184049606, 0.0641089603304863, 0.12714026868343353, -0.0764126256108284, -0.012842115946114063, 0.028461836278438568, -0.03497186303138733, 0.022710656747221947, 0.022347643971443176, -0.038923852145671844, 0.013228855095803738, -0.059719715267419815, 0.07484033703804016, -0.02756367065012455, 0.0243794284760952, -0.03570670261979103, -0.033946700394153595, -0.0005442920373752713, 0.04204060137271881, -0.041827715933322906, -0.05224105715751648, 0.07058067619800568, -0.06308503448963165, -0.041413821280002594, -0.013553595170378685, 0.017485937103629112, 0.06699471920728683, -0.014788364060223103, -0.05575721338391304, -0.02272759936749935, 0.01750890351831913, 0.015101240947842598, -0.07951199263334274, -0.04389754682779312, 0.010391132906079292, -0.005814326461404562, 0.11461994796991348, -0.01717555522918701, 0.0828474760055542, 0.09535875171422958, 0.020524941384792328, -0.025705412030220032, 0.004221255891025066, 0.0376722626388073, -0.0012088064104318619, 0.032568465918302536, 0.019990740343928337, 0.0772002786397934, 0.018140267580747604, 0.02603166550397873, -0.025635387748479843, -0.01921650394797325, -0.04651982709765434, 0.006561046466231346, 0.014100336469709873, 0.0010437334422022104, 0.025865979492664337, 0.008906337432563305, -0.010706795379519463, -0.02447119541466236]"
16,Wikipedia & Web Search for Afghanistan,"ds in 1186, whose architectural achievements included the remote Minaret of Jam. The Ghurids controlled Afghanistan for less than a century before being conquered by the Khwarazmian dynasty in 1215.

In 1219 CE, Genghis Khan and his Mongol army overran the region. His troops are said to have annihilated the Khwarazmian cities of Herat and Balkh as well as Bamyan. The destruction caused by the Mongols forced many locals to return to an agrarian rural society. Mongol rule continued with the Ilkhanate in the northwest while the Khalji dynasty administered the Afghan tribal areas south of the Hindu Kush until the invasion of Timur (aka Tamerlane), who established the Timurid Empire in 1370. Unde","[-0.12194531410932541, 0.08820591121912003, 0.021848497912287712, 0.005901266820728779, -0.06229771673679352, -0.006522088311612606, -0.01935516856610775, 0.03026071935892105, -0.010242381133139133, -0.028148004785180092, -0.002613465767353773, 0.0342249721288681, 0.07264795899391174, -0.07020992785692215, -0.020409205928444862, 0.03151155263185501, -0.05114749073982239, -0.0028326355386525393, 0.02091217041015625, -0.0968717634677887, -0.06832355260848999, -0.08425840735435486, 0.01966993138194084, 0.005530500318855047, 0.05748419836163521, -0.029564324766397476, 0.016729114577174187, -0.0478617362678051, -0.01775599829852581, -0.03287523239850998, -0.07746445387601852, -0.04302956908941269, 0.04093271866440773, 0.05372104048728943, 0.004235975909978151, 0.11046112328767776, 0.0214358139783144, 0.027707362547516823, 0.05705340951681137, 0.003391718026250601, 0.007299643941223621, 0.026668338105082512, 0.1405770182609558, 0.021682515740394592, -0.020337017253041267, 0.004536161199212074, 0.027876893058419228, -0.05943460017442703, -0.03854696452617645, 0.03796156495809555, 0.053044505417346954, 0.12266846746206284, -0.031728677451610565, -0.08916625380516052, -0.0035982728004455566, -0.07854501903057098, 0.012968883849680424, 0.02929658256471157, 0.007343021221458912, 0.003856014460325241, -0.029935460537672043, 0.023539327085018158, -0.036430660635232925, -0.0453985370695591, -0.10075889527797699, -0.07153639942407608, 0.03918807581067085, -0.07775292545557022, 0.08303949981927872, 0.025923985987901688, 0.03078954666852951, -0.01463148184120655, -0.07768314331769943, -0.05578216537833214, -0.036288946866989136, -0.0502462312579155, -0.028854861855506897, 0.053654782474040985, -0.03869132325053215, -0.07159342616796494, 0.09865596145391464, 0.024642493575811386, 0.038216035813093185, 0.018259627744555473, -0.02490370161831379, -0.03697344288229942, -0.03535644710063934, -0.022020503878593445, 0.1220569834113121, -0.021119629964232445, 0.10555138438940048, 0.032112956047058105, -0.017380138859152794, 0.005757815204560757, 0.07680738717317581, 0.02067968063056469, 0.05776088312268257, 0.02608642540872097, 0.013781458139419556, -0.011083790101110935, 0.023845018818974495, -0.04311612993478775, 0.0624007023870945, 0.010754838585853577, 0.019742026925086975, -0.026474662125110626, 0.0021020828280597925, -0.05446242913603783, -0.10784527659416199, 0.011555178090929985, 0.038441251963377, -0.045100484043359756, -0.017750481143593788, 0.03160262107849121, -0.008763648569583893, -0.09169130027294159, -0.029363153502345085, 0.03713022917509079, -0.1418939232826233, -0.026876328513026237, 0.005010903347283602, -0.016043614596128464, 0.027066394686698914, 0.04560355097055435, -0.026266761124134064, 0.06528749316930771, 0.04603197053074837, 0.03667069599032402, -0.012583584524691105, -0.1805134117603302, -0.03647143766283989, 0.009355457499623299, -0.0989244282245636, 0.047645263373851776, 0.08990734815597534, -0.07608480751514435, 0.021822893992066383, -0.03273937106132507, 0.009441395290195942, -0.06976711004972458, -0.0348302461206913, -0.059338584542274475, 0.010180443525314331, 0.00010229082545265555, -0.08466577529907227, 0.03512172773480415, 0.07257933914661407, -0.0066597918048501015, -0.012685459107160568, 0.044555891305208206, 0.047302983701229095, -0.09045955538749695, 0.010079458355903625, 0.015473198145627975, -0.000800513313151896, 0.003719599451869726, -0.0024248058907687664, 0.06516370922327042, 0.0800170823931694, -0.012653122656047344, -0.00043285847641527653, -0.03549959510564804, -0.005513370502740145, 0.039250604808330536, -0.02137940004467964, -0.039540454745292664, -0.036568328738212585, -0.016632135957479477, 0.06387355923652649, 0.025536995381116867, -0.0769602432847023, -0.006297932472079992, 0.07721639424562454, 0.014433152973651886, 0.008783262223005295, -0.011740710586309433, -0.07255399972200394, -0.0008450942113995552, -0.07557062804698944, 0.09667752683162689, -0.03689143434166908, -0.051759567111730576, 0.013888036832213402, 0.08579404652118683, -0.003953306935727596, 0.01593327336013317, 0.043446432799100876, 0.09173744916915894, 0.04745560884475708, 0.018665816634893417, -0.02263486757874489, -0.007706250064074993, 0.038126640021800995, -0.12324613332748413, 0.01348989736288786, 0.0443563275039196, 0.036484092473983765, 0.06436489522457123, 0.053363703191280365, -0.06587868928909302, -0.1697596162557602, 0.0187070295214653, -0.06965592503547668, -0.02801447920501232, 0.011541755869984627, 0.014514902606606483, -0.018905168399214745, -0.05536787956953049, 0.017433539032936096, 0.03903324529528618, 0.08073888719081879, 0.02891899272799492, 0.021430697292089462, 0.022336427122354507, 0.06486520171165466, -0.0021396202500909567, -0.010892125777900219, 0.0023816863540560007, -0.08596140146255493, 0.07127993553876877, -0.03732793405652046, 0.029671039432287216, -0.04544859007000923, -0.021231045946478844, -0.024187106639146805, -0.028869064524769783, -0.021619737148284912, 0.0024469508789479733, -0.006021308712661266, 0.02041648142039776, -0.08563339710235596, 0.0059084901586174965, -0.043699074536561966, 0.04385513439774513, 0.0318899042904377, 0.0073133609257638454, 0.06869272142648697, -0.014010809361934662, 0.0307649876922369, -0.02925689145922661, 0.05948350951075554, -0.08208759874105453, -0.04087907448410988, 0.04082103446125984, 0.053908124566078186, -0.02683921903371811, -0.1026376485824585, 0.10068503022193909, -0.03409340977668762, 0.0262732096016407, -0.05077730864286423, -0.023151559755206108, 0.0015268627321347594, -0.0014949955511838198, 0.042870115488767624, -0.03471054881811142, 0.0035607723984867334, 0.10813799500465393, 0.07145944237709045, -0.010379680432379246, -0.0089946324005723, 0.03903357312083244, -0.05331292748451233, -6.44104802631773e-05, 0.024479636922478676, -0.04068589583039284, 0.048237115144729614, 0.0446096807718277, 0.017689166590571404, -0.004362540785223246, 0.038857899606227875, 0.07264906913042068, -0.006971138995140791, -0.09686262905597687, 0.00922337081283331, -0.0009596830932423472, 0.028862103819847107, -0.09158993512392044, 0.09040645509958267, -0.048591114580631256, 0.06254813075065613, 0.0323745496571064, 0.10328902304172516, -0.06317806243896484, -0.06936638802289963, -0.045959118753671646, 0.053766217082738876, 0.0394584946334362, -0.1402762234210968, 0.026578422635793686, 0.020363548770546913, -0.04145706444978714, 0.007990190759301186, -0.02655933052301407, 0.06519660353660583, 0.011823294684290886, -0.011812188662588596, -0.004605771508067846, 0.005925421603024006, 0.08537235856056213, 0.055490560829639435, 0.04814936965703964, -0.001591155189089477, -0.09053778648376465, -0.017595427110791206, 0.06581427156925201, 0.004760153125971556, -0.015602055937051773, 0.00931342039257288, -0.029870878905057907, -0.04283576086163521, -0.08142629265785217, 0.02854597195982933, -0.041206467896699905, 0.09371800720691681, -0.04147166386246681, -0.040137678384780884, 0.08335608243942261, 0.08843857049942017, -0.03247922286391258, -0.0005123785231262445, 0.02218685857951641, -0.03937758132815361, 0.04347213730216026, -0.04462197422981262, 0.06666780263185501, 0.05913896858692169, -0.005327200051397085, 0.07476239651441574, 0.055826686322689056, -0.0277638528496027, 0.0243915393948555, -0.02261570654809475, -0.037873152643442154, -0.06137248873710632, -0.007271019276231527, 0.019750967621803284, -0.02873537503182888, 0.013702379539608955, -0.025237377732992172, -0.004432547837495804, 0.0231021661311388, -0.0013115915935486555, -0.022471200674772263, -0.04366949945688248, 0.06656464189291, -0.02643546462059021, 0.011961002834141254, 0.023412946611642838, -0.02783920057117939, 0.05973101779818535, -0.03222086653113365, 0.015292122960090637, -0.04365445673465729, 0.002833157079294324, 0.017864897847175598, -0.06281580030918121, 0.02662052772939205, 0.06618854403495789, -0.08375229686498642, 0.0382971353828907, -0.0211395975202322, 0.11633524298667908, 0.07564650475978851, -0.0051745460368692875, 0.0339350625872612, -0.030585000291466713, 0.0935787484049797, -0.03403880447149277, 0.0347757525742054, 0.00975638348609209, 0.02612295374274254, -0.03759848326444626, -0.024763643741607666, 0.018936635926365852, -0.002909033792093396, -0.03747989609837532, 0.018946293741464615, -0.0035933812614530325, -0.058855634182691574, -0.042323920875787735, -0.007107050158083439, -0.06121249124407768, -0.01062061544507742]"
17,Wikipedia & Web Search for Afghanistan,"r the rule of Shah Rukh, the city of Herat served as the focal point of the Timurid Renaissance, whose glory matched Florence of the Italian Renaissance as the center of a cultural rebirth.
In the early 16th century Babur arrived from Ferghana and captured Kabul from the Arghun dynasty. Babur would go on to conquer the Afghan Lodi dynasty who had ruled the Delhi Sultanate in the First Battle of Panipat. Between the 16th and 18th century, the Uzbek Khanate of Bukhara, Iranian Safavids, and Indian Mughals ruled parts of the territory. During the medieval period, the northwestern area of Afghanistan was referred to by the regional name Khorasan, which was commonly used up to the 19th century am","[-0.005144169088453054, 0.061892688274383545, 0.016485000029206276, 0.011701551266014576, -0.06384285539388657, -0.01817476935684681, 0.020023399963974953, 0.026838526129722595, 0.0035995724610984325, -0.022400209680199623, -0.00711406022310257, -0.02884599007666111, 0.04940897598862648, -0.1148020401597023, 0.01578833907842636, -0.03540681302547455, -0.04416826367378235, -0.03907367214560509, 0.047074463218450546, -0.0641503557562828, -0.022569533437490463, -0.08791905641555786, -0.007774570025503635, -0.021132178604602814, 0.042193394154310226, -0.03578510507941246, 0.04220391809940338, -0.014660222455859184, -0.016837934032082558, -0.002046184614300728, -0.02476254105567932, -0.03545169159770012, 0.008816253393888474, 0.027594856917858124, -0.027333764359354973, 0.08708452433347702, -0.00037789714406244457, 0.05587709695100784, 0.11651384830474854, -0.04475166276097298, 0.008313577622175217, -0.013280034996569157, 0.10785079002380371, 0.04461785405874252, -0.014681162312626839, 0.022847361862659454, 0.011336665600538254, -0.01512420829385519, -0.10587307810783386, -0.014660638757050037, 0.01179637759923935, 0.032132986932992935, -0.00707740243524313, -0.06299550086259842, 0.06568680703639984, 0.0003116514126304537, 0.0264189001172781, 0.02381015755236149, 0.0104764299467206, -0.01585540920495987, -0.06258375942707062, -0.011371362954378128, -0.04398520663380623, -0.044664304703474045, -0.10797691345214844, -0.11656534671783447, 0.03713854029774666, -0.021277811378240585, 0.04354366287589073, 0.0037540846969932318, -0.0018760021775960922, 0.014379290863871574, -0.007121271453797817, -0.08294293284416199, -0.07451086491346359, -0.0745609775185585, -0.07813891768455505, 0.09159654378890991, -0.13071684539318085, -0.034097760915756226, 0.0985528826713562, 0.08457691222429276, 0.08834923803806305, 0.011280694976449013, -0.041317421942949295, 0.031129702925682068, -0.03429987654089928, -0.09867307543754578, 0.07833497226238251, -0.03329026699066162, 0.13228274881839752, 0.018484875559806824, 0.034911610186100006, 0.01985754817724228, 0.0270773246884346, 0.022028451785445213, 0.048026785254478455, 0.0370299406349659, 0.004979033954441547, 0.008172035217285156, 0.01563655026257038, 0.026266584172844887, 0.0007896056631579995, 0.01842414028942585, 0.014427081681787968, -0.031063931062817574, -0.05871480330824852, -0.041651248931884766, -0.13099899888038635, -0.025362886488437653, -0.04643084853887558, -0.032874949276447296, -0.011161638423800468, -0.023302966728806496, 0.011125448159873486, -0.06281272321939468, -0.028475774452090263, 0.00017846759874373674, -0.075823113322258, -0.06850089132785797, -0.029601119458675385, -0.00297583919018507, -0.04524068906903267, 0.04461599513888359, -0.03524818643927574, -0.010420683771371841, -0.014952945522964, 0.07684305310249329, 0.0019077940378338099, -0.07058487087488174, -0.02206047996878624, 0.04432307556271553, -0.07545837759971619, 0.025500629097223282, 0.03643861785531044, -0.045345768332481384, -0.03409559652209282, -0.0821787640452385, 0.07137847691774368, -0.1246902346611023, -0.04317830502986908, -0.053364187479019165, 0.05031450092792511, -0.005151715129613876, -0.030855268239974976, 0.009399328380823135, 0.04241297394037247, -0.05719053000211716, -0.01022221241146326, 0.08025070279836655, -0.001677587628364563, -0.09581518918275833, -0.019850587472319603, 0.04383391886949539, 0.07013185322284698, -0.007868151180446148, -0.07194891571998596, 0.08047029376029968, 0.059387482702732086, -0.03806760534644127, -0.042535822838544846, 0.058284614235162735, -0.0029852071311324835, 0.024422960355877876, -0.028067348524928093, -0.058372363448143005, -0.0109254140406847, -0.0026369336992502213, 0.04480624198913574, 0.008101645857095718, -0.003825349500402808, 0.011359053663909435, 0.005232334602624178, 0.06998368352651596, -0.056446924805641174, -0.03879435360431671, -0.04741400480270386, -0.036774810403585434, -0.008348127827048302, 0.06376758217811584, -0.0020420770160853863, -0.031145546585321426, 0.021933309733867645, 0.03908421844244003, 0.01850658282637596, -0.025676622986793518, 0.05574367567896843, 0.08139200508594513, 0.060029417276382446, -0.010756099596619606, 0.003461146028712392, 0.04935627430677414, -0.004422586411237717, -0.13584297895431519, 0.041970815509557724, -0.01370022539049387, 0.017635740339756012, 0.15078672766685486, 0.027693862095475197, -0.030618708580732346, -0.13487592339515686, -0.023268189281225204, 0.028779931366443634, -0.0006891435477882624, 0.03867839276790619, -0.014577299356460571, -0.017857294529676437, -0.03676872327923775, 0.014388412237167358, 0.02301633730530739, 0.011182663962244987, -0.040610723197460175, 0.039403606206178665, -0.03813866898417473, 0.05719192698597908, -0.03505413234233856, -0.044253721833229065, 0.00773094967007637, -0.1204988956451416, 0.0315103754401207, 0.0241586584597826, -0.020173329859972, -0.06856264173984528, -0.03437478467822075, 0.047919560223817825, 0.005716985557228327, 0.014701923355460167, 0.042197518050670624, -0.012179221026599407, 0.012092243880033493, -0.05090520903468132, -0.0008525617886334658, -0.005630250088870525, 0.04524994641542435, -0.07530888170003891, 0.04231785610318184, 0.1125495508313179, 0.00952733214944601, 0.0258495956659317, -0.04731421172618866, 0.11722522974014282, -0.07998429983854294, -0.08057630807161331, -0.012525293976068497, 0.015052427537739277, -0.05885956436395645, -0.04080871865153313, 0.08361028879880905, -0.04356403648853302, 0.043094463646411896, -0.041274428367614746, -0.03849474713206291, 0.010698522441089153, 0.015130294486880302, 0.07559049129486084, -0.07963533699512482, -0.0034106113016605377, 0.06402767449617386, -0.006506343837827444, -0.0018517666030675173, 0.014779241755604744, -0.06488578766584396, -0.018573474138975143, 0.027360381558537483, -0.010550029575824738, 0.015116075985133648, 0.04837655648589134, -0.027625320479273796, 0.0046233744360506535, -0.007716421037912369, -0.023340685293078423, 0.044492874294519424, 0.022344036027789116, -0.13019251823425293, 0.04692289978265762, -0.025644194334745407, 0.1176987960934639, -0.1186390370130539, 0.084523044526577, 0.003720770590007305, 0.09105060994625092, 0.017107516527175903, 0.06106429547071457, -0.035234786570072174, 0.012208642438054085, 0.0012184459483250976, 0.04494643583893776, 0.019251201301813126, -0.05615502595901489, 0.026214053854346275, 0.038351286202669144, 0.044307056814432144, 0.051125701516866684, 0.03981298580765724, 0.06780310720205307, 0.0437595508992672, -0.06810138374567032, 0.044377122074365616, -0.022187048569321632, 0.019096173346042633, 0.0383501872420311, 0.049506720155477524, 0.02383590303361416, -0.01771862991154194, -0.051080066710710526, 0.10170815885066986, 0.005317532457411289, -0.020694948732852936, -0.009516077116131783, 0.0296296626329422, -0.02144331857562065, -0.08485977351665497, 0.06294911354780197, -0.07748136669397354, 0.0853670984506607, 0.003729369258508086, 0.05278290808200836, 0.005087034311145544, 0.051686841994524, -0.03941032290458679, -0.05725396052002907, 0.005452689714729786, -0.09920017421245575, 0.040431421250104904, -0.07802267372608185, 0.040497034788131714, 0.04940327629446983, -0.10304130613803864, 0.05588734149932861, 0.10656508058309555, -0.07295674085617065, 0.049905866384506226, -0.036839332431554794, 0.06891237199306488, -0.013956553302705288, -0.004829103592783213, 0.027265526354312897, -0.07556544244289398, 0.007569888606667519, -0.05600690469145775, 0.008140092715620995, 0.0037891005631536245, -0.0013298438861966133, -0.03579874709248543, -0.05250915139913559, 0.04384508728981018, -0.05477118864655495, 0.007544949185103178, 0.04767744615674019, -0.018439283594489098, 0.01501874066889286, 0.003676030784845352, 0.020047642290592194, -0.019879329949617386, 0.015416101552546024, -0.028067635372281075, -0.015856018289923668, 0.008171013556420803, 0.10127311199903488, -0.01140363235026598, 0.04412846639752388, -0.06862286478281021, 0.10601556301116943, 0.1078343540430069, 0.0046004438772797585, 0.00571328354999423, 0.036372050642967224, 0.016931336373090744, -0.002627583686262369, 0.04136805236339569, 0.023623470216989517, 0.0625007376074791, 0.03988067805767059, -0.028380177915096283, -0.017526891082525253, 0.018584802746772766, -0.03321054205298424, 0.07431760430335999, 0.0021728810388594866, -0.020484507083892822, 0.06295064836740494, 0.04594167321920395, -0.06672761589288712, 0.05945182964205742]"
18,Wikipedia & Web Search for Afghanistan,"ong natives to describe their country.

Hotak dynasty
In 1709, Mirwais Hotak, a local Ghilzai tribal leader, successfully rebelled against the Safavids. He defeated Gurgin Khan, the Georgian governor of Kandahar under the Safavids, and established his own kingdom. Mirwais died in 1715, and was succeeded by his brother Abdul Aziz, who was soon killed by Mirwais's son Mahmud for possibly planning to sign a peace with the Safavids. Mahmud led the Afghan army in 1722 to the Persian capital of Isfahan, and captured the city after the Battle of Gulnabad and proclaimed himself King of Persia. The Afghan dynasty was ousted from Persia by Nader Shah after the 1729 Battle of Damghan.
In 1738, Nader Sh","[-0.08401943743228912, 0.09739214926958084, -0.030589662492275238, 0.05873417854309082, -0.0551491342484951, -0.00725007988512516, 0.0597134530544281, -0.017587149515748024, 0.023011967539787292, -0.014688870869576931, -0.003605482866987586, -0.04208735376596451, 0.09620809555053711, -0.0656089335680008, -0.00620380649343133, 0.018264969810843468, -0.09941975772380829, 0.009050020948052406, -0.020397910848259926, -0.04770592227578163, -0.0026712387334555387, -0.06953537464141846, -0.029357120394706726, 0.01011617574840784, 0.09199593961238861, -0.046994563192129135, 0.04968642815947533, -0.0193538349121809, 0.02777513675391674, 0.03895219787955284, 0.052287664264440536, -0.08785572648048401, 0.009471725672483444, 0.1084957867860794, -0.03781593590974808, 0.07237794250249863, -0.05049288272857666, 0.07045940309762955, 0.0243784561753273, 0.07226933538913727, 0.04456527903676033, 0.0030403740238398314, 0.04014883562922478, 0.030971532687544823, 0.00359061686322093, 0.017069987952709198, 0.057851944118738174, -0.030031517148017883, -0.044334981590509415, 0.06063630431890488, -0.060412488877773285, 0.01997675560414791, 0.007283252198249102, -0.06034063920378685, 0.056351929903030396, -0.055939558893442154, 0.019584568217396736, -0.056877512484788895, 0.007591000758111477, -0.09331683814525604, -0.018443183973431587, 0.010587679222226143, -0.025663334876298904, -0.09736885130405426, -0.10405981540679932, -0.06183407083153725, 0.05833936110138893, -0.04226520285010338, 0.02480951137840748, 0.017773929983377457, 0.013291707262396812, 0.004302032757550478, -0.009945622645318508, 0.05046460032463074, -0.057684145867824554, -0.04302973672747612, -0.07031124085187912, 0.08873368054628372, -0.09067801386117935, -0.06061040982604027, 0.09889629483222961, 0.06819099187850952, -0.010646783746778965, 0.01837070658802986, 0.022148454561829567, 0.0342203825712204, -0.017658015713095665, -0.11502958089113235, 0.07746567577123642, -0.051352087408304214, 0.08497346192598343, 0.04705192521214485, 0.04358711093664169, -0.008913252502679825, 0.11068235337734222, -0.012520639225840569, 0.03967929258942604, 0.019260037690401077, -0.04470391571521759, 0.005664635915309191, 0.04982613027095795, -0.058923929929733276, 0.02240578457713127, 0.03043314628303051, 0.03878704831004143, -0.024171199649572372, -0.010820126160979271, -0.045744623988866806, -0.10357469320297241, 0.014008847065269947, -0.013129368424415588, -0.013556555844843388, -0.06310691684484482, 0.04152414947748184, 0.06983260810375214, -0.01895645633339882, -0.028763534501194954, 0.07911749184131622, -0.12976320087909698, 0.0006192997097969055, -0.06948904693126678, -0.024871043860912323, 0.01001677569001913, 0.017596907913684845, -0.002756320871412754, 0.08051574230194092, -0.020994678139686584, 0.012293567880988121, 0.03981950879096985, -0.08462616801261902, -0.04689322039484978, 0.010459373705089092, -0.05985578894615173, 0.014389699324965477, 0.06349977105855942, -0.11688480526208878, 0.04177829995751381, 0.0650867447257042, 0.028859956189990044, -0.07718680799007416, -0.03744836896657944, -0.033038511872291565, -0.05503463000059128, -0.0017835036851465702, -0.0440734326839447, -0.031620170921087265, 0.03814161941409111, -0.037736114114522934, 0.001844422658905387, 0.06322701275348663, -0.0001256960822502151, -0.11003182828426361, -0.040025148540735245, -0.009339971467852592, 0.03521221503615379, -0.07966319471597672, -0.015753744170069695, 0.062016673386096954, 0.05147629603743553, -0.004884924273937941, -0.026839427649974823, -0.0008686037035658956, -0.0848454013466835, -0.03826141729950905, -0.03920939937233925, -0.04301924630999565, -0.027206743136048317, -0.026538601145148277, 0.015318007208406925, -0.00518716499209404, -0.01822848804295063, 0.0460592545568943, 0.008431256748735905, 0.10467496514320374, -0.04646211117506027, -0.019439270719885826, -0.021824168041348457, -0.016307402402162552, -0.11099360138177872, 0.07532951235771179, 0.038993384689092636, 0.03004695288836956, -0.0073091452941298485, 0.02055816538631916, 0.01988697610795498, 0.03187813237309456, 0.03428886830806732, 0.0009418995468877256, -0.03986363485455513, -0.07685139030218124, -0.01433733943849802, 0.04617432504892349, -0.019408032298088074, -0.13421662151813507, -0.001577919814735651, 0.039809927344322205, 0.016548728570342064, -0.013521176762878895, 0.08038308471441269, -0.03576255589723587, -0.2171952873468399, 0.06438618898391724, -0.03296602889895439, -0.028005404397845268, 0.05787551775574684, -0.05268276482820511, -0.002353913616389036, 0.0005388369900174439, 0.06623523682355881, 0.07518870383501053, 0.01538931019604206, 0.03926354646682739, -0.06406956911087036, 0.031544193625450134, -0.0010763349710032344, -0.07886824011802673, -0.0179288350045681, 0.00519463000819087, -0.05763314664363861, 0.05061248689889908, 0.027855463325977325, -0.043082453310489655, -0.11858426034450531, -0.029848212376236916, 0.022742314264178276, -0.041220687329769135, 0.028015702962875366, 0.023169809952378273, 0.034678056836128235, 0.022305456921458244, -0.014692219905555248, 0.002749944105744362, -0.056995708495378494, 0.03411800414323807, 0.01702500879764557, -0.05565766617655754, 0.08817309141159058, -0.018360035493969917, 0.07010630518198013, -0.054684560745954514, 0.05843570455908775, -0.0323166698217392, 0.04135802388191223, 0.020608430728316307, 0.02830692008137703, -0.015903398394584656, -0.07769637554883957, 0.10827158391475677, -0.04456653818488121, 0.04163840785622597, -0.02613605372607708, -0.0035187869798392057, -0.04531782492995262, -0.02488658018410206, 0.07121162116527557, -0.02914857119321823, -0.014233727008104324, 0.005281655117869377, 0.0676690861582756, -0.020137762650847435, 0.017346033826470375, 0.0029120647814124823, -0.04448702186346054, -0.00582841644063592, 0.033121127635240555, -0.015393517911434174, 0.06388365477323532, 0.08988918364048004, -0.019679954275488853, 0.05837729200720787, 0.05411827936768532, 0.045690275728702545, -0.01646442711353302, -0.09555208683013916, 0.003667919896543026, 0.02930266782641411, 0.08071208745241165, -0.01897808536887169, 0.04134302958846092, -0.030789969488978386, 0.07868050038814545, -0.005383054260164499, 0.07995079457759857, -0.09534893929958344, -0.05538981407880783, -0.05356453359127045, 0.026381513103842735, 0.03591305390000343, -0.055917397141456604, 0.03336784616112709, 0.03798268362879753, -0.03193419426679611, 0.0024710900615900755, -0.037186481058597565, 0.033316247165203094, -0.054775599390268326, 0.0012983238557353616, -0.0060778832994401455, 0.026890607550740242, 0.09210924804210663, -0.000868898059707135, 0.04609430208802223, 0.0313401073217392, -0.07609401643276215, -0.010866949334740639, 0.020856579765677452, -0.01865464821457863, -0.051481712609529495, 0.01865881122648716, -0.005735841114073992, 0.0694257915019989, -0.065121129155159, 0.0679856538772583, -0.07232801616191864, 0.06353826820850372, -0.019336415454745293, 0.0021992719266563654, 0.06019808351993561, 0.11463724821805954, -0.054465457797050476, 0.05781229957938194, 0.020586520433425903, -0.05536625534296036, 0.04359995946288109, -0.06477098912000656, 0.058263231068849564, 0.04201633855700493, -0.02676299400627613, -0.01585700921714306, 0.10067839920520782, -0.03709595650434494, 0.011554504744708538, -0.06293032318353653, -0.044335078448057175, -0.001402432331815362, -0.02631465531885624, 0.06576050072908401, 0.01943258009850979, 0.0575069859623909, -0.10076601058244705, 0.023103252053260803, 0.003823868464678526, 0.009810809046030045, 0.02101103402674198, 0.026035552844405174, -0.019049212336540222, 0.008276333101093769, -0.02396019734442234, 0.027085518464446068, -0.010876440443098545, -0.02904009073972702, -0.017908263951539993, 0.020887427031993866, -0.0359121710062027, 0.0029934861231595278, 0.09514718502759933, -0.027004683390259743, -0.026654284447431564, 0.10328395664691925, -0.04843049496412277, 0.0334596112370491, 0.025964252650737762, 0.06864071637392044, -0.011624593287706375, -0.0018418413819745183, 0.033826518803834915, -0.0008191193919628859, 0.024295872077345848, -0.03221756964921951, 0.0745144784450531, 0.003791729686781764, 0.04211921617388725, 0.03928660601377487, 0.03752510994672775, -0.020282087847590446, -0.017536023631691933, -0.055509053170681, 0.02464727871119976, 0.02380734123289585, -0.061062756925821304, 0.04341154173016548, 0.01624355837702751, -0.09076124429702759, -0.0060929544270038605]"
19,Wikipedia & Web Search for Afghanistan,"ah and his forces captured Kandahar in the siege of Kandahar, the last Hotak stronghold, from Shah Hussain Hotak. Soon after, the Persian and Afghan forces invaded India, Nader Shah had plundered Delhi, alongside his 16-year-old commander, Ahmad Shah Durrani who had assisted him on these campaigns. Nader Shah was assassinated in 1747.

Durrani Empire
Ahmad Shah had launched two campaigns into Khorasan, 1750–1751 and 1754–1755.

Barakzai dynasty and British wars
By the early 19th century, the Afghan empire was under threat from the Persians in the west and the Sikh Empire in the east. Fateh Khan, leader of the Barakzai tribe, installed many of his brothers in positions of power throughout the","[-0.044680651277303696, 0.10638568550348282, -0.01647849567234516, -0.014735857024788857, 0.014758768491446972, 0.011139249429106712, 0.06521190702915192, 0.06423714011907578, 0.012806262820959091, -0.025899700820446014, 0.03654894977807999, -0.03049900010228157, 0.07981288433074951, -0.061168212443590164, 0.006843164097517729, 0.015238948166370392, -0.09817176312208176, -0.033010076731443405, -0.01460012886673212, -0.06355424970388412, -0.04897182434797287, 0.0007528268615715206, 0.042301759123802185, -0.058900222182273865, 0.052674055099487305, -0.07600558549165726, -0.0008508957107551396, -0.02121289074420929, 0.025416897609829903, 0.007309069391340017, 0.02022215723991394, -0.09138497710227966, 0.004120999947190285, 0.06186916306614876, -0.0249068234115839, 0.06561422348022461, 0.0027638499159365892, 0.08514239639043808, 0.038870759308338165, -0.0093874242156744, 0.01903989352285862, -0.006422120146453381, 0.08011805266141891, 0.005698080640286207, -0.009658262133598328, 0.05255479738116264, 0.024863887578248978, -0.07113895565271378, -0.052381403744220734, -0.02580987475812435, 0.05690788850188255, 0.056874971836805344, 0.003698522923514247, -0.08169480413198471, 0.08455866575241089, -0.041965097188949585, -0.021522004157304764, 0.045881714671850204, 0.02572387270629406, -0.025026941671967506, -0.02600635215640068, 0.07460897415876389, -0.07266002893447876, -0.06752374768257141, -0.07391741871833801, -0.09393042325973511, 0.11763976514339447, -0.060517918318510056, 0.006669884081929922, 0.040404949337244034, 0.030195098370313644, 0.06569086760282516, -0.022694263607263565, -0.09181231260299683, -0.1011199951171875, -0.03235086053609848, -0.09470310807228088, 0.06247887760400772, -0.11799886077642441, -0.07422435283660889, 0.068572498857975, 0.043084632605314255, 0.01033257506787777, 0.0462854765355587, -0.04214412346482277, -0.010716906748712063, -0.021803051233291626, -0.051093924790620804, 0.05891535431146622, 0.0353543683886528, 0.09639335423707962, 0.0029224168974906206, 0.03285367041826248, 0.0762895867228508, 0.07250943779945374, -0.01608641818165779, 0.05713535472750664, 0.07017777860164642, -0.07173462957143784, 0.037705522030591965, -0.0022850234527140856, -0.03051125258207321, 0.010217052884399891, -0.03750067949295044, 0.014727280475199223, -0.031129665672779083, -0.015506541356444359, -0.07139953225851059, -0.16549113392829895, 0.027035869657993317, -0.06159144639968872, -0.021412042900919914, 0.031006745994091034, -0.048333123326301575, 0.050712235271930695, -0.05371879041194916, -0.051456425338983536, 0.034194041043519974, -0.14496047794818878, -0.020940953865647316, -0.06075364723801613, 0.007010813802480698, 0.012753685936331749, 0.03128157556056976, -0.03642787039279938, 0.004466541577130556, -0.0048182387836277485, 0.06691236048936844, 0.014490035362541676, -0.09228412061929703, -0.018254972994327545, 0.04232963174581528, -0.07328037917613983, -0.0475362129509449, 0.0667424276471138, -0.014759705401957035, 0.014138853177428246, 0.012243717908859253, 0.041818827390670776, -0.07295376062393188, 0.004230734426528215, -0.047017816454172134, -0.010294160805642605, -0.009663122706115246, 0.008102728985249996, -0.023772921413183212, 0.044885892421007156, -0.05120342597365379, -0.021047089248895645, 0.021287744864821434, 0.035989318042993546, -0.06012648716568947, -0.024441923946142197, -0.03280312195420265, 0.033424295485019684, -0.0392075851559639, -0.012485979124903679, 0.04974332079291344, 0.04345156252384186, -0.029089685529470444, -0.06278980523347855, -0.006089222617447376, -0.024854784831404686, 0.03406746685504913, -0.08351700007915497, -0.03877687454223633, 0.01824979856610298, -0.03532014787197113, 0.031275901943445206, 0.030807970091700554, -0.0077260215766727924, -0.018286703154444695, 0.0060900915414094925, 0.0424589142203331, -0.05207732692360878, -0.02062975987792015, -0.09403935819864273, 0.00611956138163805, -0.014764375984668732, 0.036260128021240234, -0.015263181179761887, -0.056328292936086655, -0.04661303013563156, 0.050326865166425705, 0.062308065593242645, 0.022409405559301376, 0.0439390167593956, 0.10070379823446274, 0.00706179253757, 0.00048408721340820193, -0.04072975367307663, 0.007105979137122631, -0.11506311595439911, -0.08903735876083374, -0.04530657082796097, 0.03978228196501732, -0.037350673228502274, 0.04030229523777962, 0.07033728808164597, -0.062281642109155655, -0.11996927857398987, 0.004077996592968702, -0.047976162284612656, -0.04667835682630539, 0.009894270449876785, -0.05505247041583061, -0.017229631543159485, -0.01570012979209423, -0.017673110589385033, 0.04538726806640625, 0.08195246756076813, -0.0023063658736646175, 0.0003847674233838916, 0.032625872641801834, 0.0004574019694700837, -0.032940495759248734, 0.027359802275896072, 0.04682677239179611, -0.11883629113435745, -0.00020459915685933083, 0.05665815621614456, -0.11396166682243347, -0.01852446049451828, -0.02220216952264309, 0.04919261857867241, -0.05490708723664284, 0.008958113379776478, -0.010089592076838017, 0.06675336509943008, 0.0236935056746006, -0.045859817415475845, -0.021641023457050323, -0.06791660934686661, 0.0014168808702379465, -0.042468082159757614, 0.0415160097181797, 0.07565479725599289, -0.0005674546700902283, 0.08535332977771759, -0.029948381707072258, 0.013419179245829582, -0.04885287955403328, -0.01400478184223175, 0.0534387081861496, 0.037842463701963425, -0.008727378211915493, -0.05159209668636322, 0.10160721838474274, 0.030827872455120087, 0.0003085934731643647, -0.04210226982831955, 0.04831318184733391, -0.005431280937045813, -0.02500925399363041, 0.03829426318407059, -0.07346577942371368, -0.0016262555727735162, 0.08540014177560806, 0.01010189950466156, -0.05460759252309799, 0.018827734515070915, 0.0217296089977026, -0.03131304308772087, -0.009386117570102215, 0.04501885548233986, -0.02683418244123459, 0.06399010121822357, 0.02313559502363205, 0.0369812473654747, 0.004033426288515329, 0.02724897488951683, 0.0009563765488564968, 0.03285878151655197, -0.07822096347808838, 0.07463327795267105, 0.022897468879818916, 0.010054538026452065, -0.03365694731473923, 0.06666827201843262, 0.056276123970746994, 0.0705578476190567, 0.011709618382155895, 0.15187107026576996, -0.14376474916934967, 0.01056740153580904, -0.038547344505786896, 0.05549454316496849, -0.012035193853080273, -0.06089272350072861, 0.04944422096014023, 0.07455237209796906, -0.01727179065346718, 0.02772270329296589, -0.07192816585302353, -0.00639856094494462, -0.024052249267697334, -0.011591173708438873, -0.0193480234593153, -0.03463096544146538, 0.0828881487250328, -0.01687309332191944, 0.05532935634255409, 0.011584821157157421, -0.0284890066832304, -0.041465193033218384, 0.07301000505685806, -0.03924834355711937, 0.020819544792175293, 0.017000727355480194, 0.004753668326884508, 0.0666676014661789, -0.07630844414234161, -0.0213179774582386, -0.06842993199825287, 0.060500144958496094, -0.02813676930963993, 0.0616057924926281, 0.11301686614751816, 0.11101589351892471, -0.03719799220561981, -0.03833631053566933, 0.010114532895386219, -0.03522833436727524, 0.026761159300804138, 0.012015087530016899, 0.09973150491714478, 0.026328133419156075, 0.02033458650112152, 0.10729008167982101, 0.04747171700000763, -0.00905013270676136, -0.025399602949619293, -0.013422503136098385, 0.07624898105859756, -0.04355320334434509, -0.0041405390948057175, 0.014143810607492924, -0.0640624389052391, -0.023325730115175247, -0.08892592042684555, 0.027080880478024483, -0.00843872595578432, 0.05563155561685562, 0.024599460884928703, 0.03252653405070305, 0.07638932764530182, -0.037087731063365936, -0.042098820209503174, -0.03774811327457428, -0.009157046675682068, 0.006573030725121498, -0.07391227781772614, -0.04976482316851616, -0.05313171446323395, 0.049426741898059845, 0.11334109306335449, 0.06266304850578308, -0.029108107089996338, 0.06418460607528687, -0.027943747118115425, 0.004073796793818474, -0.028270188719034195, 0.07030744850635529, 0.08736149966716766, 0.03370941802859306, 0.06843182444572449, -0.013050395995378494, 0.001724979025311768, -0.03397247567772865, 0.03198846057057381, 0.005374451633542776, 0.007635040208697319, 0.04558877646923065, 0.05817049741744995, 0.01327132061123848, 0.006975636817514896, -0.01690555550158024, 0.001626896788366139, -0.005591405555605888, 0.00038715905975550413, 0.05717647448182106, -0.013874874450266361, -0.06858666986227036, 0.004555027931928635]"
20,Wikipedia & Web Search for Afghanistan," empire. Fateh Khan was brutally murdered in 1818 by Mahmud Shah. As a result, the brothers of Fateh Khan and the Barakzai tribe rebelled, and a civil war brewed. During this turbulent period, Afghanistan fractured into many states, including the Principality of Qandahar, Emirate of Herat, Khanate of Qunduz, Maimana Khanate, and numerous other warring polities. The most prominent state was the Emirate of Kabul, ruled by Dost Mohammad Khan.
Akbar Khan and the Afghan army failed to capture the Jamrud Fort from the Sikh Khalsa Army, but killed Sikh commander Hari Singh Nalwa, thus ending the Afghan-Sikh Wars.

In 1893, Abdur Rahman signed an agreement in which the ethnic Pashtun and Baloch terr","[-0.004619930870831013, 0.10406837612390518, 0.02062266692519188, -0.0034565215464681387, 0.024157464504241943, 0.017480267211794853, 0.08454971760511398, 0.009383353404700756, 0.0008141420548781753, -0.005926812067627907, -0.014262760989367962, -0.047741565853357315, 0.029016641899943352, -0.041896965354681015, -0.032001327723264694, -0.009274980053305626, -0.06651975214481354, -0.04621487483382225, -0.008082780987024307, -0.05092461779713631, 0.019817769527435303, -0.029460450634360313, 0.05192685127258301, -0.036884091794490814, 0.04533839225769043, -0.047617897391319275, 0.06154777854681015, 0.02962261624634266, 0.019948109984397888, 0.01858389563858509, -0.019429702311754227, -0.07162070274353027, -0.00643447320908308, 0.052880335599184036, -0.024533173069357872, 0.05397302284836769, 0.0352850966155529, 0.10109397023916245, 0.03572096675634384, -0.04339464753866196, 0.06881074607372284, 0.09038129448890686, 0.05996108800172806, 0.0025542057119309902, 0.03807922825217247, 0.031595177948474884, 0.057085830718278885, 0.005038063041865826, -0.06970126181840897, 0.006534802261739969, 0.018289580941200256, 0.11334193497896194, 0.02223130315542221, -0.06542415916919708, 0.09375308454036713, -0.10262002795934677, -0.04379316046833992, 0.028645507991313934, 0.010136563330888748, 0.015544411726295948, -0.06321685761213303, 0.024039145559072495, -0.068366639316082, -0.090177021920681, -0.01817782036960125, -0.045523881912231445, 0.07994243502616882, -0.06411607563495636, 0.04931788519024849, 0.009400139562785625, 0.025680651888251305, 0.03271714225411415, 0.046321380883455276, -0.045078083872795105, -0.10386969149112701, -0.0553097240626812, -0.06172414869070053, 0.05862252786755562, -0.06572089344263077, -0.015184417366981506, 0.04158332943916321, 0.08461370319128036, 0.11120934039354324, -0.0018468343187123537, -0.07374540716409683, -0.08559178560972214, -0.03860657662153244, -0.01808323711156845, 0.030362896621227264, 0.008386597037315369, 0.024833260104060173, -0.01398638915270567, 0.08799389004707336, 0.03550461679697037, 0.08821885287761688, 0.040528055280447006, 0.044409528374671936, 0.061262428760528564, -0.05185513570904732, -0.0032386542297899723, 0.037384726107120514, -0.1086595430970192, -0.029821597039699554, 0.026583757251501083, 0.028664806857705116, 0.000586821639444679, -0.06615159660577774, -0.027803748846054077, -0.09802529960870743, 0.042037270963191986, -0.025156060233712196, -0.014175232499837875, -0.011194098740816116, -0.028444722294807434, 0.019821830093860626, -0.038318932056427, -0.01106290053576231, 0.01084763091057539, -0.14464639127254486, -0.04735780507326126, -0.03816772252321243, -0.057773325592279434, 0.011804557405412197, 0.01191708818078041, 0.026511752977967262, 0.05588206648826599, -0.038813766092061996, 0.04404124990105629, 0.011920776218175888, -0.13806486129760742, -0.01683158241212368, 0.017038937658071518, -0.12002330273389816, -0.04032222181558609, 0.02037506178021431, 0.003213140880689025, 0.00352295720949769, 0.00432452280074358, 0.04534020274877548, -0.10952864587306976, -0.03714633360505104, -0.09442099183797836, -0.04503308981657028, -0.03756260126829147, -0.04233962669968605, 0.044427551329135895, 0.006948371417820454, -0.05401146039366722, -0.010576894506812096, 0.06970208883285522, 0.03528504818677902, -0.10496445745229721, -0.015275029465556145, 0.04965538531541824, -0.018426474183797836, -0.029410632327198982, -0.03021792694926262, 0.025669684633612633, 0.07025137543678284, -0.013265690766274929, -0.0002422476391075179, -0.018552111461758614, -0.04067564383149147, 0.04013211280107498, -0.05018189921975136, 0.026577915996313095, -0.0056768376380205154, -0.02452634647488594, -0.008330351673066616, 0.04006271809339523, -0.0087653249502182, -0.020698843523859978, 0.02061218023300171, -0.008073817007243633, -0.05814662575721741, -0.012632091529667377, -0.10295787453651428, 0.005098841618746519, 0.002797315828502178, 0.039594948291778564, 0.018120966851711273, -0.018019353970885277, -0.07181626558303833, 0.0534699410200119, 0.030782287940382957, 0.014686474576592445, 0.04435685649514198, 0.07686615735292435, 0.0025137383490800858, -0.03688279539346695, -0.05910469591617584, 0.06530440598726273, -0.01907660812139511, -0.10038409382104874, -0.018929854035377502, 0.016974836587905884, 0.002177269198000431, 0.05575862154364586, 0.015722766518592834, 0.005737540312111378, -0.06598877906799316, 0.0893695130944252, -0.08807782083749771, -0.0782727301120758, 0.059428464621305466, -0.05328836292028427, -0.07482825964689255, 0.01944117806851864, 0.008787172846496105, 0.08706380426883698, 0.0535416342318058, -0.004559850785881281, -0.02859737165272236, 0.04280858114361763, 0.034428391605615616, -0.06926418840885162, -0.0347709059715271, 0.08052441477775574, -0.05359518527984619, 0.007968051359057426, 0.05923590809106827, 0.0019411233952268958, -0.08496879041194916, -0.05765499919652939, 0.0598163865506649, -0.04548214003443718, -0.013969503343105316, -0.031028632074594498, 0.053053148090839386, -0.025433259084820747, -0.012861675582826138, 0.00512826768681407, -0.049915414303541183, 0.03383450582623482, -0.012257394380867481, -0.022023849189281464, 0.1444300413131714, 0.006108601577579975, -0.005580674856901169, -0.02540477178990841, 0.0721934586763382, -0.05874809995293617, 0.010626494884490967, -0.008698945865035057, 0.07229955494403839, -0.030928507447242737, -0.0963941439986229, 0.03572531044483185, 0.04132138937711716, -0.010233517736196518, -0.03637539967894554, -0.020432278513908386, -0.025045577436685562, -0.013675495982170105, 0.06541430205106735, -0.010607745498418808, 0.019339850172400475, 0.08196079730987549, 0.027121448889374733, -0.10123608261346817, 0.011581327766180038, 0.018389007076621056, 0.006394203752279282, -0.029865948483347893, 0.019360195845365524, -0.013959337957203388, 0.04254095256328583, 0.08760916441679001, 0.009813034906983376, 0.09678252786397934, 0.013470737263560295, 0.057416968047618866, 0.08616889268159866, -0.11739744246006012, -0.0014492268674075603, -0.014648056589066982, 0.028895793482661247, -0.06369166821241379, 0.08272905647754669, 0.02233906276524067, 0.055890168994665146, 0.007772043813019991, 0.11911402642726898, -0.050782717764377594, -0.053691159933805466, -0.05695997551083565, 0.062033914029598236, 0.0162009596824646, -0.08887314051389694, 0.06367303431034088, -0.005404849536716938, 0.015553375706076622, 0.04354390874505043, -0.004206356592476368, 0.022767802700400352, -7.950035796966404e-05, -0.04569314792752266, 0.05443098768591881, -0.01637982577085495, 0.12263307720422745, -0.0058996407315135, 0.07109444588422775, -0.03485001623630524, 0.017929375171661377, 0.033350832760334015, 0.042346179485321045, -0.0295335091650486, -0.023155786097049713, 0.012193250469863415, 0.029122445732355118, 0.006677440367639065, -0.05071794614195824, -0.05952836573123932, -0.07251371443271637, 0.0017367308028042316, -0.09431517124176025, 0.04166736081242561, -0.010654201731085777, 0.03170492500066757, -0.07895326614379883, -0.04022347554564476, -0.025465991348028183, -0.061253368854522705, -0.0016053611179813743, -0.06163311004638672, 0.1312713772058487, 0.09016014635562897, 0.04154587164521217, 0.05002438277006149, 0.03269607946276665, 0.011447608470916748, 0.027200298383831978, -0.02219989523291588, 0.00611839396879077, -0.09574668109416962, -0.07441172748804092, -0.06435800343751907, -0.06137526407837868, 0.0017941778060048819, -0.055359818041324615, 0.05282974988222122, -0.033486030995845795, -0.026349853724241257, 0.029692010954022408, -0.000662508828099817, 0.039066288620233536, 0.015936939045786858, -0.07464398443698883, -0.010259905830025673, 0.058869149535894394, 0.012225032784044743, -0.025617392733693123, 0.04394660145044327, -0.035207007080316544, -0.001502524595707655, 0.06790009140968323, 0.02118784189224243, 0.007670231629163027, 0.0701853334903717, -0.06616341322660446, 0.0529349260032177, 0.0006684701074846089, 0.02629009820520878, 0.051002584397792816, 0.05032125487923622, 0.04161183163523674, -0.038305651396512985, 0.0740659236907959, 0.002207638695836067, -0.011653156951069832, 0.0804857388138771, 0.04378023371100426, -0.009884865954518318, -0.027735648676753044, 0.07517179101705551, 0.0012716756900772452, -0.0008924928260967135, -0.03872676566243172, 0.0037625436671078205, 0.014984499663114548, 0.07430262118577957, -0.041651029139757156, -0.09593822062015533, -0.03466823324561119]"
21,Wikipedia & Web Search for Afghanistan,"itories were divided by the Durand Line, which forms the modern-day border between Pakistan and Afghanistan. Shia-dominated Hazarajat and pagan Kafiristan remained politically independent until being conquered by Abdur Rahman Khan in 1891–1896. He was known as the ""Iron Amir"" for his features and his ruthless methods against tribes. He died in 1901, succeeded by his son, Habibullah Khan.How can a small power like Afghanistan, which is like a goat between these lions [Britain and Russia] or a grain of wheat between two strong millstones of the grinding mill, stand in the midway of the stones without being ground to dust?
During the First World War, when Afghanistan was neutral, Habibullah Kha","[-0.0250017661601305, 0.034997910261154175, -0.05740201100707054, 0.051859401166439056, -0.03962905704975128, 0.025225404649972916, 0.020773621276021004, -0.033342454582452774, 0.04188932850956917, -0.030422531068325043, 0.1003754585981369, 0.007219790481030941, 0.07456788420677185, -0.09354684501886368, -0.0010881858179345727, -0.0037298372481018305, -0.13163858652114868, -0.053779106587171555, -0.035178881138563156, -0.04320782423019409, -0.0205495934933424, -0.026906760409474373, -0.08052181452512741, -0.030149683356285095, 0.04765162616968155, -0.05039958655834198, 0.0930224061012268, 0.027751654386520386, 0.013655170798301697, -0.006237950176000595, 0.008844436146318913, -0.07919780910015106, 0.016700072214007378, 0.060216836631298065, -0.021956302225589752, 0.03944067656993866, 0.10322348028421402, 0.03521635755896568, 0.03260656073689461, 0.030822988599538803, 0.04428326338529587, 0.0023160430137068033, 0.06741657853126526, -0.016140803694725037, 0.04388698190450668, -0.05179736018180847, -0.03416600450873375, 0.0076728565618395805, -0.05470128357410431, 0.02974114567041397, 0.074288509786129, 0.10958325117826462, -0.07156425714492798, -0.08665170520544052, 0.06680860370397568, -0.0838092714548111, -0.05265096575021744, 0.07090198248624802, -0.05410533770918846, 0.02025977335870266, -0.017113370820879936, 0.0636163279414177, -0.020814569666981697, -0.03953414782881737, -0.10654198378324509, -0.03860950469970703, 0.09477831423282623, -0.06469863653182983, 0.023614700883626938, 0.007709542755037546, -0.03595813736319542, 0.0051971240900456905, -0.014936541207134724, -0.08183625340461731, -0.04516305774450302, -0.025525495409965515, -0.05092991515994072, 0.05921510234475136, -0.06185083091259003, -0.06608817726373672, 0.004696127027273178, 0.09610775113105774, 0.04731658473610878, 0.038046833127737045, -0.03316446766257286, -0.012659555301070213, -0.042019959539175034, -0.023614827543497086, -0.016499381512403488, 0.017667531967163086, 0.06852704286575317, -0.011219176463782787, 0.072247713804245, 0.008462022989988327, 0.1204577386379242, 0.07189486175775528, -0.014182372018694878, 0.015572361648082733, -0.017270604148507118, -0.019992101937532425, -0.004817263223230839, 0.01582707278430462, -0.012091141194105148, 0.02547568641602993, 0.03443019464612007, 0.018591327592730522, -0.042027175426483154, -0.08420553803443909, -0.09601229429244995, 0.0026299934834241867, 0.02844807505607605, -0.07492561638355255, 0.007343187928199768, 0.0019752501975744963, 0.01546564046293497, 0.016815774142742157, -0.05941448360681534, 0.02787071280181408, -0.08473256230354309, 0.01758517324924469, -0.04836596921086311, 0.02245817333459854, 0.08103810250759125, 0.07570966333150864, 0.07921569794416428, 0.06554647535085678, 0.02742457017302513, 0.046923063695430756, -0.02200881391763687, -0.09678439050912857, 0.0029048114083707333, -0.010675986297428608, -0.11055952310562134, -0.019171390682458878, 0.015401002019643784, -0.002430559601634741, -0.048458900302648544, -0.011643033474683762, 0.04651530459523201, -0.02481192536652088, 0.015570908784866333, -0.10076943039894104, -0.033424630761146545, -0.008289949968457222, -0.04897787794470787, -0.03551800176501274, 0.06167476996779442, -0.012415398843586445, -0.020999902859330177, 0.0934283435344696, 0.056486669927835464, -0.03768004849553108, 0.02296038158237934, -0.007955070585012436, 0.0019296432146802545, -0.00949059147387743, -0.028590653091669083, 0.06316421926021576, 0.04274768754839897, -0.0820646733045578, -0.07623887807130814, -0.002741135424003005, -0.02461860701441765, 0.049839265644550323, 0.0030927457846701145, -0.06369666010141373, -0.06819138675928116, 0.014344926923513412, 0.026190439239144325, -0.028153983876109123, 0.04056861251592636, 0.025607483461499214, 0.09770920127630234, 0.025307757779955864, -0.033893633633852005, -0.05747813358902931, -0.12572750449180603, -0.014247513376176357, -0.07015622407197952, 0.07667788118124008, 0.06324785947799683, -0.01825512945652008, -0.07140593975782394, 0.012476535513997078, -0.04134119674563408, 0.015574661083519459, 0.018991932272911072, 0.08047465234994888, 0.06535318493843079, -0.031043073162436485, 0.01820298843085766, 0.006369904614984989, -0.05922748148441315, -0.05485858768224716, 0.00477079302072525, -0.0027201867196708918, 0.003936796449124813, 0.07753702998161316, 0.014167660847306252, -0.005181054584681988, -0.17195940017700195, 0.047413479536771774, -0.04419910907745361, -0.06996368616819382, -0.02288629300892353, -0.04453789070248604, 0.03068106435239315, -0.04402635991573334, -0.011826696805655956, 0.03309657424688339, 0.09008590131998062, -0.04228398948907852, -0.028366608545184135, -0.022216906771063805, 0.04380199685692787, -0.01808077283203602, 0.03784148022532463, 0.004073409363627434, -0.06768394261598587, 0.062179770320653915, 0.033445343375205994, -0.07804025709629059, 0.021081184968352318, -0.04500553756952286, 0.04018402472138405, -0.010907175950706005, -0.04498639702796936, -0.002878614002838731, -0.036976005882024765, 0.050347477197647095, -0.009662346914410591, 0.03415392339229584, -0.0425710454583168, 0.05457166209816933, 0.019946254789829254, 0.01713833212852478, 0.1048416793346405, -0.07812561094760895, 0.05068908631801605, -0.06021106243133545, 0.034766461700201035, -0.036566730588674545, 0.028363501653075218, -0.006015124265104532, 0.010386733338236809, -0.011004884727299213, -0.055385202169418335, 0.079550601541996, 0.02677140012383461, 0.11217262595891953, -0.058154091238975525, -0.06077415868639946, -0.00248072505928576, 0.025135895237326622, 0.03677987679839134, -0.025974789634346962, -0.028935004025697708, 0.026417378336191177, 0.055572204291820526, -0.05577114596962929, -0.08717504143714905, 0.07832808047533035, 0.0009120671893469989, 0.0024189406540244818, 0.02832159772515297, 0.009445734322071075, 0.03719716519117355, 0.05465494468808174, -0.027705423533916473, 0.06042174994945526, 0.0008827478741295636, 0.09901425987482071, 0.04595084488391876, -0.10040609538555145, 0.03987148031592369, 0.034228794276714325, 0.05315462872385979, -0.09315212070941925, 0.024791967123746872, -0.02730385772883892, 0.030544977635145187, 0.03806845843791962, 0.05388699471950531, -0.049467362463474274, -0.08459418267011642, -0.02349725179374218, 0.042882803827524185, -0.018344169482588768, -0.08536215126514435, 0.05038514360785484, 0.02751273848116398, -0.07069766521453857, 0.02757728286087513, -0.03235790133476257, 0.05772380158305168, -0.006455743685364723, -0.053030334413051605, -0.01034442987293005, -0.0005851940950378776, 0.10314023494720459, 0.05156087875366211, 0.07832042127847672, 0.0094562117010355, -0.018396111205220222, -0.03720318153500557, 0.09090860933065414, -0.06420008093118668, -0.024380754679441452, 0.058222848922014236, -0.03503120690584183, -0.0466684028506279, -0.06358105689287186, 0.04961696267127991, -0.05217979848384857, 0.07112927734851837, -0.0321614034473896, 0.006555392872542143, 0.06858641654253006, 0.0828310176730156, -0.09265245497226715, -0.042689964175224304, 0.006677455734461546, -0.07181106507778168, 0.014763804152607918, 0.010207472369074821, 0.09953707456588745, 0.02750437706708908, -0.08799141645431519, 0.015945954248309135, 0.0609067939221859, -0.04959294945001602, 0.08865533024072647, -0.019090279936790466, -0.010266641154885292, -0.024700738489627838, -0.019559217616915703, 0.010560434311628342, -0.07099273055791855, 0.01960032992064953, -0.03690817579627037, -0.05897684395313263, -0.0663771852850914, -0.07675149291753769, -0.006186768878251314, -0.010306707583367825, 0.0447828471660614, -0.024722160771489143, -0.059065937995910645, -0.013723574578762054, 0.026191627606749535, 0.06486597657203674, -0.004908933769911528, -0.060872070491313934, 0.036047253757715225, 0.04923015087842941, 0.015858039259910583, -0.008573072031140327, 0.007924229837954044, 0.105782151222229, 0.002818383974954486, 0.04579238221049309, -0.03948376327753067, 0.04721137136220932, 0.018330682069063187, 0.05600886791944504, 0.062366824597120285, -0.026341361925005913, 0.027293715626001358, -0.0415533185005188, 0.022493787109851837, 0.09886421263217926, -0.015293078497052193, 0.0534837543964386, -0.008225055411458015, -0.01519397459924221, -0.03162383288145065, 0.00012176902964711189, 0.0011179945431649685, -0.047003187239170074, 0.05428805574774742, 0.018521614372730255, 0.022571340203285217, 0.04265274107456207, -0.004880198743194342]"
22,Wikipedia & Web Search for Afghanistan,"n was met by officials of the Central Powers in the Niedermayer–Hentig Expedition. They called on Afghanistan to declare full independence from the United Kingdom, join them and attack British India, as part of the Hindu–German Conspiracy. The effort to bring Afghanistan into the Central Powers failed, but it sparked discontent among the population about maintaining neutrality with the British. Habibullah was assassinated in February 1919, and Amanullah Khan eventually assumed power. A staunch supporter of the 1915–1916 expeditions, Amanullah Khan invaded British India, beginning the Third Anglo-Afghan War, and entering British India via the Khyber Pass.

Following the end of the Third Anglo","[-0.049479059875011444, 0.026616401970386505, -0.006028373725712299, 0.002730441279709339, 0.016444504261016846, -0.025898737832903862, 0.042324233800172806, -0.04869458079338074, -0.030497580766677856, -0.009847556240856647, -0.01820087432861328, -0.011549685150384903, 0.05939190462231636, -0.03011319786310196, 0.02916010096669197, 0.03566624969244003, -0.058141376823186874, -0.09867557138204575, -0.022965332493185997, -0.04664330929517746, -0.00623601907864213, -0.012223886325955391, 0.06424838304519653, -0.020553957670927048, 0.12050534784793854, -0.07512712478637695, 0.06680998206138611, -0.04410770535469055, 0.02444366179406643, -0.03310033679008484, 0.030417539179325104, -0.053680628538131714, 0.028096867725253105, -0.003304755548015237, -0.00810286682099104, 0.10817211866378784, 0.05167554318904877, 0.01815699227154255, 0.04993833974003792, -0.05258384346961975, 0.024817628785967827, 0.0014419355429708958, 0.11017883569002151, -0.019369404762983322, 0.036450501531362534, 0.07317797839641571, 0.018157051876187325, -0.01134424190968275, -0.07164301723241806, 0.037209898233413696, 0.0623682402074337, 0.07043398171663284, -0.05527964234352112, -0.14259259402751923, 0.12245536595582962, -0.06968085467815399, -0.0748693197965622, 0.02340708114206791, 0.04987289384007454, 0.03672046214342117, -0.06514552235603333, 0.03313301131129265, -0.03836843743920326, -0.009839127771556377, -0.07070247083902359, -0.033796876668930054, 0.08334022015333176, -0.12972548604011536, 0.01939581148326397, 0.003107739146798849, 0.08577726781368256, 0.03826110064983368, 0.030816758051514626, -0.06617660820484161, -0.042876556515693665, -0.03377070650458336, -0.03423864394426346, 0.07674593478441238, -0.05984615907073021, 0.022964440286159515, 0.03308458253741264, 0.07433353364467621, 0.10194841772317886, 0.09008635580539703, 0.0056855943985283375, -0.04991251230239868, -0.018452391028404236, -0.034835826605558395, 0.05667470768094063, -0.01073831133544445, 0.05171305313706398, 0.0008694006828591228, -0.0022392182145267725, 0.057488929480314255, 0.10391493141651154, 0.008215590380132198, 0.08149491995573044, 0.02607833407819271, -0.06987526267766953, 0.004085709806531668, 0.004429900553077459, -0.009173881262540817, 0.010155756957828999, 0.0017599978018552065, -0.005312987603247166, -0.029197076335549355, 0.009223907254636288, -0.08624923974275589, -0.070488341152668, 0.061698779463768005, 0.012619695626199245, -0.05079101771116257, 0.03322039544582367, -0.07953236997127533, 0.006066641304641962, -0.047507233917713165, -0.021193984895944595, -0.005175507161766291, -0.09824381023645401, -0.01584583893418312, -0.028711602091789246, 0.031305525451898575, 0.05106963589787483, 0.03099004179239273, -0.007892759516835213, 0.05596472695469856, 0.017889993265271187, -0.0037702119443565607, -0.04141176491975784, -0.12838980555534363, -0.06147969514131546, 0.0626382827758789, -0.11753728240728378, -0.025549262762069702, 0.10213951766490936, 0.013985969126224518, 0.0073249158449471, -0.061416782438755035, -0.0053675295785069466, -0.01245286874473095, 0.029018746688961983, -0.04375511035323143, -0.02377554588019848, -0.03311123326420784, -0.055766429752111435, 0.006547498516738415, 0.061337921768426895, -0.01020265743136406, -0.05776562541723251, 0.012430708855390549, 0.05166102200746536, -0.026212289929389954, -0.05942431092262268, 0.027555350214242935, 0.005575711838901043, 0.0013081768993288279, 0.019561121240258217, 0.04654686152935028, 0.05383869260549545, -0.033933065831661224, -0.011440088041126728, -0.047744669020175934, -0.06280365586280823, 0.015945950523018837, -0.05440307408571243, -0.026132283732295036, -0.07332268357276917, -0.004013874568045139, -0.0018501817248761654, 0.037753455340862274, -0.08397524058818817, -0.06807416677474976, 0.13508491218090057, -0.0176758524030447, -0.06280634552240372, -0.02016303315758705, -0.02827335149049759, 0.05543321743607521, 0.01081024669110775, -0.02408129908144474, 0.027760230004787445, -0.0741594210267067, -0.025535989552736282, 0.08238250762224197, -0.029958095401525497, 0.03654186800122261, 0.020196914672851562, 0.0675138309597969, 0.035350050777196884, -0.007710596080869436, -0.027148213237524033, 0.0721098780632019, -0.021998893469572067, 0.01330201979726553, -0.013099439442157745, 0.013525093905627728, -0.04399733245372772, 0.019448213279247284, -0.023369736969470978, 0.04008634760975838, -0.11298947781324387, 0.061753444373607635, -0.07343147695064545, 0.006927707232534885, -0.015081310644745827, -0.039552558213472366, 0.05614350736141205, -0.050540849566459656, 0.03182665631175041, 0.028952820226550102, 0.11272602528333664, -0.02996184676885605, -0.02073897421360016, -0.04246535524725914, 0.002844956237822771, -0.00647537037730217, -0.05533882603049278, 0.016054291278123856, -0.043549712747335434, 0.06525801122188568, -0.043383173644542694, -0.06727885454893112, 0.002185160992667079, -0.03113330900669098, 0.007546005304902792, -0.060833800584077835, -0.03410612791776657, -0.040172990411520004, -0.015805570408701897, 0.07211592048406601, -0.038924217224121094, -0.04828936979174614, -0.0005357874324545264, 0.08104125410318375, 0.01300731860101223, -0.0005216216086409986, 0.06359482556581497, 0.04802021011710167, 0.046070925891399384, -0.09989078342914581, 0.012802870012819767, -0.08330073207616806, 0.021381281316280365, 0.05945548042654991, 0.026149902492761612, -0.08325398713350296, -0.0434262715280056, -0.07499341666698456, -0.01054252777248621, 0.027751201763749123, -0.023792294785380363, -0.02062884531915188, 0.0750480443239212, -0.04536093398928642, 0.06236719340085983, -0.061633676290512085, -0.04201652109622955, 0.03253258764743805, 0.06998657435178757, -0.01083013042807579, -0.03299202769994736, 0.06726942956447601, -0.017081664875149727, -0.015290537849068642, -0.012419973500072956, 0.003800697159022093, 0.03687123581767082, -0.028635822236537933, 0.0173930823802948, 0.05329247936606407, 0.05936440825462341, 0.019991852343082428, -0.019662458449602127, -0.12198318541049957, 0.004858799744397402, 0.050810255110263824, 0.01894228719174862, -0.08042730391025543, 0.04376450181007385, -0.010311744175851345, 0.04782497510313988, -0.006354947574436665, 0.1201968640089035, -0.0780787244439125, -0.06866493076086044, -0.08897066116333008, 0.07627611607313156, -0.038898270577192307, -0.07961536943912506, 0.07555980235338211, 0.017191875725984573, -0.025911226868629456, 0.0541674830019474, 0.04963371902704239, 0.0005755482707172632, 0.013888406567275524, -0.013580342754721642, -0.05884292349219322, 0.009468757547438145, 0.09874652326107025, 0.05419153347611427, 0.020564064383506775, -0.05099470540881157, -0.008308367803692818, 0.001285275910049677, 0.08054065704345703, -0.04060088470578194, -0.003975415136665106, 0.00530557194724679, -0.026740051805973053, 0.02962992526590824, -0.01373271830379963, 0.0021977645810693502, -0.03775782883167267, 0.0374339260160923, -0.03718120977282524, 0.08251544833183289, 0.07193157076835632, 0.10046418756246567, -0.05849055200815201, -0.06062072515487671, 0.013149350881576538, -0.04127190262079239, 0.019948385655879974, 0.04013413190841675, 0.1593184620141983, 0.016935119405388832, -0.07124853879213333, 0.050319962203502655, 0.019602347165346146, -0.004227105528116226, 0.07797873765230179, -0.02475561946630478, -0.03839562088251114, -0.04212360829114914, -0.005335382651537657, -0.05508677288889885, -0.080131396651268, 0.02634497918188572, -0.03760058060288429, 0.04573674127459526, -0.012304551899433136, -0.03505701571702957, -0.013211141340434551, 0.026263024657964706, 0.06499562412500381, 0.0027603136841207743, -0.05509217455983162, -0.02894248627126217, 0.01899009756743908, -0.019662920385599136, -0.0544198602437973, -0.02237018197774887, -0.08091499656438828, -0.04711800068616867, 0.02452257089316845, -0.00930745154619217, 0.036319855600595474, 0.0684407576918602, -0.05915660783648491, 0.02145746722817421, 0.056485142558813095, 0.05431251600384712, 0.055776070803403854, 0.06198341026902199, 0.07479795813560486, -0.04315061494708061, 0.006697412114590406, -0.04977107420563698, -0.0008430269081145525, 0.0961446762084961, 0.009675615467131138, -0.006477602291852236, 0.04749209061264992, 0.05903683975338936, 0.04693583771586418, -0.024129187688231468, -0.04893684759736061, -0.03320395201444626, 0.011736643500626087, -0.007751042488962412, 0.07780721038579941, -0.0359504297375679, 0.02762274257838726]"
23,Wikipedia & Web Search for Afghanistan,"-Afghan War and the signing of the Treaty of Rawalpindi on 19 August 1919, Emir Amanullah Khan declared the Emirate of Afghanistan a sovereign and fully independent state. He moved to end his country's traditional isolation by establishing diplomatic relations with the international community, particularly with the Soviet Union and the Weimar Republic. He proclaimed himself King of Afghanistan on 9 June 1926, forming the Kingdom of Afghanistan. He introduced several reforms intended to modernize his nation. A key force behind these reforms was Mahmud Tarzi, an ardent supporter of the education of women. He fought for Article 68 of Afghanistan's 1923 constitution, which implemented compulsory","[-0.04098934680223465, 0.07260556519031525, 0.04396127164363861, 0.03986447677016258, 0.020195435732603073, 0.003910811152309179, 0.07244521379470825, -0.012479336000978947, -0.049273423850536346, 0.031603097915649414, 0.017567193135619164, 0.05139030143618584, 0.06255093216896057, -0.011226269416511059, -0.002701721154153347, 0.03862027823925018, -0.1287812441587448, -0.06576545536518097, -0.006970870774239302, -0.05269290506839752, 0.053305525332689285, -0.023052779957652092, 0.06811993569135666, -0.0421072393655777, 0.0923677608370781, -0.0797116830945015, 0.07646279036998749, 0.0021347387228161097, 0.022283777594566345, -0.034538861364126205, 0.0034926640801131725, -0.007589028216898441, 0.0232872162014246, 0.041898030787706375, -0.024764401838183403, 0.08625737577676773, 0.014963408000767231, 0.03660569339990616, 0.010428547859191895, 0.00430725421756506, 0.10162247717380524, -0.02100297063589096, 0.08369738608598709, 0.010346997529268265, 0.0030894975643604994, 0.029511164873838425, 0.033947065472602844, -0.058025576174259186, -0.05102572590112686, -0.012100571766495705, 0.052412211894989014, 0.10697590559720993, -0.055275846272706985, -0.10721724480390549, 0.0953989028930664, -0.03173435851931572, -0.0072183143347501755, 0.008540993556380272, -0.0017378062475472689, 0.013930455781519413, -0.0630258247256279, 0.046519871801137924, -0.06758303940296173, -0.0037188734859228134, -0.011784697882831097, -0.0021806356962770224, 0.06493289768695831, -0.08410461992025375, -0.015927502885460854, 0.021128036081790924, 0.02445172518491745, 0.07859905064105988, 0.06919539719820023, -0.03268541023135185, -0.05122695863246918, -0.07523550093173981, -0.036637745797634125, 0.1276087909936905, -0.025860024616122246, 0.06527356058359146, 0.023765843361616135, 0.10484804958105087, 0.06636969745159149, -0.008041051216423512, -0.05995834618806839, -0.02239624597132206, -0.047835733741521835, 0.0016055533196777105, 0.04169688746333122, -0.04605947807431221, 0.009888026863336563, -0.02082093432545662, 0.039346843957901, 0.06563079357147217, 0.14657562971115112, -0.018778180703520775, 0.07932204008102417, 0.019817326217889786, -0.05890360474586487, 0.02265692688524723, 0.02276933379471302, -0.025782685726881027, 0.01527785137295723, -0.02570142224431038, -0.019785331562161446, 0.03562448173761368, -0.0065403287298977375, -0.09913153946399689, -0.09823937714099884, 0.03590484708547592, 0.016528146341443062, -0.021880723536014557, -0.012717354111373425, -0.08009155094623566, -0.016814572736620903, 0.040222909301519394, -0.0014352251309901476, 0.049684714525938034, -0.079071044921875, -0.07501158863306046, -0.056150950491428375, -0.02439754828810692, 0.05328328534960747, 0.02951323240995407, 0.010876169428229332, 0.01929367706179619, 0.05240578204393387, 0.0040968977846205235, -0.05225221440196037, -0.05093589425086975, -0.09869608283042908, 0.041304171085357666, -0.09373398125171661, 0.04439081251621246, 0.12917748093605042, -0.07362929731607437, -0.055599700659513474, 0.00896239373832941, 0.05554129555821419, 0.05280718579888344, -0.030507124960422516, -0.0330519825220108, -0.051442500203847885, -0.013878134079277515, -0.010466654784977436, 0.03573561832308769, 0.07250448316335678, -0.018304038792848587, -0.003683237824589014, 0.060589298605918884, 0.029036803171038628, -0.10359258949756622, -0.0251298900693655, 0.01568564772605896, 0.027271252125501633, -0.09045670181512833, 0.05392735078930855, -0.009164229035377502, 0.08268357068300247, 0.03261413052678108, -0.052170224487781525, -0.0247330442070961, -0.034665994346141815, 0.012787619605660439, -0.02300408110022545, -0.020260071381926537, -0.07613231241703033, -0.022927002981305122, 0.0034215867053717375, 0.04391602799296379, -0.00039498903788626194, -0.034697823226451874, 0.09928096830844879, 0.043323684483766556, -0.021045546978712082, -0.02540658600628376, 0.04299843683838844, -0.006994443945586681, -0.03542414307594299, 0.011786481365561485, -0.0014628998469561338, -0.09423375874757767, -0.05592677742242813, 0.0261099673807621, -0.008153240196406841, 0.02631188929080963, -0.015529155731201172, 0.10787251591682434, 0.016345737501978874, -0.0287798922508955, -0.032348453998565674, 0.09601800888776779, -0.04581950977444649, -0.04077025502920151, -0.07230589538812637, -0.02436976134777069, 0.04357970133423805, 0.07439538091421127, 0.03890494629740715, -0.040449440479278564, -0.11702458560466766, 0.1343478411436081, -0.04151160642504692, -0.05172400549054146, -9.557512385072187e-05, -0.035901423543691635, -0.011467905715107918, -0.05006415769457817, -0.03625212237238884, 0.09376653283834457, 0.10783654451370239, 0.010222173295915127, -0.05240566283464432, 0.030317876487970352, -0.02179752290248871, 0.06515099853277206, -0.010864503681659698, 0.027647124603390694, -0.11160143464803696, 0.02141788974404335, 0.015302121639251709, -0.00872696004807949, 0.023792581632733345, -0.01386677473783493, 0.012357673607766628, -0.08199532330036163, -0.0546218566596508, -0.021979600191116333, 0.014958042651414871, 0.00768992630764842, 0.03633301332592964, -0.007228051777929068, -0.03757230564951897, 0.04140712320804596, -0.008202875964343548, 0.01230489183217287, 0.125238299369812, 3.173002551193349e-05, 0.011568569578230381, -0.04334709048271179, 0.04515571892261505, -0.02871343120932579, 0.0026430704165250063, 0.02562040463089943, 0.04515044391155243, -0.06474190205335617, -0.046124666929244995, 0.013518585823476315, -0.017949935048818588, -0.0026733940467238426, -0.02348482981324196, -0.011523543857038021, 0.0035049307625740767, -0.008215325884521008, 0.04333873838186264, -0.021617121994495392, -0.025930501520633698, 0.053719114512205124, 0.04640834033489227, -0.06629987061023712, -0.046363141387701035, -0.0027401333209127188, -0.044044725596904755, 0.08199813961982727, 0.05361223593354225, -0.006752623710781336, 0.012038093991577625, -0.030296824872493744, 0.008953878656029701, 0.03361256793141365, 0.030058709904551506, 0.0029747243970632553, -0.02112322300672531, -0.10940108448266983, -0.06446133553981781, 0.025179097428917885, 0.032344114035367966, -0.13140596449375153, -0.0033843324054032564, 0.05022479593753815, 0.01847396045923233, 0.021279165521264076, 0.08039859682321548, -0.06717897206544876, -0.048641450703144073, -0.07784832268953323, 0.03794535994529724, -0.0019190923776477575, -0.0531843826174736, 0.031371571123600006, -0.020450053736567497, -0.11458322405815125, 0.04160790517926216, 0.03473888337612152, 0.0060966587625443935, -0.01804368570446968, -0.11869312822818756, 0.04042381793260574, 0.06149056926369667, 0.08531034737825394, 0.012614716775715351, 0.011050178669393063, -0.045495521277189255, -0.02837676927447319, 0.006545267999172211, 0.05332428961992264, -0.08050523698329926, -0.047288231551647186, -0.01519976370036602, -0.05188950151205063, 0.05291253700852394, -0.04300497844815254, -0.004262144211679697, -0.044209402054548264, 0.07832123339176178, -0.004719701129943132, -0.005242093000560999, 0.052712418138980865, 0.08426488935947418, -0.05591939017176628, -0.01992637664079666, -0.011738483794033527, -0.023207008838653564, 0.023893918842077255, -0.03457203507423401, 0.16219109296798706, 0.09018448740243912, -0.07737616449594498, 0.0024445918388664722, -0.02831699512898922, -0.0016698794206604362, 0.055545128881931305, -0.05355697125196457, -0.021012458950281143, -0.059498339891433716, 0.01756095699965954, -0.029790623113512993, 0.015741273760795593, 0.02268357016146183, 0.02186349220573902, 0.0745062306523323, -0.05767423287034035, -0.0732087567448616, -0.012015950866043568, -0.017056165263056755, 0.04773585498332977, 0.04145573079586029, -0.01821637898683548, 0.020383335649967194, 0.019288675859570503, 0.029753418639302254, -0.07454295456409454, -0.017310135066509247, -0.01955966092646122, -0.07737985253334045, 0.044504597783088684, 0.026813998818397522, -0.045714739710092545, 0.08047668635845184, -0.01591486483812332, -0.003209340386092663, 0.027708910405635834, 0.05293311923742294, 0.03060322068631649, 0.05730857700109482, 0.016220007091760635, -0.0724550262093544, -0.017870517447590828, 0.007550056558102369, 0.022639378905296326, 0.1046290248632431, -0.008023456670343876, -0.017998691648244858, -0.06898866593837738, 0.04015505686402321, -0.031758759170770645, -0.006697977893054485, -0.025951044633984566, -0.047325264662504196, -0.0061542438343167305, -0.027732089161872864, 0.0010795564157888293, -0.0632435753941536, -0.02686253935098648]"
24,Wikipedia & Web Search for Afghanistan," elementary education. Slavery was abolished in 1923. King Amanullah's wife, Queen Soraya, was an important figure during this period in the fight for women's education and against their oppression.
Some of the reforms, such as the abolition of the traditional burqa for women and the opening of co-educational schools, alienated many tribal and religious leaders, leading to the Afghan Civil War (1928–1929). King Amanullah abdicated in January 1929, and soon after Kabul fell to Saqqawist forces led by Habibullah Kalakani. Mohammad Nadir Shah, Amanullah's cousin, defeated and killed Kalakani in October 1929, and was declared King Nadir Shah. He abandoned the reforms of King Amanullah in favor o","[-0.031952496618032455, 0.09982363134622574, -0.00914942380040884, 0.05946017801761627, 0.053153276443481445, 0.07788707315921783, 0.05803119018673897, -0.04797932133078575, 0.0800250917673111, 0.07958004623651505, 0.05732321739196777, 0.060959938913583755, 0.060125116258859634, 0.011085175909101963, -0.03907264024019241, -0.006932474207133055, -0.09377440065145493, -0.004472269210964441, -0.0247653778642416, 0.009066324681043625, -0.014378543943166733, -0.0209476538002491, 0.025275835767388344, 0.0579739473760128, 0.09322189539670944, -0.08713555335998535, 0.03634696453809738, -0.05234451964497566, 0.036159027367830276, -0.01827697828412056, -0.08254151046276093, -0.10341411828994751, 0.12624773383140564, 0.12147191911935806, -0.022232545539736748, 0.08247402310371399, 0.07060139626264572, 0.06593072414398193, 0.016641369089484215, 0.0022472823038697243, 0.02859169989824295, -0.029697692021727562, 0.04213513806462288, -0.05079038068652153, 0.08148078620433807, 0.03632662445306778, -0.00965181551873684, -0.0077125150710344315, 0.004216518718749285, -0.03441612049937248, 0.07548507302999496, 0.12682951986789703, -0.033498600125312805, -0.03322521969676018, -0.0023507592268288136, -0.028067201375961304, 0.008650160394608974, 0.015424998477101326, 0.002338232472538948, 0.030471617355942726, -0.05908675491809845, 0.08654540777206421, -0.05970361456274986, -0.0202157124876976, -0.06726521253585815, -0.04946518689393997, 0.042623307555913925, -0.03517811745405197, 0.05993754416704178, 0.05005672946572304, -0.006892598699778318, 0.020391501486301422, -0.030572840943932533, -0.002624289831146598, -0.06919997185468674, -0.042137742042541504, -0.016675494611263275, -0.004773840308189392, -0.05043487250804901, 0.0009622140205465257, 0.0015748034929856658, 0.04286171868443489, 0.14382819831371307, 0.02795218676328659, -0.04028021916747093, -0.027935918420553207, -0.0948898121714592, -0.02824491076171398, 0.027327420189976692, -0.05402490124106407, 0.02429339848458767, -0.03270898014307022, 0.060285329818725586, 0.006991902366280556, 0.064457468688488, 0.003913045395165682, 0.04286442697048187, -0.046743977814912796, 0.03878672048449516, 0.05199943482875824, -0.005143455229699612, -0.01850297674536705, 0.051532745361328125, -0.011682708747684956, -0.0023130755871534348, 0.014707833528518677, 0.0020276608411222696, -0.11179709434509277, 0.011216966435313225, -0.03486049175262451, 0.03230868652462959, -0.11173658818006516, -0.02640625275671482, -0.007752902805805206, -0.004453329835087061, 0.05161100625991821, 0.03729230910539627, 0.03023238480091095, -0.1328609585762024, -0.016806621104478836, -0.033527422696352005, -0.024596666917204857, 0.03909335657954216, -0.003375700442120433, 0.02077379636466503, 0.01595916599035263, -0.02226864919066429, -0.0016385454218834639, -0.10097025334835052, -0.09702222794294357, -0.03218704089522362, 0.046868499368429184, -0.07886983454227448, 0.015908436849713326, 0.0792856514453888, -0.05306569114327431, -0.03526122123003006, 0.013277262449264526, 0.04056054353713989, -0.06101956218481064, -0.016641056165099144, -0.03725868836045265, 0.045958053320646286, -0.009055392816662788, -0.0903504267334938, -0.04684293642640114, 0.0976528525352478, 0.04183562099933624, 0.06651394069194794, 0.0363953672349453, 0.0898030623793602, -0.038940757513046265, -0.027262670919299126, 0.02820524573326111, 0.020325055345892906, -0.014240353368222713, 0.07369201630353928, 0.05664034187793732, 0.10020871460437775, -0.050299905240535736, -0.04956976696848869, -0.010211764834821224, 0.010519454255700111, -0.012921568937599659, 0.04821809008717537, -0.0050124055705964565, -0.030295589938759804, 0.003720079781487584, 0.01944311521947384, 0.045475587248802185, 0.04501926526427269, -0.07120369374752045, 0.07675184309482574, 0.0878043919801712, 0.061282526701688766, -0.10131528973579407, 0.03045656718313694, 0.014448601752519608, -0.016280140727758408, -0.00843653455376625, -0.05263034626841545, -0.016266873106360435, -0.03905742987990379, 0.053852446377277374, 0.00419822009280324, 0.06174260005354881, 0.0047500948421657085, 0.0013601778773590922, 0.06909066438674927, -0.004643573425710201, 0.0028255190700292587, 0.007264244370162487, -0.002143241697922349, -0.11370858550071716, 0.017577989026904106, 0.07596515864133835, -0.016160689294338226, -0.046373315155506134, -0.04906035214662552, 0.020907875150442123, -0.1579846888780594, 0.06543996185064316, -0.05124425143003464, -0.05211446434259415, 0.0017378239426761866, -0.09944237768650055, 0.05120505392551422, -0.03591747581958771, 0.019099924713373184, 0.014620235189795494, 0.028110869228839874, 0.06445621699094772, -0.03534207120537758, -0.055101700127124786, 0.03173508122563362, 0.031189406290650368, 0.05174809321761131, -0.00796880666166544, -0.03295692056417465, 0.08611903339624405, -0.05464741587638855, -0.028274472802877426, 0.00777480099350214, -0.04393099248409271, 0.03273821249604225, -0.05985596403479576, -0.09674433618783951, 0.017156237736344337, 0.045241329818964005, 0.007237941026687622, 0.016252733767032623, 0.024768341332674026, -0.021286776289343834, 0.02603190951049328, 0.0006733713671565056, -0.05330268666148186, 0.08569438010454178, 0.015724582597613335, -0.021514825522899628, 0.019481439143419266, 0.02134556695818901, -0.007028631865978241, -0.013146880082786083, 0.020373782142996788, -0.003728653769940138, -0.05930483341217041, -0.03340863436460495, 0.007594923954457045, 0.030018022283911705, 0.05567551031708717, -0.12027591466903687, 0.02712324820458889, -0.005885445978492498, 0.02942887507379055, 0.01979578472673893, -0.0008231428801082075, -0.0002823903050739318, 0.03541075065732002, -0.022424913942813873, -0.06853654235601425, -0.05772839114069939, 0.009730850346386433, -0.059225186705589294, 0.0002681985206436366, 0.03381513059139252, -0.04087827727198601, 0.05008333548903465, -0.006710272282361984, 0.053982365876436234, 0.07787484675645828, 0.0003897999122273177, 0.019015898928046227, 0.09064295142889023, -0.09783831238746643, -0.04559049382805824, 0.02894444577395916, 0.06008905917406082, -0.10816489905118942, 0.05543296039104462, -0.038652487099170685, 0.12146695703268051, -0.0061808302998542786, 0.04488956555724144, -0.04179510474205017, -0.04159778356552124, -0.014198994264006615, -0.009878345765173435, -0.02151162549853325, -0.05838599428534508, 0.049846477806568146, 0.0110841179266572, -0.02848116308450699, -0.08888609707355499, -0.021956617012619972, 0.08207844197750092, -0.02560846321284771, -0.048473212867975235, -0.03892217203974724, -0.07399345189332962, 0.07390400767326355, -0.002014985540881753, 0.029724081978201866, -0.023736603558063507, -0.09660373628139496, -0.042275477200746536, 0.014855872839689255, -0.016988037154078484, -0.03836122155189514, -0.06009075045585632, -0.03814675286412239, -0.08742514997720718, -0.06633473187685013, 0.04237343743443489, -0.008492175489664078, 0.05759964883327484, -0.04649418219923973, -0.003459548344835639, -0.039556507021188736, 0.03647703677415848, -0.037811923772096634, -0.07210997492074966, -0.04214978218078613, 0.022740116342902184, -0.043303247541189194, 0.004217134322971106, 0.07651537656784058, 0.05868903920054436, -0.01073544379323721, 0.05420241877436638, -0.0014314352301880717, -0.05938543751835823, 0.09821095317602158, -0.03692060336470604, 0.024518273770809174, -0.05778986215591431, -0.04099232330918312, -0.011482694186270237, -0.00800116267055273, 0.0562283992767334, -0.05308501049876213, 0.005129972938448191, -0.02726002410054207, -0.10249520093202591, -0.061722807586193085, -0.05973885953426361, 0.050191622227430344, -0.013255965895950794, 0.057502925395965576, -0.032025862485170364, -0.030265191569924355, 0.07852745801210403, 0.00821971707046032, 0.010833360254764557, -0.020175419747829437, 0.016994841396808624, 0.008030352182686329, -0.03458206728100777, 0.028987331315875053, 0.04864775761961937, -0.040439389646053314, -0.027504373341798782, -0.04733998328447342, -0.013049072585999966, 0.05199109762907028, 0.05272537097334862, 0.008476958610117435, -0.1004345566034317, 0.09040877968072891, -0.07664227485656738, 0.060080599039793015, 0.07367394864559174, 0.006022286135703325, 0.02708030864596367, -0.025985443964600563, 0.049319539219141006, -0.0752141997218132, 0.0017142293509095907, 0.000712297041900456, -0.023315954953432083, 0.033302150666713715, 0.0024667500983923674, 0.06447503715753555, 0.031783442944288254, -0.032799169421195984]"
25,Wikipedia & Web Search for Afghanistan,"f a more gradual approach to modernization, but was assassinated in 1933 by Abdul Khaliq.
Mohammed Zahir Shah succeeded to the throne and reigned as king from 1933 to 1973. During the tribal revolts of 1944–1947, King Zahir's reign was challenged by Zadran, Safi, Mangal, and Wazir tribesmen led by Mazrak Zadran, Salemai, and Faqir of Ipi, among others – many of whom were Amanullah loyalists. Afghanistan joined the League of Nations in 1934. In the 1930s, the country experienced significant development of roads, infrastructure, the founding of a national bank, and increased education. Road links in the north played a large part in a growing cotton and textile industry. The country built close","[-0.057502854615449905, 0.07689305394887924, -0.021408265456557274, 0.007381211034953594, -0.0005284042563289404, 0.06340743601322174, 0.08272484689950943, -0.01381648052483797, 0.03943714126944542, 0.09830108284950256, 0.024583550170063972, 0.021948225796222687, 0.07140256464481354, -0.04727569967508316, -0.011403718963265419, 0.04866074025630951, -0.10724812000989914, -0.017887720838189125, -0.05499241128563881, -0.045735929161310196, -0.024770794436335564, -0.037747569382190704, -0.01732282154262066, -0.00490610534325242, 0.1342189610004425, -0.12400807440280914, 0.011458678171038628, -0.04080868512392044, -0.014779622666537762, 0.0141768092289567, -0.03296468406915665, -0.027348970994353294, 0.11215280741453171, 0.029716726392507553, -0.007112293504178524, 0.07067450881004333, 0.03984745219349861, 0.1116185188293457, 0.028266118839383125, -0.026238827034831047, -0.027008384466171265, 0.010405309498310089, 0.03835463523864746, 0.032012611627578735, 0.03400472179055214, 0.013795454055070877, 0.014460687525570393, -0.025498393923044205, -0.080499567091465, 0.06447483599185944, 0.03286929428577423, 0.08371246606111526, -0.03377465158700943, -0.06753873080015182, 0.09600267559289932, -0.08313320577144623, -0.02280377969145775, 0.018135016784071922, 0.05134051293134689, -0.030468719080090523, -0.03909193351864815, 0.05757038667798042, -0.017181064933538437, -0.057626161724328995, -0.07753358036279678, -0.0938333049416542, 0.08518795669078827, -0.15262466669082642, 0.006386409979313612, 0.06371214240789413, -0.010984555818140507, -0.010402626357972622, -0.03093237616121769, -0.07140704989433289, -0.10501130670309067, -0.07914810627698898, -0.0163615420460701, 0.041632167994976044, -0.08320574462413788, -0.025013666599988937, 0.0748324915766716, 0.08859693259000778, 0.05699056759476662, 0.01729976385831833, -0.025823136791586876, -0.03360685706138611, -0.11707601696252823, -0.06598085165023804, 0.06024778634309769, -0.03044867143034935, 0.03480515629053116, 0.05120357871055603, 0.07498303800821304, 0.005392969120293856, 0.062184832990169525, 0.03530249372124672, 0.050023552030324936, 0.059597861021757126, 0.019378598779439926, 0.01173448096960783, -0.0026034784968942404, 0.00423298217356205, 0.0035003051161766052, -0.03500480577349663, 0.01974288560450077, -0.041206929832696915, 0.027513030916452408, -0.013097887858748436, -0.10032061487436295, 0.019743824377655983, -0.04165393486618996, -0.0442533977329731, -0.01988363079726696, -0.05814528465270996, 0.08717179298400879, 0.007122420705854893, -0.07626862823963165, -0.007494608871638775, -0.15718872845172882, -0.009818817488849163, -0.012496577575802803, -0.028100309893488884, 0.0214013010263443, 0.036293111741542816, -0.0014311333652585745, 0.0690818801522255, -0.015000452287495136, 0.05448010936379433, 0.020883016288280487, -0.04671568050980568, -0.037291333079338074, 0.0591016449034214, -0.06267146021127701, 0.015175528824329376, 0.09112287312746048, -0.042836956679821014, 0.033985693007707596, 0.007807734422385693, 0.049958836287260056, -0.040690887719392776, -0.004646887071430683, -0.0560896173119545, -0.0034806225448846817, 0.0198376402258873, -0.05564669892191887, -0.05611887201666832, 0.059951651841402054, -0.03730478137731552, -0.016619812697172165, 0.0018330723978579044, 0.06811854243278503, -0.11893092095851898, 0.026213951408863068, 0.00838883314281702, -0.0018351258477196097, -0.03909386694431305, 0.04808526858687401, 0.05316489189863205, 0.06400196999311447, -0.0233855489641428, -0.07263123989105225, -0.040789347141981125, -0.06679007411003113, -0.008245541714131832, 0.009112535044550896, -0.04199006408452988, -0.038138020783662796, -0.02229148894548416, -0.019768711179494858, 0.0896458625793457, -0.0015092348912730813, 0.00024353628396056592, 0.05436220020055771, 0.0015728436410427094, 0.027758648619055748, 0.055104758590459824, -0.07918872684240341, 0.04290617257356644, -0.030900420621037483, 0.01685829646885395, 0.03562518581748009, -0.016811693087220192, -0.03932339325547218, 0.01269678957760334, -0.015769392251968384, 0.009371020831167698, 0.010372862219810486, 0.08455661684274673, 0.011227186769247055, -0.04430679604411125, -0.026175042614340782, 0.08754125237464905, -0.09693169593811035, -0.050878558307886124, 0.006186853628605604, 0.0008254438871517777, 0.02754337154328823, 0.022416021674871445, 0.04842609167098999, -0.01620134525001049, -0.20722973346710205, 0.06190081313252449, -0.007848440669476986, -0.034249112010002136, 0.003978426568210125, -0.07049203664064407, -0.07282521575689316, -0.027787132188677788, 0.037513576447963715, 0.05460849776864052, 0.0024339561350643635, -0.025988919660449028, -0.03791216388344765, -0.03888016939163208, 0.10170209407806396, -0.01641015335917473, 0.004616858437657356, 0.00840662233531475, -0.08078514039516449, 0.007617739960551262, -0.0009504952467978001, -0.02807675302028656, -0.029745033010840416, -0.010293273255228996, 0.03954339027404785, -0.029629655182361603, 0.002702175872400403, 0.016899695619940758, 0.003668727120384574, 0.04262770712375641, -0.002141557401046157, -7.862869097152725e-05, -0.03363454341888428, -0.023263704031705856, 0.01782679744064808, -0.006590887904167175, 0.11258120089769363, 0.02365254983305931, 0.033302973955869675, -0.07137016952037811, 0.01942049339413643, -0.07386700809001923, 0.02298854850232601, 0.04060416668653488, 0.022157149389386177, 0.013385958969593048, -0.06309650838375092, 0.04346833378076553, -0.02201923169195652, 0.025261882692575455, -0.05374171584844589, 0.012291207909584045, 0.020276399329304695, -0.002734256675466895, 0.04066972807049751, -0.04677128046751022, -0.005441751331090927, 0.024862049147486687, 0.0998518317937851, -0.00946469884365797, -0.04015030711889267, -0.0022268900647759438, -0.013001641258597374, 0.018684694543480873, -0.00079546426422894, -0.024326564744114876, 0.052515700459480286, 0.028081025928258896, 0.05562666803598404, 0.027783000841736794, -0.012677752412855625, -0.007592217531055212, 0.021162495017051697, -0.11266442388296127, 0.0038665165193378925, -0.003054591827094555, 0.002368318848311901, -0.05911498889327049, 0.04524104297161102, 0.02244751527905464, 0.048596449196338654, 0.009548553265631199, 0.09650243818759918, -0.08896990865468979, -0.0940157100558281, 0.009991134516894817, 0.06071276590228081, -0.01058341283351183, -0.08548543602228165, 0.06810030341148376, 0.038681987673044205, -0.04807041585445404, 0.05555187538266182, -0.0011483649723231792, 0.04275928810238838, -0.04647166281938553, -0.025446316227316856, 0.011693528853356838, -0.05153365805745125, 0.052588049322366714, -0.005180840380489826, 0.11155671626329422, -0.005128432996571064, -0.053766753524541855, -0.043895237147808075, 0.08812981098890305, 0.0013298043049871922, -0.0004282984882593155, -0.002264683833345771, -0.015934836119413376, -0.012573475018143654, -0.10060155391693115, 0.05700202286243439, -0.053633395582437515, 0.09038645774126053, -0.07917512208223343, 0.10200401395559311, 0.020921379327774048, 0.06701517850160599, -0.009581304155290127, 0.03643776848912239, 0.016246523708105087, -0.01779162511229515, 0.06355094909667969, -0.009554329328238964, 0.12968188524246216, 0.03335242718458176, -0.07957962900400162, 0.05050711706280708, 0.04327194020152092, 0.011420064605772495, 0.048398230224847794, 0.022495867684483528, -0.04253259673714638, -0.047830939292907715, -0.0465894490480423, -0.043513018637895584, -0.01973579078912735, 0.02204594761133194, -0.055052127689123154, 0.0006446336046792567, -0.0026738408487290144, -0.07357407361268997, 0.02066415175795555, -0.004364844877272844, 0.06104520335793495, -0.057430628687143326, -0.05848342552781105, -0.05469333380460739, -0.008466300554573536, -0.0011351691791787744, -0.02942541241645813, -0.041058652102947235, -0.06964384019374847, -0.01598537527024746, 0.02596072107553482, -0.008343441411852837, -0.06179691106081009, 0.048680905252695084, -0.05507228896021843, 0.06754599511623383, 0.015432503074407578, 0.01950806938111782, 0.06861799210309982, -0.00025425030617043376, 0.015700941905379295, -0.010287782177329063, 0.00676751509308815, -0.03074159286916256, 0.03140881285071373, 0.09933342039585114, 0.05202223360538483, 0.02823430672287941, -0.03274160996079445, 0.05365467816591263, -0.02951972931623459, -0.011912467889487743, 0.03547097370028496, -0.0009588108514435589, -0.03215037286281586, 0.06453835219144821, 0.058576226234436035, -0.04848692566156387, -0.05249712988734245]"
26,Wikipedia & Web Search for Afghanistan," relationships with the Axis powers, with Nazi Germany having the largest share in Afghan development at the time.

Until 1946, King Zahir ruled with the assistance of his uncle, who held the post of prime minister and continued the policies of Nadir Shah. Another uncle, Shah Mahmud Khan, became prime minister in 1946 and experimented with allowing greater political freedom. He was replaced in 1953 by Mohammed Daoud Khan, a Pashtun nationalist who sought the creation of a Pashtunistan, leading to highly tense relations with Pakistan. Daoud Khan pressed for social modernization reforms and sought a closer relationship with the Soviet Union. Afterward, the 1964 constitution was formed, and the","[-0.07614541053771973, 0.08241002261638641, -0.008469910360872746, 0.01861424930393696, -0.012252087704837322, 0.022600242868065834, 0.09520284831523895, 0.02617359161376953, 0.007759584579616785, 0.04967395216226578, 0.003920683171600103, 0.04021146148443222, 0.05875896289944649, -0.04250778630375862, 0.007694191765040159, 0.052649661898612976, -0.05661345645785332, -0.015909945592284203, -0.05877797678112984, -0.02871398814022541, -0.01148456521332264, -0.06665811687707901, 0.025304926559329033, -0.04781556874513626, 0.09414975345134735, -0.08073052763938904, 0.048860494047403336, -0.027930667623877525, 0.022956345230340958, 0.02186739817261696, -0.020267197862267494, -0.04303300753235817, 0.06050269305706024, 0.03945976495742798, -0.027229739353060722, 0.08944206684827805, 0.04574565216898918, 0.09465380012989044, 0.012360193766653538, -0.006489863153547049, 0.04351716488599777, 0.0015730953309684992, 0.07433178275823593, 0.03878624364733696, 0.03895781189203262, 0.020959217101335526, 0.021107502281665802, -0.006748245097696781, -0.09467867761850357, 0.023376306518912315, 0.03605055809020996, 0.10906507074832916, -0.02997506596148014, -0.08991390466690063, 0.09096680581569672, -0.03444743528962135, -0.026157844811677933, 0.005539175122976303, 0.010832668282091618, 0.018767351284623146, -0.055866219103336334, 0.07171202450990677, -0.03286239132285118, -0.06340402364730835, -0.0460776723921299, -0.06425874680280685, 0.09807164967060089, -0.12566184997558594, -0.04444180801510811, 0.04381272941827774, 0.011436312459409237, 0.01014244370162487, -0.012262417934834957, -0.06253058463335037, -0.07758765667676926, -0.10476208478212357, 0.0006529997335746884, 0.06408235430717468, -0.087371826171875, -0.03962839022278786, 0.047892309725284576, 0.1497742235660553, 0.06217959523200989, 0.025517111644148827, -0.059044841676950455, -0.02720368467271328, -0.08927402645349503, -0.04170545935630798, 0.06162213534116745, -0.0038502407260239124, 0.04154423624277115, 0.02946699783205986, 0.06898646801710129, -0.018473099917173386, 0.0932564064860344, 0.02402416057884693, 0.03866904228925705, 0.029283873736858368, -0.04856227710843086, -0.021225227043032646, -0.03436153754591942, 0.00929254014045, -0.007201218046247959, -0.0003929212980438024, -0.017000844702124596, -0.021072091534733772, -0.0019825168419629335, -0.030110500752925873, -0.1145743802189827, 0.041851602494716644, -0.008313371799886227, -0.009723410941660404, -0.03271158039569855, -0.024503931403160095, 0.039535608142614365, -0.025042280554771423, -0.06798802316188812, 0.004067355301231146, -0.08146867156028748, -0.0500626415014267, -0.03358837217092514, 0.020350685343146324, 0.013345121406018734, 0.029327528551220894, 0.015146005898714066, 0.06563849747180939, -0.038992397487163544, 0.056731030344963074, -0.0012740378733724356, -0.0709337517619133, -0.036118458956480026, 0.05547487363219261, -0.1076141744852066, 0.03873516246676445, 0.06526689976453781, -0.03788537159562111, -0.008184672333300114, 0.03999500349164009, 0.0701817199587822, -0.0028102791402488947, 0.0058398558758199215, -0.06859534233808517, -0.023266227915883064, 0.020696518942713737, -0.049300022423267365, -0.0033710526768118143, 0.0489087775349617, -0.0015091251116245985, -0.030086660757660866, 0.031945474445819855, 0.05607286095619202, -0.1303618848323822, 0.03859240189194679, -0.007231888826936483, 0.03112497366964817, -0.03373060002923012, 0.07274377346038818, 0.047409430146217346, 0.07257615029811859, -0.030486173927783966, -0.06195308640599251, -0.06196419894695282, -0.08055174350738525, -0.026870112866163254, -0.03052801825106144, -0.047941338270902634, -0.04114382341504097, -0.07191214710474014, -0.03136754781007767, 0.03892546892166138, -0.0396600067615509, -0.005803109146654606, 0.031961288303136826, 0.01780717447400093, 0.02912398800253868, -0.03993752598762512, -0.08727820217609406, -0.004575895611196756, -0.009547160007059574, 0.021064801141619682, 0.027450142428278923, -0.06211652234196663, -0.06425931304693222, 0.03690239414572716, 0.02379048988223076, 0.005629886873066425, 0.002643645042553544, 0.11896312981843948, -0.03095315769314766, -0.061853427439928055, -0.054883576929569244, 0.06793870776891708, -0.029324466362595558, -0.06114009767770767, 0.008861367590725422, -0.022113699465990067, -0.006924327462911606, 0.03951619938015938, 0.029384681954979897, -0.016679206863045692, -0.16201400756835938, 0.05987248569726944, -0.04868807643651962, 0.006965244188904762, -0.04664631932973862, -0.07614941895008087, -0.04964317008852959, 0.017606036737561226, -0.0017342414939776063, 0.03705054149031639, 0.09010594338178635, -0.03941652551293373, -0.034196801483631134, -0.00734539981931448, 0.043747060000896454, -0.034191202372312546, -0.013331376016139984, 0.007906459271907806, -0.06727271527051926, 0.018028294667601585, 0.014006849378347397, -0.014768160879611969, -0.03303671255707741, -0.026856571435928345, 0.002937665209174156, -0.07263752073049545, -0.01118104625493288, 0.03830341249704361, 0.012793486006557941, 0.0683974102139473, -0.0029497689101845026, -0.07828105241060257, -0.047793902456760406, 0.00298531842418015, -0.009241676889359951, -0.021972697228193283, 0.0847209170460701, -0.00798080861568451, 0.02338232658803463, -0.03284722939133644, 0.019305989146232605, -0.03437923267483711, 0.018675122410058975, 0.04024900868535042, 0.04153900966048241, 0.010231736116111279, -0.001530795474536717, 0.04441303014755249, -0.021172253414988518, 0.002338780090212822, -0.06832534074783325, -0.011288623325526714, 0.012401589192450047, 0.003977128304541111, 0.0004714811802841723, -0.04123763367533684, -0.04060859605669975, 0.015349100343883038, 0.11309037357568741, -0.056069131940603256, -0.11746177822351456, 0.019401775673031807, -0.04002382606267929, 0.03466586396098137, -0.006551392842084169, -0.03126078471541405, 0.10555235296487808, 0.00811114814132452, 0.06098317727446556, 0.06362076848745346, 0.01136261597275734, -0.0026695472188293934, 0.05321558564901352, -0.1293121576309204, -0.016357507556676865, 0.04125251621007919, 0.016315024346113205, -0.10198360681533813, 0.07071873545646667, 0.03507000207901001, 0.05496092513203621, 0.011537456884980202, 0.14781798422336578, -0.11511782556772232, -0.06025530770421028, -0.0376090407371521, 0.07229408621788025, -0.012750531546771526, -0.08852653950452805, 0.04980877414345741, 0.042133111506700516, -0.026880763471126556, 0.11253833025693893, 0.02138409949839115, -0.023376138880848885, -0.05919397622346878, -0.005537329241633415, 0.04212144762277603, -0.030192065984010696, 0.12163495272397995, 0.050120577216148376, 0.07089926302433014, 0.009378809481859207, 0.013045602478086948, -0.046201929450035095, 0.17000076174736023, -0.0102012287825346, -0.0033020167611539364, -0.031697750091552734, -0.004237720277160406, 0.018894637003540993, -0.059246595948934555, 0.05937197431921959, -0.07859183102846146, 0.02108188532292843, -0.033079843968153, 0.07138940691947937, 0.07563741505146027, 0.1042136549949646, -0.012974882498383522, 0.046201441437006, -0.019985979422926903, -0.05191662535071373, -0.0027409784961491823, -0.025542238727211952, 0.06982606649398804, 0.007143116556107998, -0.05449541658163071, -0.008041150867938995, 0.0793173536658287, -0.019917909055948257, 0.0495634451508522, -0.008511117659509182, 0.01571604795753956, -0.01960565149784088, -0.017831459641456604, -0.004290861543267965, -0.031018029898405075, 0.023315386846661568, -0.045927684754133224, 0.03418056666851044, -0.01129707507789135, -0.03849533945322037, 0.07407310605049133, -0.011338507756590843, 0.05944829434156418, -0.03274517506361008, -0.03200739249587059, -0.026577938348054886, -0.0034787501208484173, 0.03837475925683975, -0.043791405856609344, -0.09442455321550369, -0.059047404676675797, 0.0038470698054879904, 0.03570140525698662, -0.04124591499567032, -0.03352542966604233, 0.06303457915782928, -0.02649180218577385, 0.01576000452041626, 0.01644417829811573, 0.04326154291629791, 0.08463448286056519, 0.02162926457822323, 0.04518485814332962, 0.0009088611695915461, -0.01571265421807766, -0.022849544882774353, 0.009744678623974323, 0.07590870559215546, 0.0601467564702034, 0.022770697250962257, -0.003655057167634368, 0.04100175201892853, -0.009388505481183529, -0.04099804162979126, -0.019767504185438156, -0.023408925160765648, -0.029051169753074646, 0.0016223134007304907, 0.048469554632902145, -0.052627988159656525, -0.029384836554527283]"
27,Wikipedia & Web Search for Afghanistan," first non-royal prime minister was sworn in.
Zahir Shah, like his father Nadir Shah, had a policy of maintaining national independence while pursuing gradual modernization, creating nationalist feeling, and improving relations with the United Kingdom. Afghanistan was neither a participant in World War II nor aligned with either power bloc in the Cold War. However, it was a beneficiary of the latter rivalry as both the Soviet Union and the United States vied for influence by building Afghanistan's main highways, airports, and other vital infrastructure. On a per capita basis, Afghanistan received more Soviet development aid than any other country. In 1973, while the King was in Italy, Daoud ","[-0.023220013827085495, 0.07748778909444809, -0.007427601143717766, -0.021603388711810112, 0.011296914890408516, 0.05491752177476883, 0.07238519936800003, 0.015413227491080761, -0.01999177411198616, 0.05989938601851463, -0.05451630800962448, 0.0281292162835598, 0.07377384603023529, -0.0038882342632859945, 0.01234293170273304, 0.03335610404610634, -0.060049112886190414, -0.014879722148180008, -0.02091827429831028, -0.03513120114803314, 0.005898299627006054, -0.03544046729803085, 0.04019685834646225, -0.031804122030735016, 0.08542104810476303, -0.1092638298869133, 0.02923562563955784, 0.011785429902374744, 0.011526281014084816, -0.01866205967962742, -0.0696871355175972, -0.04833703488111496, 0.03320937976241112, 0.11377397924661636, -0.03435981273651123, 0.06760462373495102, 0.09443691372871399, 0.09824828058481216, -0.0015686143888160586, 0.00015873697702772915, 0.0518508180975914, -0.05873394012451172, 0.06146719679236412, 0.0657789334654808, 0.03772083669900894, 0.06657181680202484, 0.015419765375554562, -0.014747723937034607, -0.11316675692796707, 0.007114605512470007, 0.06986372172832489, 0.07404634356498718, -0.0257074236869812, -0.05855963006615639, 0.07952483743429184, -0.011292860843241215, 0.009768246673047543, -0.035618267953395844, 0.027274997904896736, -0.02219998463988304, -0.14067158102989197, 0.056051384657621384, -0.036532990634441376, -0.042399682104587555, 0.017313744872808456, 0.0046488032676279545, 0.06457190960645676, -0.11535430699586868, -0.041881684213876724, 0.052443359047174454, 0.02944648638367653, 0.045155905187129974, 0.01889163814485073, -0.04401710256934166, -0.08629609644412994, -0.07964339107275009, 0.04393947869539261, 0.10780570656061172, -0.03409978002309799, 0.024082349613308907, -0.0011826467234641314, 0.14783325791358948, 0.03454190120100975, 0.033967722207307816, -0.06826934963464737, -0.04888851195573807, -0.14172016084194183, -0.051572639495134354, -0.03441833704710007, -0.03437172994017601, -0.015118430368602276, 0.03531915694475174, 0.10271701961755753, 0.08520074933767319, 0.11435574293136597, 0.00027413686621002853, 0.026356350630521774, 0.0018553526606410742, -0.06485842913389206, -0.034999582916498184, -0.02128784917294979, 0.050754353404045105, 0.0005973962834104896, -0.04958812892436981, -0.0151793472468853, -0.008737774565815926, -0.017486879602074623, -0.07483171671628952, -0.0818529799580574, 0.010573146864771843, 0.010716177523136139, 0.003249803092330694, -0.0019656007643789053, -0.010344664566218853, -0.01923898048698902, 0.017062023282051086, -0.09440451115369797, 0.0637378841638565, -0.04063952714204788, -0.008351527154445648, -0.05935075879096985, -0.009881512261927128, -0.02884613908827305, -0.0067977095022797585, -0.04584740847349167, 0.0015840434934943914, 0.003620026633143425, 0.023552579805254936, -0.017129944637417793, -0.02626790851354599, -0.07795453816652298, 0.021458135917782784, -0.054877109825611115, 0.04193037748336792, 0.043352097272872925, -0.03027336858212948, -0.03721310570836067, 0.056393783539533615, 0.08920073509216309, 0.04298517107963562, 0.023013243451714516, -0.00406867079436779, -0.0446850061416626, 0.05562801659107208, -0.02667170763015747, -0.021758299320936203, 0.04461200162768364, 0.0429556630551815, 0.008044948801398277, 0.0311141274869442, 0.03474860265851021, -0.07537960261106491, 0.008137807250022888, -0.01551770232617855, 0.0071677397936582565, -0.04961390420794487, 0.04258641228079796, 0.050482481718063354, 0.07748755067586899, 0.05375886335968971, -0.09748419374227524, -0.05748562142252922, -0.12404920905828476, -0.03284445032477379, 0.022621292620897293, -0.025878146290779114, -0.01706508919596672, -0.0313851460814476, -0.06549004465341568, -0.0015758499503135681, -0.06609966605901718, -0.06375119835138321, 0.05731381103396416, -0.006472311913967133, 0.0608011893928051, -0.02528229169547558, -0.030602337792515755, -0.019374381750822067, 0.02035021223127842, -0.014405027963221073, -0.001400597975589335, -0.02715241350233555, -0.05983441695570946, -0.02811005897819996, -0.019567163661122322, 0.044391173869371414, -0.02110094018280506, 0.0894162580370903, -0.050553057342767715, -0.041018787771463394, -0.025713618844747543, 0.04916736111044884, -0.025196021422743797, -0.03667030110955238, -0.0366361178457737, -0.025502705946564674, 0.0616283118724823, 0.01726665534079075, 0.06169743090867996, -0.03271467238664627, -0.1321459859609604, -0.0003325869038235396, -0.034692198038101196, -0.01241271197795868, -0.0031375554390251637, -0.06983519345521927, -0.02451542764902115, -0.009900080040097237, -0.026383204385638237, 0.0997026339173317, 0.08956761658191681, 0.011522295884788036, -0.010803081095218658, -0.027605902403593063, 0.06130369380116463, 0.02420663833618164, 0.029786372557282448, 0.0015247990377247334, -0.0571613535284996, -0.002083216328173876, 0.020591117441654205, -0.009708385914564133, 0.01470114290714264, -0.0252974946051836, 0.016636922955513, -0.07382888346910477, 0.025677533820271492, 0.044553499668836594, 0.01159026101231575, 0.0492902435362339, 0.0644812136888504, -0.11337798088788986, -0.06875282526016235, 0.009570945985615253, -0.027133841067552567, 0.006721396464854479, 0.10720575600862503, 0.003074041800573468, 0.035304661840200424, -0.03671294078230858, 0.012211565859615803, -0.048548173159360886, 0.02603325992822647, 0.06277181208133698, 0.03464651107788086, -0.025007067248225212, -0.054335061460733414, 0.029242150485515594, -0.009913970716297626, -0.04612033814191818, -0.11289732158184052, 0.01891339384019375, -0.019865544512867928, 0.0007998701184988022, 0.0035098856315016747, -0.035626787692308426, -0.0985533744096756, 0.01397947408258915, 0.0734131932258606, -0.053740959614515305, -0.08914805203676224, -0.008193384855985641, -0.02333400771021843, 0.06377385556697845, -0.051879603415727615, -0.04520444944500923, 0.0652991309762001, -0.03315233439207077, -0.006413618568331003, -0.006845919881016016, 0.0021978055592626333, -0.0022954531013965607, 0.058977749198675156, -0.06349959224462509, 0.008554254658520222, 0.07990042865276337, -0.05487869307398796, -0.08149930834770203, 0.06850159913301468, 0.010512624867260456, -0.0018428540788590908, 0.016240499913692474, 0.16609877347946167, -0.10234394669532776, -0.037839457392692566, -0.0061703212559223175, 0.07112913578748703, 0.025044403970241547, -0.052325159311294556, 0.030453603714704514, 0.03210883587598801, 0.0603509247303009, 0.12280441075563431, 0.06878845393657684, -0.04236948490142822, -0.04423099756240845, 0.02248443476855755, 0.021520454436540604, 0.01632615551352501, 0.10488584637641907, 0.05614849552512169, 0.02419339492917061, -0.015440498478710651, 0.046512994915246964, -0.04417111352086067, 0.13306106626987457, -0.06021259352564812, 0.015330664813518524, 0.006011519581079483, -0.00941301230341196, 0.011432134546339512, -0.06839495897293091, 0.06956423819065094, -0.05385372415184975, 0.008507844991981983, -0.0031960834749042988, 0.0985969603061676, 0.009246191009879112, 0.09955801069736481, 0.008311853744089603, 0.023232296109199524, -0.0020411270670592785, -0.024629564955830574, -0.012400008738040924, -0.02421863004565239, 0.05353006720542908, -0.0037697230000048876, -0.10504275560379028, -0.026901276782155037, 0.04120403528213501, -0.051714956760406494, 0.013418274000287056, -0.0422901026904583, -0.023930227383971214, -0.0879318043589592, 0.011375077068805695, 0.032364893704652786, -0.014420798048377037, 0.0001903232332551852, -0.03431576117873192, 0.05479796603322029, 0.013497968204319477, -0.04485755041241646, 0.05058693140745163, 0.013028346933424473, 0.022533554583787918, 0.008761403150856495, -0.07220304757356644, -0.012623857706785202, -0.01214915607124567, -0.005159320775419474, -0.03929058462381363, -0.032870102673769, -0.08183277398347855, -0.032078713178634644, 0.053342752158641815, 0.03490845113992691, -0.00822134967893362, 0.020575739443302155, -0.0650687888264656, 0.031232060864567757, 0.03629020228981972, 0.06846852600574493, 0.03630504757165909, -0.015055130235850811, 0.054170627146959305, -0.0397409126162529, -0.01940629445016384, -0.04486139863729477, 0.019140789285302162, 0.08441736549139023, 0.043969009071588516, 0.030989324674010277, 0.04021304100751877, 0.07622463256120682, 0.014806863851845264, -0.04651679843664169, -0.027329251170158386, 0.041568197309970856, -0.024238182231783867, -0.04601670429110527, 0.042904797941446304, -0.03823089227080345, -0.021304355934262276]"
28,Wikipedia & Web Search for Afghanistan,"Khan launched a bloodless coup and became the first president of Afghanistan, abolishing the monarchy.

Democratic Republic and Soviet War
In April 1978, the communist People's Democratic Party of Afghanistan (PDPA) seized power in a bloody coup d'état against then-President Mohammed Daoud Khan, in what is called the Saur Revolution. The PDPA declared the establishment of the Democratic Republic of Afghanistan, with its first leader named as People's Democratic Party General Secretary Nur Muhammad Taraki. This would trigger a series of events that would dramatically turn Afghanistan from a peaceful (albeit poor and secluded) country to a hotbed of conflict and terrorism. The PDPA initiated v","[-0.10689777880907059, 0.08206263184547424, -0.05075785145163536, 0.012193862348794937, -0.06993193179368973, 0.014200717210769653, 0.046888433396816254, 0.001857112511061132, -0.006868615746498108, 0.04914906248450279, 0.0012563171330839396, 0.031219512224197388, 0.02990102209150791, -0.053937964141368866, -0.007215755991637707, 0.009581160731613636, -0.08935488760471344, -0.04526004195213318, 0.014966494403779507, -0.0014600885333493352, 0.02599339559674263, -0.0668533518910408, 0.04928097873926163, -0.016806859523057938, 0.10702443867921829, -0.07382141798734665, 0.08534833788871765, -0.038609255105257034, -0.02096506766974926, -0.028556812554597855, -0.023059550672769547, -0.10706916451454163, 0.08202287554740906, 0.06667397171258926, 0.039243802428245544, 0.00048549307393841445, 0.03555510565638542, 0.09506426006555557, 0.03767555207014084, 0.0023821203503757715, 0.03481808304786682, -0.07747037708759308, 0.03411484509706497, 0.06296340376138687, 0.017623282968997955, 0.02623520791530609, -0.039490148425102234, 0.01564311794936657, -0.08086545020341873, 0.029533181339502335, 0.10935051739215851, 0.08598791062831879, -0.06632670760154724, -0.06213131919503212, 0.0598805695772171, -0.10258397459983826, -0.026691220700740814, -0.00165248429402709, 0.003506725188344717, -0.06758170574903488, -0.095077283680439, 0.0862761065363884, -0.04714870825409889, 0.004439048934727907, -0.05603036284446716, 0.00776864867657423, 0.058191198855638504, -0.11141914129257202, -0.009538798592984676, 0.026544107124209404, 0.01589243672788143, 0.030905762687325478, 0.0006765275611542165, -0.0447358675301075, -0.05911937355995178, -0.06401337683200836, -0.05537726357579231, 0.12730060517787933, -0.06250478327274323, 0.023520635440945625, 0.06900754570960999, 0.1091841533780098, 0.05257795751094818, 0.02930368483066559, -0.04132938012480736, 0.010550174862146378, -0.07874727994203568, -0.019037146121263504, -0.02295755222439766, -0.008891889825463295, -0.03832366317510605, 0.039917804300785065, 0.029436802491545677, 0.009227104485034943, 0.04283720999956131, -0.01839088834822178, 0.0323253758251667, 0.05306875705718994, -0.016216941177845, -0.02982221730053425, -0.020157741382718086, -0.01900719664990902, -0.024025917053222656, -0.03249539062380791, 0.05133027210831642, 0.04485257714986801, 0.008452605456113815, -0.08996975421905518, -0.07581428438425064, 0.05644426494836807, 0.011867559514939785, -0.045470770448446274, 0.041409555822610855, -0.05728739872574806, 0.03548917919397354, -0.039960671216249466, -0.10217393934726715, 0.03631381317973137, -0.09703283756971359, -0.009075773879885674, -0.013903108425438404, -0.012141147628426552, -0.011440717615187168, -0.024722496047616005, 0.03438252955675125, 0.03553198650479317, 0.022406399250030518, 0.07711309939622879, -0.03979169577360153, -0.13225188851356506, -0.05517416447401047, 0.03364471346139908, -0.07838616520166397, 0.031711652874946594, 0.025890836492180824, -0.09868310391902924, -0.045039646327495575, 0.0559537447988987, 0.019461503252387047, -0.039116356521844864, -0.007419250439852476, 0.010368154384195805, -0.067111536860466, -0.014728010632097721, -0.047727447003126144, -0.02762158215045929, 0.029960500076413155, 0.0052396319806575775, -0.043811019510030746, 0.08075584471225739, 0.03140242397785187, -0.03889506310224533, -0.03240644186735153, 0.08405698835849762, -0.003731395350769162, -0.003921916708350182, -0.02525089494884014, 0.08131245523691177, 0.05753963440656662, -0.05889938771724701, -0.04996097832918167, -0.032835252583026886, -0.06802675127983093, -0.02522267773747444, 0.012655921280384064, -0.026632795110344887, -0.015747379511594772, -0.0119083346799016, 0.019836358726024628, 0.039161376655101776, -0.0352892130613327, -0.044126175343990326, -0.010485529899597168, 0.013235198333859444, -0.0009268539142794907, -0.0714334100484848, -0.030792586505413055, -0.03181573003530502, -0.004613120574504137, 0.05086149647831917, 0.047547172755002975, 0.016730284318327904, -0.05147651582956314, -0.035913582891225815, 0.005173080135136843, 0.02051323838531971, -0.03305762633681297, 0.08261086791753769, -0.023182250559329987, -0.03140932694077492, -0.037436239421367645, 0.021909745410084724, -0.04480581358075142, -0.05524759739637375, -0.05176099017262459, 0.011758570559322834, 0.030149340629577637, 0.0465957447886467, 0.10456069558858871, -0.05069240927696228, -0.16128310561180115, 0.017746305093169212, -0.06012345105409622, -0.010976012796163559, 0.06388650834560394, -0.05100756511092186, -0.07597272843122482, 0.0018482825253158808, -0.05558975040912628, 0.02449420839548111, 0.14981922507286072, 0.029581300914287567, -0.0559438094496727, 0.049233920872211456, 0.07114296406507492, -0.019517583772540092, -0.003620861331000924, 0.03354759141802788, -0.10205063223838806, 0.04803941026329994, 0.01164368074387312, 0.025837089866399765, 0.023724298924207687, -0.011821403168141842, 0.05391773581504822, -0.01342639047652483, -0.003931304905563593, -0.019841555505990982, 0.05464811250567436, 0.043522611260414124, 0.0031198877841234207, -0.053207460790872574, -0.03317682445049286, 0.05196404457092285, 0.027383338660001755, -0.002068780828267336, 0.08676521480083466, 0.014906425029039383, 0.085996612906456, -0.04309600219130516, 0.07801790535449982, -0.07938433438539505, -0.028110850602388382, 0.09017546474933624, 0.03291602432727814, 0.03931226208806038, -0.13364443182945251, 0.06617338955402374, 0.06091387942433357, -0.05084412172436714, -0.08061936497688293, 0.012968542985618114, 0.03150208666920662, -0.00794095266610384, 0.05521412566304207, -0.013202504254877567, -0.017911937087774277, 0.053174830973148346, 0.07913719862699509, -0.033344052731990814, -0.016202688217163086, 0.04258888587355614, -0.016373341903090477, -0.036116551607847214, 0.035463400185108185, -0.09231487661600113, 0.037825167179107666, 0.029724150896072388, -0.012580799870193005, 0.033927369862794876, 0.06442482769489288, 0.04667819291353226, 0.06266084313392639, -0.08312519639730453, -0.04555666074156761, 0.04136165231466293, 0.02806846611201763, -0.0014908005250617862, 0.06793854385614395, 0.005384998396039009, 0.04267747700214386, -0.01663931831717491, 0.08532951772212982, -0.089817576110363, -0.058117739856243134, -0.043161578476428986, 0.050540272146463394, -0.02777533419430256, -0.07878830283880234, 0.05684713274240494, 0.0006726551218889654, 0.0076005468145012856, 0.11666418612003326, -0.01124771498143673, 0.013175338506698608, 0.012817470356822014, -0.050588544458150864, 0.031629614531993866, 0.01742812804877758, 0.06732852011919022, 0.007592652924358845, 0.05891220271587372, -0.0019114549504593015, 0.0032466119155287743, -0.020650070160627365, 0.08589136600494385, -0.02139916457235813, -0.0036187712103128433, -0.007826541550457478, 0.00261070323176682, 0.022283120080828667, -0.0866272822022438, -0.00874063279479742, -0.009718711487948895, 0.056855738162994385, -0.013988691382110119, 0.08495794236660004, 0.06258941441774368, 0.00646376283839345, -0.05769597738981247, 0.002776900539174676, -0.006471044849604368, -0.016304634511470795, -0.012812010012567043, -0.02939239889383316, 0.055682938545942307, 0.026985695585608482, -0.03780840337276459, -0.024029918015003204, -0.02478187531232834, 0.023843636736273766, 0.044860705733299255, -0.007821692153811455, -0.03357439860701561, -0.08911531418561935, -0.021870777010917664, 0.009923974052071571, -0.02334783785045147, -0.029241882264614105, -0.08162116259336472, 0.032431427389383316, -0.028004027903079987, -0.07588069140911102, -0.017724759876728058, 0.03654178977012634, 0.031910743564367294, 0.054395969957113266, -0.05301709473133087, 0.024255963042378426, 0.02005193382501602, 0.02065056934952736, -0.019947856664657593, -0.05283745005726814, 0.007555515971034765, 0.02631947211921215, 0.10063038021326065, -0.0028368609491735697, 0.0077322255820035934, 0.062234289944171906, -0.10017397999763489, 0.020105643197894096, 0.07926946133375168, 0.08801957964897156, 0.04734246805310249, -0.06274614483118057, 0.06864284723997116, -0.056305937469005585, 0.016451319679617882, 0.03073585219681263, -0.02192540280520916, 0.09656167030334473, 0.010125480592250824, 0.03745944797992706, -0.010736684314906597, 0.08567096292972565, 0.0005318847252056003, 0.03186868876218796, 0.016665983945131302, -0.07725463807582855, 0.001232409500516951, -0.020361829549074173, -0.025860201567411423, 0.00155510229524225, -0.0646066814661026]"
29,Wikipedia & Web Search for Afghanistan,"arious social, symbolic, and land distribution reforms that provoked strong opposition, while also brutally oppressing political dissidents. This caused unrest and quickly expanded into a state of civil war by 1979, waged by guerrilla mujahideen (and smaller Maoist guerrillas) against regime forces countrywide. It quickly turned into a proxy war as the Pakistani government provided these rebels with covert training centers, the United States supported them through Pakistan's Inter-Services Intelligence (ISI), and the Soviet Union sent thousands of military advisers to support the PDPA regime. Meanwhile, there was increasingly hostile friction between the competing factions of the PDPA – the ","[-0.03712961822748184, 0.05400058254599571, 0.0012843076838180423, 0.06897592544555664, 0.07248435914516449, 0.02320084720849991, -0.0002795344335027039, -0.030520707368850708, 0.02659396454691887, 0.11345793306827545, 0.015778688713908195, 0.08659802377223969, 0.09619364142417908, -0.0406339056789875, -0.003600939642637968, -0.012133101932704449, -0.06362927705049515, -0.0599425844848156, -0.008538718335330486, 0.03278958797454834, -0.040712352842092514, -0.040547389537096024, -0.011339342221617699, -0.02518020197749138, 0.07865820825099945, 0.009869802743196487, 0.058057479560375214, -0.02019529417157173, 0.002435981761664152, -0.057674162089824677, -0.012555879540741444, -0.010442874394357204, 0.021306540817022324, 0.07430519908666611, 0.01498155202716589, -0.0025033955462276936, 0.09964467585086823, 0.0513620600104332, 0.04531855881214142, 0.028605004772543907, 0.06059735268354416, -0.036263011395931244, 0.14072945713996887, -0.008761509321630001, 0.0033738836646080017, -0.05730456858873367, 0.007774944882839918, -0.07233129441738129, -0.08558329194784164, 0.02864629589021206, 0.11120373010635376, 0.09651277959346771, 0.011032292619347572, -0.061742812395095825, 0.01858174242079258, -0.09286195039749146, 0.023957276716828346, 0.05451847240328789, 0.04360536113381386, -0.022871490567922592, -0.017577260732650757, 0.08509856462478638, 0.04099516198039055, -0.02654048427939415, -0.07754471153020859, -0.04256029799580574, 0.03221636265516281, -0.005904544144868851, 0.060410525649785995, 0.02531413733959198, 0.0006534026470035315, 0.026541341096162796, -0.04597654938697815, -0.0751771479845047, -0.014173055067658424, -0.020031435415148735, -0.011217661201953888, 0.09929059445858002, 0.025867844000458717, -0.0802326574921608, 0.08668548613786697, 0.05653543397784233, -0.00457279197871685, -0.03849349170923233, -0.07109221071004868, -0.052281033247709274, 0.021086547523736954, -0.012215664610266685, 0.10109461098909378, -0.006047597620636225, 0.0378432534635067, 0.08176383376121521, 0.04214610531926155, 0.04081273451447487, 0.05907474085688591, -0.028182240203022957, 0.020184680819511414, -0.033827848732471466, -0.006867660209536552, 0.005190529394894838, -0.029640378430485725, 0.029845774173736572, -0.038564909249544144, 0.02377268671989441, -0.0329388827085495, -0.04203050956130028, 0.015801826491951942, -0.09574388712644577, -0.04870346933603287, 0.03324129804968834, 0.017756419256329536, -0.10069362819194794, -0.05887163057923317, -0.04155231639742851, 0.03591308742761612, -0.03909361734986305, -0.053508587181568146, -0.06422942876815796, -0.1396954506635666, -0.022350305691361427, -0.024086283519864082, -0.05713586509227753, -0.009162696078419685, -0.016335103660821915, 0.06832712143659592, 0.055704519152641296, -0.044810760766267776, 0.04491772875189781, -0.07937260717153549, -0.11058120429515839, -0.09707480669021606, 0.0793113186955452, -0.089690662920475, -0.03741079568862915, 0.06270823627710342, -0.030998962000012398, -0.0551290363073349, -0.02230045199394226, 0.03510760888457298, 0.0326840840280056, 0.0495096892118454, 0.04326805844902992, 0.00946983601897955, -0.0005492859636433423, -0.12222295999526978, 0.0040598660707473755, 0.032345689833164215, -0.0015797724481672049, -0.009533590637147427, 0.07077224552631378, 0.09378544241189957, -0.06067154183983803, 0.03319076821208, 0.0014710212126374245, -0.027592774480581284, 0.020199673250317574, 0.08549609035253525, -0.010603190399706364, 0.09664080291986465, 0.07296784222126007, -0.04208323732018471, -0.018758371472358704, -0.015103267505764961, 0.019226577132940292, 0.04520168900489807, -0.09007937461137772, -0.07518206536769867, -0.02552977204322815, 0.011076233349740505, -0.001133488491177559, -0.017374522984027863, 0.00031063141068443656, 0.08067994564771652, -0.028133995831012726, 0.04379316046833992, -0.08481395244598389, -0.11548863351345062, -0.02391539141535759, -0.028779800981283188, 0.02445480227470398, 0.036944564431905746, -0.05208466574549675, -0.06766883283853531, 0.0191088505089283, -0.040434665977954865, 0.0018905275501310825, 0.0198346097022295, -0.001824680482968688, 0.029262665659189224, -0.02699832059442997, -0.04617445915937424, 0.04260183498263359, 0.02780935913324356, -0.027502495795488358, 0.0169609934091568, 0.011090979911386967, 0.020074650645256042, 0.06620730459690094, 0.043798960745334625, 0.011937136761844158, -0.19007587432861328, 0.024238506332039833, -0.10586598515510559, -0.010424683801829815, -0.018466215580701828, 0.029665885493159294, 0.0018421177519485354, -0.04610513150691986, 0.001757516642101109, -0.027431372553110123, 0.055730946362018585, -0.017360802739858627, -0.017075538635253906, 0.005571066867560148, 0.023057186976075172, -0.01735265925526619, 0.010831639170646667, -0.04747263714671135, 0.004119019024074078, 0.017713187262415886, 0.0065431613475084305, 0.028427651152014732, 0.025654321536421776, -0.0071258568204939365, -0.044431544840335846, -0.017727643251419067, -0.030990954488515854, 0.05158773809671402, -0.028939761221408844, 0.05080896615982056, 0.007285900413990021, -0.017665185034275055, -0.009557253681123257, 0.09216947108507156, -0.05730917677283287, 0.026311621069908142, 0.024035751819610596, -0.05503648519515991, -0.02587220072746277, -0.07870011776685715, 0.05100024864077568, -0.01607382297515869, 0.022674953565001488, -0.030604414641857147, 0.019701000303030014, 0.023643162101507187, -0.03250977769494057, 0.0572575181722641, 0.005452584475278854, 0.03235992044210434, -0.07636786997318268, -0.10009842365980148, -0.02359636127948761, 0.0017927181906998158, 0.04236168414354324, 0.008021333254873753, -0.04226430505514145, -0.0018455770332366228, 0.05485989525914192, -0.021270819008350372, -0.05659471079707146, 0.022631410509347916, 0.0302717387676239, -0.0029650519136339426, -0.01671372726559639, -0.025303451344370842, 0.0727623775601387, 0.02296907640993595, -0.018748542293906212, 0.11201509833335876, 0.032600339502096176, 0.0737832561135292, 0.026539862155914307, -0.1100708618760109, 0.06696350872516632, 0.07133699953556061, -0.003866710001602769, -0.0719899833202362, 0.08059415966272354, -0.03564104810357094, 0.03984649479389191, 0.0847669169306755, 0.05633813515305519, -0.0160972960293293, -0.0819445475935936, 0.04227041080594063, -0.06410995870828629, -0.07305186986923218, -0.081903837621212, 0.05114390328526497, -0.02546575665473938, -0.08769713342189789, 0.09803077578544617, -0.011095202527940273, 0.021671447902917862, -0.03750145435333252, -0.016523825004696846, 0.026639798656105995, -0.00811068806797266, 0.04021711274981499, 0.06542486697435379, 0.0649845078587532, -0.0318511500954628, 0.06084061041474342, -0.030735867097973824, 0.023029742762446404, 0.027480479329824448, -0.03627157583832741, -0.032066456973552704, -0.030932260677218437, -0.06452953070402145, -0.08743208646774292, 0.01685156114399433, 0.017504706978797913, -0.026854906231164932, -0.057832375168800354, -0.015522606670856476, 0.04324401542544365, 0.023479828611016273, -0.06380876153707504, 0.021578285843133926, 0.029492996633052826, -0.036220159381628036, 0.04565485194325447, -0.009918165393173695, 0.029205020517110825, 0.06534112244844437, -0.004352628253400326, 0.009662275202572346, -0.03493976220488548, -0.03913933038711548, -0.02434675209224224, 0.031207535415887833, -0.014622824266552925, -0.03401734679937363, -0.0014826343394815922, -0.03828805685043335, -0.04023502767086029, 0.014694735407829285, -0.04220043122768402, 0.0858767107129097, -0.02917415276169777, -0.04601503908634186, 0.030757443979382515, -0.04509977623820305, 0.03835471719503403, -0.012836260721087456, -0.02988036535680294, -0.05507524311542511, -0.03621634468436241, 0.0023338710889220238, -0.05435549467802048, -0.044075366109609604, -0.01738232560455799, 0.011660167016088963, 0.10400356352329254, 0.025863509625196457, 9.304961713496596e-05, 0.08215595781803131, -0.025606602430343628, -0.0041170623153448105, 0.029127614572644234, -0.017923504114151, 0.01600983925163746, -0.024554109200835228, 0.05047675594687462, -0.14811211824417114, 0.02857203036546707, 0.0070718456991016865, -0.05280354619026184, 0.16102881729602814, -0.018323417752981186, 0.0009100578026846051, 0.006891811732202768, 0.07355702668428421, -0.045433275401592255, -0.003351423889398575, 0.10335206240415573, -0.03039984405040741, 1.3914417650084943e-05, -0.011906038969755173, 0.0746527835726738, 0.06653658300638199, -0.017541587352752686]"
30,Wikipedia & Web Search for Afghanistan,"dominant Khalq and the more moderate Parcham.
In October 1979, PDPA General Secretary Taraki was assassinated in an internal coup orchestrated by then-prime minister Hafizullah Amin, who became the new general secretary of the PDPA. The situation in the country deteriorated under Amin, and thousands of people went missing. Displeased with Amin's government, the Soviet Army invaded the country in December 1979, heading for Kabul and killing Amin. A Soviet-organized regime, led by Parcham's Babrak Karmal but inclusive of both factions (Parcham and Khalq), filled the vacuum. Soviet troops in more substantial numbers were deployed to stabilize Afghanistan under Karmal, marking the beginning of t","[-0.045354995876550674, 0.05295505374670029, -0.01724296808242798, -0.01161959208548069, -0.013007053174078465, 0.08955907076597214, 0.01107435766607523, 0.038043487817049026, -0.00903628021478653, -0.004103909712284803, 0.02468479424715042, 0.05120057985186577, 0.04729998856782913, -0.0250956229865551, -0.010504807345569134, -0.012448331341147423, -0.016919320449233055, -0.040071263909339905, 0.011421686969697475, 0.04150804132223129, -0.014102955348789692, -0.032923392951488495, -0.023419123142957687, -0.011284987442195415, 0.03952188789844513, -0.12888982892036438, 0.012089202180504799, -0.016108296811580658, -0.029367778450250626, -0.0028113138396292925, -0.03442362695932388, -0.09214840829372406, 0.022725455462932587, 0.008708536624908447, 0.057548023760318756, 0.003443397581577301, 0.09142891317605972, 0.07380672544240952, 0.06802438199520111, 0.0012097976868972182, 0.010266642086207867, -0.05681462213397026, 0.056450843811035156, 0.005237838719040155, 0.01715284399688244, -0.07094643265008926, -0.009555482305586338, 0.02175571583211422, -0.07586246728897095, -0.0045914179645478725, 0.007032726425677538, 0.07163828611373901, -0.022918477654457092, -0.050275471061468124, 0.06630172580480576, -0.1026446744799614, 0.002660572761669755, 0.06566041707992554, -0.050092071294784546, -0.00109955039806664, -0.029425010085105896, 0.09595197439193726, -0.09363358467817307, -0.06532119959592819, -0.05713197961449623, -0.07049322128295898, 0.09953885525465012, -0.14366815984249115, 0.043119147419929504, 0.03800980746746063, 0.00894573237746954, -0.029486464336514473, -0.018416017293930054, -0.05261591821908951, -0.06450657546520233, -0.04091067239642143, -0.09660127758979797, 0.10196220874786377, -0.05849834159016609, -0.08093445748090744, 0.09842466562986374, 0.07495207339525223, 0.03117772750556469, 0.00627862149849534, -0.02372957579791546, -0.023008432239294052, -0.026960447430610657, -0.008123308420181274, 0.04841828718781471, 0.0099623529240489, 0.050071075558662415, 0.0306297168135643, 0.09861582517623901, -0.002281655091792345, 0.12757103145122528, 0.0014094230718910694, 0.026400970295071602, 0.12277259677648544, -0.03036821447312832, 0.007616355549544096, -0.03700513392686844, -0.05180363357067108, -0.0416911281645298, -0.045887093991041183, 0.01773153245449066, 0.0029942209366708994, 0.03395440801978111, -0.06921691447496414, -0.0952567383646965, 0.016985325142741203, -0.06500204652547836, -0.03704700618982315, -0.0014366301475092769, -0.08266244828701019, 0.07563440501689911, -0.041531339287757874, -0.09711947292089462, 0.04619146138429642, -0.17110027372837067, -0.03756096959114075, -0.02816145122051239, -0.08786044269800186, 0.049645960330963135, -0.003554800758138299, 0.02531277947127819, 0.05694873631000519, -0.005084885749965906, 0.05419621989130974, 0.10133620351552963, -0.0856967642903328, 0.027762290090322495, 0.015216701664030552, -0.06973783671855927, 0.03149055689573288, 0.037557169795036316, -0.05610555410385132, 0.021718645468354225, 0.07294198870658875, 0.05426464229822159, -0.03802180662751198, 0.02008851431310177, -0.056689269840717316, -0.07061456143856049, 0.011483317241072655, -0.03087802603840828, -0.0064431363716721535, 0.022405683994293213, 0.0065604508854448795, 0.05255746468901634, 0.09704262763261795, -0.0190587155520916, -0.02430240623652935, 0.042020414024591446, 0.0385424830019474, -0.0010891316924244165, 0.04990829899907112, -0.025900382548570633, 0.06048629432916641, 0.06345829367637634, -0.026197265833616257, -0.03334788978099823, -0.016357408836483955, -0.05427956208586693, -0.01278047263622284, -0.043982431292533875, -0.03726837784051895, -0.058421358466148376, -0.04908783361315727, 0.03509194403886795, 0.04774392023682594, -0.0347931869328022, 0.04202115535736084, -0.05517316609621048, 0.009488662704825401, -0.009096924215555191, -0.06324975192546844, -0.05780390650033951, -0.024520395323634148, -0.036724403500556946, 0.0036143329925835133, -0.017029378563165665, 0.017859401181340218, -0.01637192629277706, -0.01525286864489317, 0.008639796636998653, 0.018703367561101913, 0.03581862151622772, -0.010104997083544731, 0.019876446574926376, -0.04528803750872612, -0.019996926188468933, -0.013660329394042492, -0.013976997695863247, -0.03981505334377289, -0.022427266463637352, 0.03114657662808895, 0.04123791679739952, 0.004484790842980146, 0.05343874543905258, -0.014093521982431412, -0.1624884456396103, 0.026016222313046455, -0.07339868694543839, -0.063727468252182, -0.01575266197323799, -0.03700892999768257, -0.0756584107875824, -0.007085602730512619, -0.017273951321840286, 0.0425950363278389, 0.07536438852548599, 0.03436225652694702, -0.027882717549800873, 0.006615007296204567, 0.024042503908276558, 0.014596272259950638, 0.012343072332441807, 0.04978908970952034, -0.0814601257443428, 0.03916344419121742, 0.09023995697498322, 0.022401489317417145, -0.036331359297037125, -0.03919816017150879, -0.0002340717037441209, -0.016717759892344475, 0.011856342665851116, -0.011940163560211658, 0.013337616808712482, 0.04982614517211914, 0.007486124522984028, -0.05190015211701393, -0.03746073320508003, 0.01977209374308586, 0.041924525052309036, 0.00078698864672333, 0.14688293635845184, 0.01857217587530613, 0.03832976147532463, -0.00969105027616024, 0.01522761583328247, -0.09056568145751953, -0.025035973638296127, 0.0455452986061573, 0.05108396336436272, -0.009063581004738808, -0.09138140827417374, 0.08138706535100937, -0.021498147398233414, 0.02242853492498398, -0.007826890796422958, -0.05882652848958969, -0.0005663428455591202, 0.030239786952733994, 0.03729432076215744, 0.010110810399055481, -0.05135420709848404, 0.06637836992740631, 0.04829886183142662, -0.016115043312311172, -0.06093190982937813, -0.0018602615455165505, -0.016163265332579613, -0.023354480043053627, 0.09125527739524841, -0.05424971133470535, 0.04786429926753044, 0.0790395513176918, 0.039864372462034225, 0.0027339288499206305, -0.001981985056772828, -0.04182207211852074, 0.021612385287880898, -0.12560723721981049, 0.025295037776231766, 0.03024495765566826, 0.026660367846488953, -0.04860176891088486, 0.053313758224248886, 0.028728535398840904, 0.025056738406419754, 0.04432995617389679, 0.1476452648639679, -0.0704350396990776, 0.0015732221072539687, -0.05959751084446907, -0.03173443302512169, 0.005683414172381163, -0.09159032255411148, 0.037957966327667236, 0.02250424213707447, -0.008404642343521118, 0.115056611597538, -0.09570600092411041, 0.06139089912176132, -0.06122519075870514, -0.005809166934341192, 0.08953486382961273, -0.040125321596860886, 0.043366387486457825, 0.0007850761758163571, 0.05238381773233414, 0.041476599872112274, 0.05391809344291687, -0.0534609891474247, -0.002021549269556999, -0.006733692716807127, -0.04022449627518654, 0.040805790573358536, 0.01607920601963997, 0.044430576264858246, -0.11321184784173965, 0.03711210936307907, -0.04248464107513428, 0.07225898653268814, -0.04575084522366524, 0.052822232246398926, 0.0025212829932570457, 0.1094251275062561, -0.06374750286340714, 0.05322074145078659, -0.02039923146367073, -0.04486779868602753, 0.07280845195055008, 0.008757967501878738, 0.010254709050059319, 0.02621975913643837, -0.003980102948844433, 0.04342954233288765, 0.09010378271341324, 0.045709241181612015, -0.01600097306072712, 0.019464856013655663, -0.052490390837192535, 0.020722629502415657, -0.0546165369451046, -0.036642737686634064, -0.02126307040452957, -0.010289488360285759, -0.11533918976783752, 0.007355497684329748, -0.015354225412011147, -0.014042535796761513, -0.04707455635070801, -0.01072543766349554, 0.03564558923244476, -0.008437104523181915, -0.0029205542523413897, -0.09007363021373749, 0.024091845378279686, 0.025641784071922302, 0.0037189647555351257, -0.07153883576393127, -0.027321383357048035, 0.0028642448596656322, 0.10930655896663666, 0.04066719114780426, 0.0027173657435923815, 0.0877123773097992, -0.06526263803243637, 0.03490843251347542, 0.005220743827521801, 0.05874965339899063, 0.026728671044111252, 0.04599159210920334, 0.01768810674548149, 0.015505485236644745, 0.028800738975405693, 0.037197045981884, -0.02149595320224762, 0.026229657232761383, 0.04438953846693039, 0.035439811646938324, -0.007485687732696533, 0.06584638357162476, -0.03937581926584244, -0.021272463724017143, 0.0230074692517519, -0.022682636976242065, 0.04596506804227829, 0.0011169221252202988, -0.01742217317223549, -0.06709146499633789, -0.05717707425355911]"
31,Wikipedia & Web Search for Afghanistan,"he Soviet–Afghan War. Lasting nine years, the war caused the deaths of between 562,000 and 2 million Afghans, and displaced about 6 million people who subsequently fled Afghanistan, mainly to Pakistan and Iran. Heavy air bombardment destroyed many countryside villages, millions of landmines were planted, and some cities such as Herat and Kandahar were also damaged from bombardment. After the Soviet withdrawal, another civil war ensued until the communist regime under PDPA leader Mohammad Najibullah collapsed in 1992.
The Soviet–Afghan War had drastic social effects on Afghanistan. The militarization of society led to heavily armed police, private bodyguards, openly armed civil defense groups","[-0.056192539632320404, 0.07716922461986542, -0.009191188029944897, 0.03268347680568695, 0.03888137638568878, 0.0712677389383316, 0.03930264338850975, 0.0047543905675411224, 0.042492590844631195, 0.002340339357033372, 0.009313952177762985, 0.07433448731899261, 0.07780901342630386, 0.008537830784916878, -0.019781358540058136, 0.002042133826762438, -0.0810350701212883, -0.07984054833650589, -0.02505895309150219, -0.030730176717042923, -0.06478016823530197, -0.005885053426027298, 0.09254442900419235, 0.020220596343278885, 0.10332390666007996, -0.056620046496391296, 0.011205066926777363, -0.005646984558552504, -0.0359240360558033, 0.03887350857257843, 0.013784675858914852, 0.0005693560233339667, -0.0027758870273828506, 0.008404265157878399, 0.03101406805217266, 0.0006683994433842599, 0.05612726882100105, 0.08518172055482864, 0.02187092788517475, 0.02156340517103672, 0.03245530650019646, 0.05123665928840637, 0.06992172449827194, 0.059168748557567596, 0.03243296965956688, 0.041463080793619156, -0.014917595311999321, -0.06719399243593216, 0.019765585660934448, 0.07017682492733002, 0.0018437299877405167, 0.08232379704713821, 0.004289460368454456, -0.015054972842335701, 0.11699619144201279, -0.16150322556495667, -0.013337308540940285, 0.013471446000039577, -0.015144003555178642, 0.02600070834159851, -0.08361494541168213, 0.0031709217000752687, -0.01727358251810074, -0.048758916556835175, -0.05472774803638458, -0.0597744956612587, 0.10862407088279724, -0.08666710555553436, 0.03953016921877861, 0.09914050251245499, 0.04180720075964928, 0.07504084706306458, -0.013529233634471893, -0.053785279393196106, -0.1306791454553604, -0.09724204242229462, -0.01584090106189251, 0.11545898020267487, -0.03035251423716545, -0.045478206127882004, 0.11444155871868134, 0.029203306883573532, -0.0026252889074385166, -0.01008262112736702, -0.00818674173206091, -0.06533250212669373, -0.04855557903647423, 0.023705679923295975, 0.03575357794761658, 0.03909672796726227, 0.027293113991618156, 0.07126906514167786, 0.05635308101773262, 0.05335034802556038, 0.10906564444303513, 0.07431895285844803, 0.07032963633537292, 0.030064323917031288, -0.062464263290166855, 0.010403473861515522, -0.0059078410267829895, -0.04893806204199791, -0.026359135285019875, -0.022745627909898758, 0.005612525157630444, 0.03845478594303131, -0.025337686762213707, -0.03925759345293045, -0.1034000813961029, 0.016078362241387367, 0.02382168546319008, -0.05989833548665047, -0.035257790237665176, -0.028730275109410286, 0.06115148961544037, -0.03074987605214119, 0.000537745887413621, 0.014875308610498905, -0.1591346710920334, 0.03730758652091026, -0.018985316157341003, -0.08617517352104187, 0.004674337804317474, 0.02909836359322071, 0.00133266462944448, 0.003414474194869399, -0.0017666015774011612, 0.036185089498758316, 0.041507985442876816, -0.1670742779970169, -0.045139130204916, 0.08344236761331558, -0.13178609311580658, 0.03636164218187332, 0.015737736597657204, -0.017630675807595253, 0.027939964085817337, 0.010105743072926998, -0.058471933007240295, -0.0371866300702095, -0.0334911085665226, 0.046884194016456604, -0.022262364625930786, -0.010138366371393204, -0.12401945143938065, 0.041440200060606, 0.028238670900464058, -0.020014800131320953, 0.000278288935078308, -0.005220608785748482, 0.08241086453199387, -0.031137865036725998, 0.014203283004462719, 0.029403530061244965, 0.05073351040482521, -0.04437314346432686, -0.03400749713182449, 0.03696221113204956, 0.028064433485269547, 0.021884601563215256, -0.04768979549407959, -0.034548792988061905, 0.021029522642493248, -0.02569522336125374, -0.013734911568462849, 0.012286730110645294, -0.08019144088029861, 0.008161472156643867, 0.06085829436779022, -0.013429759070277214, -0.021790359169244766, -0.02529713697731495, 0.06885400414466858, -0.005933417938649654, 0.006660668645054102, 0.030206304043531418, -0.06927067041397095, -0.05160854756832123, 0.017661985009908676, 0.061122775077819824, -0.012656319886446, -0.023424804210662842, -0.03131573274731636, 0.09046335518360138, -0.005411264952272177, 0.0135361198335886, 0.01688568666577339, 0.006918140687048435, 0.020598890259861946, -0.03697281703352928, 0.03707820177078247, 0.05785007402300835, 0.05509604513645172, -0.05895862355828285, -0.023155907168984413, 0.0009052300592884421, 0.005229541100561619, 0.10196802765130997, 0.037808336317539215, -0.05518880486488342, -0.07703590393066406, -0.03617323562502861, -0.09092496335506439, -0.07795235514640808, 0.021099073812365532, -0.00931792613118887, -0.006955205462872982, 0.017778703942894936, 0.04776439443230629, -0.05742015689611435, 0.05253298580646515, 0.002558836480602622, -0.04724577069282532, 0.0607142373919487, 0.03201979398727417, -0.057638686150312424, -0.07486346364021301, 0.04933938756585121, -0.001441739033907652, 0.04475243017077446, 0.04701569676399231, -0.02944147028028965, -0.032405953854322433, -0.04927200824022293, -0.020172560587525368, 0.012240655720233917, 0.015449780970811844, -0.004233215935528278, 0.011802108027040958, -0.0025681627448648214, -0.027889495715498924, 0.04549159109592438, 0.011557485908269882, 0.08470076322555542, 0.03277687355875969, -0.02170894853770733, -0.026299983263015747, 0.0629410371184349, -0.024023503065109253, -0.038053251802921295, 0.025104641914367676, -0.1122337281703949, 0.015320601873099804, -0.03419119119644165, 0.03726848214864731, -0.04533346742391586, -0.024536799639463425, 0.06414288282394409, -0.017884500324726105, 0.026447614654898643, -0.06784091889858246, -0.06656710803508759, 0.029112180694937706, -0.05732213705778122, 0.06050063297152519, -0.015340276062488556, -0.006015333812683821, 0.07590008527040482, 0.1407119780778885, 0.013337179087102413, -0.0290079228579998, 0.06606585532426834, 0.007986281998455524, -0.022784726694226265, 0.033476583659648895, -0.04627488553524017, 0.03699488565325737, 0.0309121273458004, 0.016793789342045784, 0.04930219426751137, -0.004841637331992388, -0.0504407063126564, 0.054429784417152405, -0.0588587261736393, 0.04311895743012428, 0.05802378058433533, -0.0730249434709549, -0.01107094343751669, 0.030178694054484367, -0.03218216076493263, -0.04426572099328041, -0.05368414148688316, 0.0754760354757309, -0.05327754095196724, -0.04146676883101463, -0.01668442413210869, 0.03238421678543091, 0.06390731781721115, -0.12536102533340454, 0.02677333727478981, 0.02690768614411354, -0.07721780240535736, -0.009995429776608944, 0.010019488632678986, -0.011232450604438782, -0.051086124032735825, -0.1194823831319809, 0.01487794704735279, -0.010930067859590054, 0.09624619781970978, 0.03725689649581909, 0.06410342454910278, -0.011767011135816574, 0.010252408683300018, -0.05602988228201866, 0.044207584112882614, -0.03130684420466423, -0.06262348592281342, -0.013463110662996769, -0.07296401262283325, 0.03450276330113411, -0.062282346189022064, 0.03621509671211243, -0.012148487381637096, 0.05831687152385712, -0.014942367561161518, -0.029835710301995277, -0.0021171823609620333, 0.02300395630300045, -0.0659744143486023, -0.021318843588232994, 0.01092896331101656, -0.015176046639680862, 0.05657798424363136, -0.02406054362654686, 0.0675768107175827, 0.07851812988519669, 0.0069026947021484375, 0.035281676799058914, 0.028293250128626823, 0.018473612144589424, 0.03227300941944122, -0.06838545948266983, 0.026334038004279137, -0.10660228133201599, -0.041656430810689926, -0.0911230817437172, -0.04814207926392555, 0.023559413850307465, -0.05542045459151268, 0.03782114014029503, -0.02594335749745369, -0.045591793954372406, -0.020484069362282753, 0.02248937450349331, 0.09586500376462936, 0.02710794284939766, -0.008861275389790535, -0.0050911265425384045, -0.032915886491537094, 0.03213370218873024, -0.07110138237476349, -0.08406515419483185, -0.01031084731221199, -0.02157234027981758, 0.05964411422610283, 0.04615969583392143, 0.035614293068647385, 0.03410301357507706, -0.05464872345328331, -0.01647823676466942, 0.04757916182279587, 0.07040246576070786, 0.0666387677192688, 0.04027978703379631, 0.022388886660337448, -0.045933131128549576, 0.030043287202715874, -0.005749897100031376, -0.01061181165277958, 0.08507706224918365, 0.007687021512538195, -0.017472583800554276, -0.05759860947728157, 0.04288027063012123, 0.0077349841594696045, 0.00370471877977252, 0.025665229186415672, 0.0006867367774248123, -0.09524615854024887, -0.08148936182260513, -0.061822012066841125, -0.012321528047323227, -0.047079648822546005]"
32,Wikipedia & Web Search for Afghanistan,", and the like becoming the norm in Afghanistan for decades thereafter. The traditional power structure had shifted from the clergy, community elders, intelligentsia, and military in favor of powerful warlords.

Post–Cold War conflict
Another civil war broke out after the creation of a dysfunctional coalition government between leaders of various mujahideen factions. Amid a state of anarchy and factional infighting, various mujahideen factions committed widespread rape, murder, and extortion, while Kabul was heavily bombarded and partially destroyed by the fighting. Several failed reconciliations and alliances occurred between different leaders. The Taliban emerged in September 1994 as a mov","[-0.05072241276502609, 0.058340977877378464, 0.0025582807138562202, 0.0953764021396637, 0.015983056277036667, 0.012880677357316017, -0.030500367283821106, -0.06771685183048248, 0.012439443729817867, 0.0042194705456495285, 0.021936241537332535, 0.060642555356025696, 0.04912768676877022, -0.09531030058860779, 0.0478903092443943, 0.022245369851589203, -0.07887199521064758, -0.03736734762787819, -0.05378830060362816, -0.027552491053938866, -0.07782503217458725, -0.0668870210647583, 0.07512775808572769, 0.03876222297549248, 0.08713241666555405, -0.011898697353899479, 0.017478475347161293, -0.0014296600129455328, -0.033936116844415665, -0.056992240250110626, -0.05569480359554291, -0.021528802812099457, 0.02201712317764759, 0.06584358960390091, -0.05544082075357437, 0.01840151660144329, 0.09654034674167633, 0.06944897025823593, 0.0005473052733577788, 0.05106104910373688, 0.016925781965255737, 0.04644392430782318, 0.07186366617679596, -0.027049468830227852, 0.012687205336987972, 0.04390911012887955, 0.02122560515999794, 0.005022544413805008, -0.0821855366230011, -0.00900639034807682, 0.07072734087705612, 0.07573488354682922, -0.015287493355572224, 0.09816158562898636, 0.023516934365034103, -0.031930580735206604, 0.02950744517147541, 0.023245247080922127, 0.06304045766592026, 0.02204609476029873, -0.05452093854546547, 0.06826595962047577, -0.05010848492383957, 0.0014281506882980466, -0.010330191813409328, -0.07193414866924286, 0.0442301407456398, -0.0007228057365864515, -0.06807070225477219, 0.026505814865231514, 0.08086477965116501, 0.04099975898861885, -0.016191745176911354, -0.07896033674478531, -0.04734252020716667, -0.06724696606397629, -0.017333023250102997, 0.006879031658172607, 0.005942986346781254, 0.018521873280405998, 0.10923824459314346, 0.09409941732883453, 0.034192826598882675, 0.02122177928686142, -0.04816949740052223, -0.07683288305997849, -0.05054605379700661, -0.03401554003357887, 0.037268295884132385, -0.020502811297774315, 0.031706538051366806, 0.07105537503957748, 0.026971954852342606, 0.05075718089938164, 0.09103093296289444, 0.028467746451497078, 0.0669482871890068, -0.0027049644850194454, -0.04008542373776436, 0.03398963809013367, -0.01661495864391327, -0.0730193480849266, 0.06277266144752502, 0.03470437601208687, 0.0652240738272667, -0.05705547705292702, -0.0015814282232895494, -0.05660894513130188, -0.09300777316093445, 0.008447445929050446, 0.010493000037968159, -0.04078708961606026, -0.06489863991737366, -0.015365691855549812, 0.01862199231982231, -0.04407385736703873, -0.048302795737981796, 0.04854390770196915, -0.0878269374370575, -0.01535329595208168, -0.0013068582629784942, -0.057149872183799744, -0.006363777909427881, -0.0084796492010355, 0.0667392909526825, 0.09973733872175217, -0.05855245143175125, 0.030992869287729263, -0.006568967830389738, -0.1739681363105774, -0.12692300975322723, 0.09893979132175446, -0.0651964619755745, 0.005067202262580395, 0.058853548020124435, -0.025714723393321037, -0.0639163926243782, 0.0003824388550128788, 0.04557244852185249, 0.012681208550930023, -0.034692104905843735, -0.029543425887823105, 0.02480670064687729, -0.0031147655099630356, -0.10167869180440903, 0.03407910093665123, 0.006293697748333216, -0.012168262153863907, -0.02003953419625759, 0.0550621934235096, 0.04342144355177879, -0.07308577001094818, 0.0028895121067762375, 0.0019270769553259015, 0.028260037302970886, -0.01328149251639843, -0.006273491773754358, 0.03608396276831627, 0.08450966328382492, 0.039014942944049835, 0.006327967159450054, -0.022853434085845947, -0.009998307563364506, 0.03122601844370365, 0.057439517229795456, -0.02225697785615921, -0.049208227545022964, -0.04060150682926178, 0.0551290325820446, -0.03332271799445152, -0.047606006264686584, -0.024139996618032455, 0.09453132748603821, 0.019314728677272797, -0.010333091020584106, -0.05305701121687889, -0.1290757805109024, 0.027697458863258362, -0.00373265752568841, 0.047119226306676865, 0.05133690685033798, 0.0005727075040340424, -0.04584134370088577, 0.08517683297395706, -0.009799513034522533, 0.08274129778146744, 0.08635794371366501, 0.05286312848329544, 0.019185597077012062, 0.018204011023044586, -0.0056876735761761665, 0.0904671922326088, 0.05646955594420433, -0.02303437329828739, -0.02393021248281002, -0.02894744835793972, 0.07720451056957245, 0.08117792755365372, -0.0022035373840481043, -0.033143676817417145, -0.17171068489551544, 0.10639587044715881, -0.048238154500722885, -0.041315484791994095, 0.013604131527245045, -0.04617536813020706, 0.025807125493884087, -0.05353527143597603, -0.036688752472400665, 0.02505713887512684, 0.06909721344709396, 0.06265247613191605, -0.04254910349845886, 0.02254488505423069, 0.0372554212808609, -0.062311120331287384, -0.07021143287420273, 0.018978670239448547, -0.08228623121976852, 0.06155095621943474, -0.008167567662894726, 0.025949440896511078, 0.021066568791866302, -0.026945266872644424, 0.04639812186360359, -0.03541897237300873, -0.030927103012800217, 0.038313060998916626, -0.001785011263564229, 0.0529034361243248, -0.0598854161798954, -0.02300502359867096, -0.06737224012613297, 0.07674205303192139, 0.01874522864818573, -0.05826637148857117, 0.0521576963365078, 0.08754880726337433, 0.07071921229362488, -0.08719596266746521, 0.034444358199834824, -0.03292297199368477, 0.03837934508919716, -0.0032809812109917402, 0.0395466648042202, -0.030431736260652542, -0.09210734814405441, 0.04204368218779564, -0.007466591894626617, 0.002377502853050828, -0.07930048555135727, -0.014727933332324028, 0.007363505661487579, -0.07533039152622223, 0.022694319486618042, -0.04436900466680527, -0.0353473424911499, 0.05041257292032242, 0.07435520738363266, 0.018688667565584183, 0.0025615126360207796, 0.0130425114184618, -0.005920071620494127, 0.02208474464714527, -0.02882697433233261, -0.001525318599306047, 0.04988754913210869, 0.01188633218407631, -0.024791739881038666, 0.06697051972150803, 0.006472729612141848, -0.00408512307330966, 0.0030996554996818304, -0.10959572345018387, -0.02135053090751171, 0.032471079379320145, -0.0045823450200259686, -0.0845629945397377, 0.048153359442949295, -0.0521407350897789, 0.01811477355659008, -0.00019608772709034383, 0.010038097389042377, -0.04687478020787239, -0.004367167130112648, -0.052311040461063385, 0.03420272842049599, 0.027653492987155914, -0.03432976454496384, 0.004260916728526354, -0.013965858146548271, -0.13860060274600983, 0.006319866981357336, 0.06877465546131134, 0.018035516142845154, -0.054562609642744064, -0.05576600879430771, 0.0180782712996006, 0.029355894774198532, 0.004389466717839241, 0.047897446900606155, 0.01133703999221325, -0.031205885112285614, -0.015217600390315056, 0.0046709259040653706, 0.05729171261191368, -0.03105722926557064, -0.019633308053016663, -0.0610262006521225, -0.005822458304464817, 0.014847096055746078, -0.008026671595871449, -0.02368607185781002, -0.022969257086515427, 0.03343310207128525, -0.08124931156635284, -0.0151500403881073, 0.00794371496886015, 0.023153476417064667, -0.05248637497425079, 0.005262073129415512, 0.025912242010235786, 0.01590927317738533, 0.057728033512830734, -0.06693099439144135, 0.09808134287595749, 0.08093544095754623, -0.03655143454670906, 0.020786572247743607, 0.029067058116197586, -0.06730838119983673, 0.03665347024798393, -0.0008661705651320517, -0.05111291632056236, -0.06656728684902191, 0.002822058741003275, -0.11043130606412888, -0.031237678602337837, -0.03473149985074997, 0.008072526194155216, 0.11100522428750992, 0.024475686252117157, -0.07700204849243164, 0.014967555180191994, -0.045724980533123016, 0.05963755026459694, -0.020384881645441055, -0.034908849745988846, -0.011755019426345825, 0.00018001064017880708, 0.039633799344301224, -0.0358392633497715, 0.026079397648572922, -0.03140951693058014, -0.010297662578523159, 0.044181715697050095, -0.02539863996207714, 0.013882565312087536, 0.043564919382333755, -0.09137562662363052, 0.04085325077176094, -0.06962168216705322, 0.101903036236763, 0.049877673387527466, -0.016549764201045036, 0.06268078833818436, -0.06458985060453415, 0.07563041895627975, 0.005418314132839441, 0.014077266678214073, 0.1046530231833458, -0.0036756356712430716, -0.03248976543545723, -0.048860929906368256, -0.03759913891553879, -0.02160194329917431, 0.03763788938522339, 0.10018277168273926, -0.02922789938747883, -0.050665102899074554, -0.0467447005212307, -0.07817409187555313, 0.0376940481364727, -0.027712471783161163]"
33,Wikipedia & Web Search for Afghanistan,"ement and militia of students (talib) from Islamic madrassas (schools) in Pakistan, who soon had military support from Pakistan.
Taking control of Kandahar city that year, they conquered more territories until finally driving out the government of Rabbani from Kabul in 1996, where they established an emirate. The Taliban were condemned internationally for the harsh enforcement of their interpretation of Islamic sharia law, which resulted in the brutal treatment of many Afghans, especially women. During their rule, the Taliban and their allies committed massacres against Afghan civilians, denied UN food supplies to starving civilians, and conducted a policy of scorched earth, burning vast are","[-0.008672350086271763, 0.06664592027664185, -0.03681875765323639, 0.021385785192251205, -0.004837336018681526, -0.009109938517212868, 0.02999749220907688, -0.015390501357614994, 0.0294403824955225, 0.0976993590593338, 0.07727114111185074, 0.045774880796670914, 0.12121120095252991, -0.06959342956542969, 0.02172667905688286, -0.027170080691576004, -0.05107166990637779, -0.07637244462966919, 0.020553134381771088, -0.047004178166389465, -0.07839516550302505, -0.06264989078044891, 0.06506603956222534, 0.018719147890806198, 0.06622850894927979, -0.07299339771270752, 0.04421274736523628, -0.011514740064740181, 0.0031412984244525433, -0.02600802108645439, -0.048802029341459274, -0.09906280040740967, -0.025735097005963326, 0.06144018471240997, -0.0468846894800663, 0.127305269241333, 0.05718028172850609, 0.08918819576501846, 0.02949783392250538, 0.014996848069131374, 0.04282326623797417, -0.0037848588544875383, 0.03863922134041786, 0.03805295750498772, 0.021490540355443954, -0.03786968067288399, -0.07477805763483047, -0.05529646575450897, -0.0654928982257843, -0.019804982468485832, 0.07392776757478714, 0.0662066638469696, 0.016315678134560585, -0.07259156554937363, 0.0744241401553154, -0.07988385856151581, -0.016956470906734467, 0.06170373037457466, -0.0020371098071336746, 0.05077588930726051, -0.07693320512771606, 0.06392543017864227, -0.05139331519603729, -0.003819813719019294, -0.0981246680021286, -0.07650884985923767, 0.0814206674695015, 0.02318061701953411, 0.06677551567554474, 0.008964180015027523, 0.005804137792438269, 0.0027557851281017065, -0.008647383190691471, 0.0038894275203347206, -0.06318803876638412, -0.038601651787757874, -0.07546813040971756, 0.07810767740011215, -0.035128284245729446, -0.023061547428369522, 0.0908290222287178, 0.04815613850951195, 0.11817042529582977, -0.009038952179253101, -0.006638659164309502, -0.006941752973943949, -0.04820585623383522, -0.011275219731032848, 0.08045715093612671, 0.01958039030432701, 0.06422525644302368, 0.035510215908288956, 0.035107504576444626, 0.04808288812637329, 0.06705862283706665, -0.012538263574242592, 0.02603524550795555, 0.0021454403176903725, -0.026723455637693405, 0.034615252166986465, 0.02149813249707222, -0.025277642533183098, 0.044998060911893845, -0.017773756757378578, -0.029445365071296692, 0.040333956480026245, 0.01876221038401127, -0.12377715110778809, -0.09164693206548691, -0.002787374658510089, -0.04677806794643402, -0.010768854059278965, -0.018844211474061012, -0.015573656186461449, 0.008959769271314144, -0.004905911162495613, -0.003349610138684511, 0.014610442332923412, -0.08983002603054047, -0.018081216141581535, -0.039311107248067856, -0.004873826168477535, 0.010728792287409306, -0.027889329940080643, 0.02251984365284443, 0.03455578163266182, -0.003821799997240305, 0.02236243523657322, -0.029268600046634674, -0.08231476694345474, -0.03855985775589943, 0.06681850552558899, -0.11202385276556015, -0.04607666656374931, 0.10055753588676453, -0.03939814865589142, -0.05779029056429863, -0.013157117180526257, -0.012466090731322765, -0.08384363353252411, 0.0320449136197567, -0.05259548872709274, 0.06957605481147766, -0.029488541185855865, -0.03078039176762104, 0.03646611422300339, 0.03876272588968277, 0.02273762971162796, -0.032842423766851425, 0.06763210892677307, 0.051514774560928345, -0.05852309241890907, -0.03191528096795082, -0.017141472548246384, -0.016238713636994362, 0.05259155482053757, -0.012779656797647476, 0.037566930055618286, 0.1362045854330063, -0.027186276391148567, -0.09702076762914658, -0.025574326515197754, 0.02900969795882702, 0.025372499600052834, -0.02500443160533905, 0.0005565167521126568, -0.06063816696405411, -0.04491186887025833, 0.0009965702192857862, 0.008237158879637718, -0.01070399209856987, 0.02549949288368225, 0.054833028465509415, 0.04848458245396614, -0.06545152515172958, -0.09960388392210007, -0.09252702444791794, 0.008112075738608837, -0.008415646851062775, 0.02896670252084732, -0.004169197287410498, -0.06481959670782089, -0.03768956661224365, 0.026889480650424957, 0.0015375440707430243, -0.01452209334820509, 0.036323536187410355, 0.031240854412317276, 0.07422855496406555, 0.004180812742561102, -0.05922594666481018, -0.010355678386986256, 0.01699054427444935, -0.11244542896747589, -0.03465700149536133, 0.030186966061592102, 0.02012578397989273, 0.003403401467949152, -0.002957072341814637, -0.019809452816843987, -0.12074649333953857, 0.0733911320567131, -0.030571958050131798, -0.011924845166504383, 0.03178172931075096, 0.003375809174031019, 0.06051641330122948, -0.007509191520512104, 0.034146618098020554, 0.009960313327610493, 0.0685623362660408, -0.008678056299686432, 0.0005325812962837517, -0.013212588615715504, 0.003705501789227128, -0.04576952010393143, -0.03447187691926956, 0.014317512512207031, -0.04684494435787201, 0.10093927383422852, 0.0017945495201274753, -0.08200814574956894, 0.002858934924006462, -0.03559698536992073, 0.07102831453084946, -0.04192175716161728, -0.0010879954788833857, 0.009907950647175312, 0.039268940687179565, 0.03626064211130142, 0.029240941628813744, -0.04049269109964371, -0.05824162811040878, 0.0996129959821701, 0.027587736025452614, -0.030449403449892998, 0.03438379988074303, -0.050080567598342896, 0.02458225190639496, -0.0702439472079277, 0.027401141822338104, -0.0058321766555309296, -0.007135490421205759, -0.057651229202747345, -0.023643558844923973, -0.06936752796173096, -0.009180694818496704, 0.08509479463100433, 0.04527706280350685, 0.011610830202698708, -0.05301085487008095, -0.013509374111890793, -0.023009588941931725, -0.05546699836850166, 0.09754665195941925, -0.03618429973721504, -0.030026983469724655, 0.06746532022953033, 0.04964407533407211, -0.04158484935760498, -0.02319137379527092, 0.08967094868421555, -0.005519475322216749, 0.014098342508077621, 0.008356939069926739, -0.02760648913681507, 0.0046087452210485935, -0.015377617441117764, -0.0443047396838665, 0.06802289187908173, 0.10198049247264862, 0.039816901087760925, 0.03379901498556137, -0.14181876182556152, 0.058463435620069504, 0.026435326784849167, 0.005970135796815157, -0.058381468057632446, 0.10356499999761581, 0.0338590145111084, 0.030731569975614548, 0.036245349794626236, 0.05113372951745987, -0.10292281955480576, -0.01257365569472313, -0.004690855275839567, 0.014064709655940533, -0.011665960773825645, -0.04827427864074707, 0.038640059530735016, 0.0911048948764801, -0.07866229861974716, 0.025779301300644875, -0.02316303737461567, 0.0534452348947525, -0.0006346360314637423, -0.07038147747516632, 0.025986405089497566, -0.023254672065377235, 0.04525075852870941, -0.023066869005560875, 0.038864150643348694, -0.06005636975169182, 0.06176712363958359, 0.03370877355337143, 0.006731909699738026, -0.07887997478246689, -0.0007258233381435275, 0.030338069424033165, -0.01555139385163784, 0.08398253470659256, -0.09817317128181458, 0.014567622914910316, -0.06096506491303444, 0.052222784608602524, -0.04979166015982628, -0.023176414892077446, 0.03087928332388401, 0.09284990280866623, -0.09451625496149063, -0.054229285567998886, -0.010342544876039028, -0.05708996206521988, 0.048666637390851974, -0.0572238564491272, 0.09755083918571472, 0.060650333762168884, -0.06946402788162231, 0.02252514474093914, 0.010413016192615032, -0.03475683182477951, 0.004450513049960136, -0.0273563452064991, 0.027050314471125603, -0.07544537633657455, 0.01627376675605774, -0.04579731822013855, -0.02306901291012764, 0.046267952769994736, -0.03908831626176834, 0.031293272972106934, -0.06399265676736832, -0.06792370975017548, 0.03299754112958908, -0.054443784058094025, 0.06989038735628128, -0.05027870461344719, 0.012563141994178295, 0.022039420902729034, -0.0015598972095176578, 0.06665931642055511, -0.08977118134498596, -0.016086934134364128, -0.036149535328149796, -0.003802018705755472, 0.030685434117913246, -0.035340312868356705, -0.009968981146812439, 0.10403868556022644, -0.01865052431821823, -0.007922465912997723, -0.04539991915225983, 0.07925799489021301, 0.06743358075618744, 0.018003281205892563, 0.04270757734775543, -0.06984054297208786, 0.07948751002550125, -0.07440008968114853, 0.07523415982723236, 0.12260905653238297, 0.030554642900824547, -0.0159074068069458, 0.004215253051370382, 0.03715823218226433, -0.03273910656571388, 0.028279617428779602, -0.03845726326107979, -0.045044030994176865, 0.0021366497967392206, -0.0006613674922846258, 0.020123405382037163, 0.045720335096120834, -0.007624464109539986]"
34,Wikipedia & Web Search for Afghanistan,"as of fertile land and destroying tens of thousands of homes.
After the fall of Kabul to the Taliban, Ahmad Shah Massoud and Abdul Rashid Dostum formed the Northern Alliance, later joined by others, to resist the Taliban. Dostum's forces were defeated by the Taliban during the Battles of Mazar-i-Sharif in 1997 and 1998; Pakistan's Chief of Army Staff, Pervez Musharraf, began sending thousands of Pakistani militants to help the Taliban defeat the Northern Alliance. By 2000, the Northern Alliance only controlled 10% of the territory, cornered in the northeast. On 9 September 2001, Massoud was assassinated by two Arab suicide attackers in Panjshir Valley. Around 400,000 Afghans died in internal","[-0.011926922015845776, 0.015981310978531837, 0.009461014531552792, 0.01950489729642868, 0.014870754443109035, 0.036192212253808975, 0.002751914318650961, -0.03350352123379707, -0.012576394714415073, 0.03449445962905884, 0.005463514942675829, 0.0008862295071594417, 0.07679496705532074, -0.08216415345668793, -0.0003564826038200408, 0.03396802395582199, -0.04310489073395729, -0.09929323941469193, -0.0035465944092720747, -0.005849840119481087, -0.10397804528474808, -0.07370658963918686, 0.03248791769146919, -0.046753060072660446, 0.084471195936203, -0.12421544641256332, 0.07229191809892654, 0.04636019840836525, -0.012118647806346416, -0.0448773168027401, -0.04526863992214203, -0.004430505447089672, -0.04899486154317856, 0.06306874006986618, 0.011607369408011436, 0.06974334269762039, 0.047031741589307785, 0.06524777412414551, -0.00023541369591839612, -0.025679806247353554, 0.08405140042304993, -0.023954521864652634, 0.11475171148777008, 0.02017301507294178, 0.01737261936068535, -0.050625283271074295, -0.061704620718955994, -0.04513894021511078, -0.05627398565411568, 0.025451119989156723, 0.09608657658100128, 0.11748189479112625, 0.007816808298230171, -0.050899654626846313, 0.09447392076253891, -0.07394057512283325, -0.017268672585487366, 0.07120977342128754, 0.00715035991743207, 0.05782581493258476, -0.02728787250816822, 0.07480176538228989, -0.08195101469755173, -0.037721604108810425, -0.04937775433063507, -0.013815182261168957, 0.1007903665304184, -0.06528852134943008, -0.006969539914280176, 0.0297190360724926, 0.06101315841078758, 0.038187719881534576, -0.06543314456939697, -0.08230268210172653, -0.11102482676506042, -0.04598880559206009, -0.04806189611554146, 0.04696657881140709, -0.11152151226997375, -0.025150058791041374, 0.019433341920375824, 0.12421856075525284, -0.01829986274242401, 0.017766794189810753, -0.04743245616555214, -0.012983329594135284, -0.07073242962360382, -0.014543569646775723, 0.03293474391102791, -0.0172909963876009, 0.07067252695560455, 0.04781270772218704, -0.009823834523558617, 0.016156651079654694, 0.08807599544525146, -0.005160429980605841, 0.07817088067531586, 0.011681989766657352, -0.08690285682678223, -0.01139453798532486, -0.020588237792253494, 0.01391154807060957, -0.009834719821810722, -0.01894097961485386, -0.032199934124946594, -0.012345102615654469, 0.008058442734181881, -0.0656183660030365, -0.10057901591062546, 0.030382966622710228, -0.00015852613432798535, -0.018063176423311234, -0.029316551983356476, -0.01711920090019703, 0.01821795105934143, -0.08254444599151611, -0.0629960149526596, 0.06090928986668587, -0.09826716035604477, -0.045761313289403915, -0.009552723728120327, 0.017573505640029907, 0.03321820870041847, 0.04833074286580086, 0.042212892323732376, 0.013650058768689632, -0.044311705976724625, 0.08415212482213974, 0.02690533734858036, -0.09729931503534317, -0.041736867278814316, 0.03168085962533951, -0.07251911610364914, -0.07965897023677826, 0.13742795586585999, -0.02957579679787159, -0.016477392986416817, -0.00548513000831008, -0.021738238632678986, -0.0338183231651783, 0.015936201438307762, -0.05588439106941223, 0.03884076699614525, 0.00023376116587314755, -0.0103559335693717, -0.032708682119846344, 0.05851377919316292, -0.024624906480312347, -0.041122183203697205, 0.05085653066635132, 0.041304755955934525, -0.09576873481273651, -0.014877546578645706, -0.017109062522649765, -0.036171700805425644, 0.010027876123785973, 0.011752687394618988, 0.030455024912953377, 0.08162735402584076, 0.02253124490380287, -0.1124097928404808, -0.04722491279244423, -0.0673183724284172, 0.03457080200314522, -0.06788478791713715, -0.03703007102012634, -0.061162181198596954, -0.0654374212026596, -0.0032418130431324244, 0.002533829538151622, -0.04397080838680267, -0.02874171733856201, 0.042198922485113144, 0.013926149345934391, -0.01399493683129549, -0.12215693295001984, -0.09441977739334106, -0.014656164683401585, 0.01746007800102234, 0.02759106084704399, 0.02302345260977745, 0.018605642020702362, -0.05407030135393143, 0.03357205539941788, -0.05139296129345894, 0.001967787044122815, 0.02876207046210766, 0.11316702514886856, 0.06312257051467896, -0.0258600153028965, -0.045286357402801514, 0.08155141770839691, 0.001962467795237899, -0.009194600395858288, 0.03658028692007065, -0.029890187084674835, 0.036482494324445724, 0.006252691149711609, 0.06874042004346848, -0.05729466304183006, -0.09641359746456146, 0.06097124144434929, -0.03457006812095642, -0.010424974374473095, -0.02506897784769535, 0.03816025331616402, 0.03682340681552887, -0.04172198846936226, 0.020201873034238815, -0.01146969199180603, 0.03900955244898796, 0.02686680108308792, -0.011855294927954674, -0.032344669103622437, -0.0039082677103579044, -0.03424907848238945, -0.04980459809303284, -0.03403923660516739, -0.022042566910386086, 0.06850330531597137, 0.018088996410369873, -0.005825552623718977, -0.016312917694449425, -0.0244845412671566, 0.027965456247329712, -0.002528244163841009, 0.05363021790981293, -0.00391342444345355, -0.003407309530302882, 0.046810854226350784, 0.045555584132671356, -0.01548006385564804, -0.027043214067816734, 0.1152242124080658, -0.012295247986912727, 0.029868122190237045, 0.027436966076493263, -0.009819569066166878, 0.06046614423394203, -0.07530289143323898, 0.05604493245482445, -0.03308079019188881, 0.015204247087240219, -0.0070493691600859165, -0.009600669145584106, -0.04603416472673416, -0.05923733115196228, 0.036714110523462296, 0.05143928527832031, 0.02557993493974209, -0.01279227901250124, -0.03546015918254852, -0.040832001715898514, -0.05853600427508354, 0.09549693018198013, -0.045833613723516464, -0.012912777252495289, 0.002142500365152955, 0.08947785943746567, -0.007063471246510744, -0.03889103978872299, 0.07330640405416489, 0.0015439691487699747, -0.004357139114290476, 0.01647622138261795, 0.008391665294766426, 0.07577884942293167, -0.0031119161285459995, 0.04974804446101189, 0.07174944877624512, 0.03885800391435623, -0.0029523782432079315, 0.0009063930483534932, -0.12104662507772446, 0.06741581112146378, 0.053332652896642685, 0.025726821273565292, -0.09247788786888123, 0.1162806898355484, 0.03666552156209946, 0.041115470230579376, 0.04973375424742699, 0.10299165546894073, -0.06819632649421692, -0.01646360009908676, -0.014185468666255474, 0.054977837949991226, -0.032878655940294266, -0.06794606149196625, 0.09192804247140884, 0.048221368342638016, -0.04813755676150322, 0.05795091763138771, -0.044950369745492935, 0.036726828664541245, -0.018074113875627518, -0.03453280031681061, 0.0355585552752018, 0.002432903042063117, 0.05190733075141907, 0.019923372194170952, 0.027121569961309433, 0.007605159189552069, 0.04685137793421745, 0.009846469387412071, 0.03303572162985802, -0.061237383633852005, 0.013798142783343792, 0.033441655337810516, 0.005665038246661425, 0.0281817726790905, -0.062256086617708206, 0.035809095948934555, -0.031716737896203995, 0.058746300637722015, -0.04943360015749931, 0.030340176075696945, 0.07337066531181335, 0.07098300009965897, -0.07456579804420471, 0.0073749287985265255, 0.0054975044913589954, -0.10265800356864929, 0.05021319165825844, -0.02202090248465538, 0.08364526182413101, 0.06834468990564346, -0.016555732116103172, 0.061334624886512756, 0.02934923581779003, 0.04150209203362465, 0.013103296048939228, -0.01046308409422636, 0.0028986320830881596, -0.08912423253059387, -0.015895726159214973, -0.05036461725831032, -0.08346977084875107, -0.0202992744743824, -0.11686325073242188, 0.07447811961174011, -0.041048984974622726, -0.03576017543673515, -0.039503343403339386, -0.02103177271783352, 0.00662327092140913, -0.05497192591428757, -0.0019837699364870787, 0.004661055747419596, 0.02944418601691723, 0.0493021123111248, -0.060719359666109085, -0.06349499523639679, -0.015332452952861786, 0.022801358252763748, 0.06420565396547318, 0.0326232947409153, 0.04832322150468826, 0.07449120283126831, 0.004731122404336929, -0.04000416770577431, 0.02318827249109745, 0.06964902579784393, 0.08537395298480988, -0.024285538122057915, -0.014896642416715622, -0.07524306327104568, 0.05039803683757782, -0.012200436554849148, -0.015218113549053669, 0.13425865769386292, 0.028014754876494408, -0.031534116715192795, 0.010953904129564762, 0.041646808385849, -0.045436907559633255, -0.05052633956074715, -0.013751853257417679, -0.048514172434806824, -0.0018067369237542152, -0.013379274867475033, 0.008259013295173645, 0.014361605048179626, 0.011788534931838512]"
35,Wikipedia & Web Search for Afghanistan," conflicts between 1990 and 2001.

US invasion and the Islamic Republic
In October 2001, the United States invaded Afghanistan to remove the Taliban from power after they refused to hand over Osama bin Laden, the prime suspect of the September 11 attacks, who was a ""guest"" of the Taliban and was operating his al-Qaeda network in Afghanistan. The majority of Afghans supported the American invasion. During the initial invasion, US and UK forces bombed al-Qaeda training camps, and later, in cooperation with the Northern Alliance, the Taliban regime came to an end.

In December 2001, after the Taliban government was overthrown, the Afghan Interim Administration under Hamid Karzai was formed. The","[-0.04508642852306366, 0.02771598845720291, -0.029887190088629723, 0.017850415781140327, 0.013365446589887142, 0.028014162555336952, -0.016521841287612915, -0.06824027746915817, -0.020745202898979187, 0.08244344592094421, 0.015882039442658424, 0.061541859060525894, 0.05712246894836426, -0.03391299024224281, -0.040116146206855774, 0.04474177956581116, -0.0653689056634903, -0.09066188335418701, 0.0032487078569829464, -0.04928091540932655, -0.06478573381900787, -0.03926337510347366, 0.10140092670917511, 0.007124840281903744, 0.09197957068681717, -0.02262016385793686, 0.03429420292377472, -0.03241373598575592, -0.0568857342004776, -0.02825288102030754, -0.009505796246230602, -0.03905068337917328, -0.02274535410106182, 0.04107220098376274, 0.03027002513408661, 0.06670526415109634, 0.060734815895557404, 0.023466194048523903, 0.05909442901611328, -0.017684968188405037, 0.04409027099609375, 0.01613551191985607, 0.040700823068618774, 0.01976434327661991, -0.005688909906893969, 0.0014617876149713993, -0.06155552715063095, -0.03213140740990639, -0.034744374454021454, 0.01669141836464405, 0.1463824063539505, 0.11722400039434433, -0.01890222728252411, -0.051437266170978546, 0.07836291939020157, -0.06164838373661041, -0.02682402916252613, 0.08832823485136032, 0.016821671277284622, 0.04278790205717087, -0.0351128876209259, 0.0647062361240387, -0.023436477407813072, -0.022796789184212685, -0.08310548961162567, -0.011424322612583637, 0.11379975080490112, -0.04820597544312477, -0.007973656058311462, 0.027065468952059746, 0.009109131060540676, 0.07009542733430862, -0.057590316981077194, -0.06894153356552124, -0.018643224611878395, -0.014755910262465477, 0.011045049875974655, 0.08295080065727234, -0.012056149542331696, 0.05391538515686989, 0.10889200866222382, 0.03793250396847725, 0.09871318936347961, -0.023577164858579636, -0.05096694827079773, -0.041432131081819534, -0.10447269678115845, 0.019886409863829613, 0.036092959344387054, -0.04566185548901558, 0.01884402707219124, -0.035735927522182465, -0.037867818027734756, 0.06812429428100586, 0.059924691915512085, 0.01893465593457222, 0.026191283017396927, 0.057367682456970215, -0.030448907986283302, -0.005983786191791296, 0.04920300468802452, -0.09501110017299652, -0.03596358373761177, 0.0023620629217475653, 0.0345177948474884, 0.013492573983967304, 0.010858259163796902, -0.06615646183490753, -0.11400439590215683, 0.015741972252726555, 0.017226705327630043, -0.04732942953705788, -0.025260381400585175, -0.04190649837255478, 0.02502824366092682, -0.08656591176986694, 0.010879500769078732, 0.03425011411309242, -0.06277382373809814, -0.024422889575362206, -0.032268304377794266, -0.02539176121354103, 0.05990499630570412, 0.026708194985985756, -0.03619253262877464, 0.0012599601177498698, 0.002645744476467371, 0.03969217464327812, -0.022087864577770233, -0.12481046468019485, -0.0653587132692337, 0.04497182369232178, -0.10318896174430847, -0.020083963871002197, 0.0600670725107193, -0.000956775969825685, -0.05852942913770676, -0.0364205427467823, -0.09050460159778595, -0.014532456174492836, 0.014503906480967999, -0.0132287023589015, 0.0665905773639679, -0.05245255306363106, -0.08609120547771454, 0.0693884789943695, 0.01718493178486824, -0.03153553232550621, -0.050349097698926926, 0.01275797188282013, 0.07732690125703812, -0.0580596886575222, 0.019659550860524178, -0.00700947642326355, -0.0015795896761119366, 0.022469110786914825, -0.001141499844379723, 0.024482132866978645, -0.01096351072192192, -0.02251892164349556, -0.04747697710990906, -0.03273416683077812, 0.04327908903360367, 0.04975870996713638, 0.007832513190805912, -0.03488047793507576, -0.049223750829696655, -0.06360282748937607, 0.04338305443525314, 0.037734609097242355, -0.0392286591231823, 0.04255227744579315, 0.1309482902288437, -0.009223083965480328, 0.02799365669488907, -0.010339808650314808, -0.02911786362528801, -0.04204948619008064, 0.012385682202875614, 0.013516377657651901, -0.013167677447199821, -0.09424471110105515, -0.02063032239675522, 0.043280236423015594, 0.05875258520245552, 0.009323576465249062, 0.04884785786271095, 0.05710679292678833, 0.08454074710607529, -0.010245047509670258, -0.03453214094042778, -0.0019376585260033607, -0.034316763281822205, -0.04303568974137306, -0.01343235932290554, 0.04823935776948929, -0.05541789159178734, 0.10529104620218277, -0.019295278936624527, -0.029140731319785118, -0.031522486358881, 0.023081734776496887, -0.061139535158872604, 0.0038810435216873884, 0.01675429567694664, 0.0006008988711982965, 0.06396427005529404, -0.016633938997983932, -0.008030843921005726, -0.023160060867667198, 0.10043100267648697, -0.000297526887152344, -0.07935212552547455, 0.03029223345220089, -0.006981600075960159, -0.011541510000824928, -0.04312192276120186, 0.03735315054655075, -0.09411422163248062, 0.10691830515861511, -0.04531031474471092, -0.002510860562324524, 0.061705537140369415, 0.015134557150304317, 0.03750338405370712, -0.01994924433529377, 0.016801007091999054, -0.02024281583726406, 0.027647115290164948, -0.02084781602025032, -0.037080470472574234, -0.009568080306053162, -0.038356147706508636, 0.10475251078605652, 0.028791289776563644, -0.027335163205862045, 0.023533416911959648, 0.01117358636111021, 0.0463070347905159, -0.06939617544412613, -0.0024661412462592125, -0.02364993840456009, 0.025074470788240433, 0.006614461541175842, 0.059612903743982315, -0.04705068841576576, -0.01812090165913105, 0.010613145306706429, 0.06515383720397949, -0.040811024606227875, 0.024383215233683586, -0.029855186119675636, 0.06275486946105957, -0.031453922390937805, 0.09175136685371399, -0.05058426037430763, -0.03787480667233467, 0.06502248346805573, 0.09555412828922272, 0.07205221056938171, -0.003937054425477982, 0.032896533608436584, 0.05727566406130791, -0.04787568002939224, 0.0391739085316658, 0.022268032655119896, 0.004758622031658888, 0.041588492691516876, -0.03144221380352974, 0.08670078963041306, 0.06173374503850937, 0.024177365005016327, -0.040109168738126755, -0.06925424188375473, 0.00025030970573425293, 0.05813898146152496, -0.06908555328845978, -0.0718027651309967, 0.012696640565991402, 0.03339352086186409, -0.07745520770549774, -0.026117710396647453, 0.08735835552215576, -0.04035910964012146, -0.058259017765522, -0.08858909457921982, 0.032805781811475754, -0.04232356697320938, -0.014189057983458042, -0.008234196342527866, -0.001520891091786325, -0.07227332144975662, -0.007531707175076008, 0.06830677390098572, 0.007413392886519432, 0.005484686233103275, -0.08997146785259247, -0.0028783197049051523, -0.006052483804523945, 0.06404820829629898, -0.019948884844779968, -0.010006947442889214, -0.10639064759016037, 0.033112067729234695, 0.029866278171539307, 0.11674165725708008, -0.06993505358695984, 0.013817298226058483, 0.009516671299934387, 0.0006066549103707075, 0.0016353836981579661, -0.04770514741539955, -0.059903450310230255, 0.02412169612944126, 0.08005309849977493, -0.06880829483270645, 0.011509638279676437, 0.05339489132165909, -0.00900538731366396, -0.014815201982855797, -0.0005664031486958265, 0.04538833722472191, -0.029931707307696342, 0.05148623138666153, -0.018292883411049843, 0.09881672263145447, 0.0609855018556118, -0.020301353186368942, 0.025217343121767044, -0.0014738773461431265, -0.04574001207947731, 0.054165832698345184, -0.0356103889644146, -0.007508342619985342, -0.06348682194948196, 0.012536446563899517, -0.0574292428791523, -0.03634984418749809, 0.04715763404965401, -0.031606342643499374, 0.0777822956442833, 0.007060361560434103, -0.11496419459581375, -0.018993623554706573, 0.0420554019510746, 0.13184396922588348, 0.0025477709714323282, 0.04636925086379051, 0.01125866174697876, 0.022829599678516388, 0.05473897233605385, -0.09718234091997147, -0.07476942241191864, -0.002482591662555933, -0.03298414498567581, 0.1110568568110466, 0.011944808065891266, -0.026927974075078964, 0.010287979617714882, -0.14795483648777008, -0.06389771401882172, 0.06298648566007614, 0.045096926391124725, 0.08744631707668304, -0.04410066828131676, 0.0533168762922287, -0.05475024878978729, 0.040928926318883896, -0.029573706910014153, -0.02311980538070202, 0.0728812888264656, -0.08354240655899048, -0.0594489760696888, -0.056548360735177994, 0.07011102139949799, -0.001837835879996419, 0.046125415712594986, -0.08159027248620987, 0.025266414508223534, -0.044094961136579514, -0.04221299663186073, -0.022734668105840683, -0.007825772278010845, -0.025259079411625862]"
36,Wikipedia & Web Search for Afghanistan," International Security Assistance Force (ISAF) was established by the United Nations Security Council to assist the Karzai administration and provide basic security. By this time, after two decades of war as well as an acute famine at the time, Afghanistan had one of the highest infant and child mortality rates in the world, the lowest life expectancy, much of the population suffered from hunger and malnutrition, and infrastructure was in ruins. Many foreign donors started providing aid and assistance to rebuild the war-torn country. As coalition troops entered Afghanistan to help the rebuilding process, the Taliban began an insurgency to regain control. Afghanistan remained one of the poor","[-0.07251713424921036, -0.05465065687894821, -0.064342200756073, 0.011231820099055767, 0.03277459740638733, 0.07738984376192093, 0.012069296091794968, 0.04667852073907852, 0.0557406023144722, 0.002002418739721179, 0.06357564777135849, 0.043343864381313324, 0.09104753285646439, 0.02512926049530506, -0.03810502961277962, 0.02090248465538025, -0.09733476489782333, -0.10641069710254669, 0.020919714123010635, 0.001507225213572383, 0.05336666479706764, -0.08881743252277374, 0.056873954832553864, -0.03888096660375595, 0.09262905269861221, -0.010769976302981377, 0.03309822827577591, 0.0007922733784653246, 0.008026814088225365, 0.006526618730276823, 0.08487283438444138, -0.09345661103725433, 0.052815187722444534, 0.04589767009019852, -0.04372788593173027, 0.08029930293560028, 0.09470400214195251, 0.009050690568983555, -0.04562808573246002, 0.02594563364982605, -0.07426395267248154, 0.02969278022646904, 0.05908719450235367, -0.0024640446063131094, 0.08284641802310944, 0.02579633705317974, -0.009478786960244179, -0.07069721072912216, -0.050515126436948776, 0.0034835999831557274, -0.017868129536509514, 0.029084553942084312, -0.04885397478938103, -0.0012549656676128507, 0.05324024334549904, -0.04575950652360916, 0.014824635349214077, -0.022946029901504517, -0.06425346434116364, 0.0027268347330391407, -0.0006081080064177513, 0.016266124323010445, -0.0025263065472245216, -0.027623174712061882, -0.009300918318331242, 0.07973036915063858, 0.08371659368276596, -0.046277742832899094, 0.0481441393494606, -0.020487874746322632, -0.08008448034524918, -0.04259544238448143, 0.0331224761903286, -0.01210052240639925, -0.025651484727859497, 0.032110534608364105, 0.012512865476310253, 0.10208674520254135, 0.03534502536058426, -0.004272043239325285, 0.12101785093545914, 0.13027183711528778, 0.0765281468629837, 0.07587676495313644, -0.008677316829562187, -0.04061868414282799, 0.027097711339592934, -0.033644743263721466, -0.012460599653422832, 0.04437143728137016, 0.010098559781908989, 0.0008595801773481071, 0.057162508368492126, 0.028499670326709747, 0.07840163260698318, 0.06150861456990242, 0.013107177801430225, -0.03632933646440506, -0.08585680276155472, 0.015709159895777702, 0.014673684723675251, 0.011224078014492989, -0.03835173323750496, -0.0005104791489429772, -0.05789593234658241, 0.02997254766523838, -0.0014905239222571254, -0.06975942105054855, -0.0403280146420002, -0.04098188504576683, 0.0102643808349967, -0.009548205882310867, -0.02803960256278515, -0.025880327448248863, -0.030704205855727196, -0.0012024515308439732, -0.015849776566028595, 0.03558124974370003, -0.0020245208870619535, 0.053261399269104004, -0.023150814697146416, -0.054166730493307114, 0.023504508659243584, -0.05110727623105049, 0.05064430832862854, 0.02246667630970478, -0.051662854850292206, 0.004406652878969908, -0.025034109130501747, -0.04993632808327675, -0.009079737588763237, -0.002066339598968625, -0.10931742191314697, -0.10241413116455078, 0.011187829077243805, 0.043672673404216766, -0.03756868466734886, -0.007043392863124609, -0.07937629520893097, 0.011173615232110023, 0.05386018007993698, 0.03294345736503601, 0.030109472572803497, -0.02021336369216442, -0.07034426182508469, 0.09453523904085159, 0.012019451707601547, 0.038747016340494156, -0.02745075337588787, 0.046256061643362045, 0.06457117944955826, -0.100774846971035, 0.12029408663511276, 0.10272356867790222, -0.0002928894245997071, 0.02034049481153488, -0.014246169477701187, 0.020359311252832413, 0.07946347445249557, 0.05561339855194092, -0.05651821196079254, -0.016896840184926987, 0.04028681293129921, -0.050932880491018295, -0.06308887898921967, -0.05080324038863182, -0.15143311023712158, -0.037241145968437195, 0.035383522510528564, 0.054303981363773346, 0.010025822557508945, 0.028050148859620094, 0.07021860778331757, 0.029016319662332535, -0.02407163940370083, -0.05448811501264572, 0.0077176266349852085, -0.039001744240522385, -0.02806193009018898, -0.015420674346387386, -0.0200987309217453, -0.07554737478494644, 0.009599852375686169, 0.054970938712358475, -0.07076943665742874, 0.08560272306203842, -0.025540435686707497, -0.021483104676008224, 0.04513382166624069, -0.12442413717508316, 0.021468980237841606, 0.06285963207483292, 0.05026071518659592, -0.01649363338947296, -0.049541641026735306, -0.056206949055194855, -0.007032447960227728, 0.014947662129998207, 0.018591152504086494, -0.04603569582104683, -0.06517461687326431, 0.0875084400177002, -0.009231898933649063, 0.027431996539235115, 0.00814400427043438, -0.00029376515885815024, -0.0012620370835065842, -0.018180662766098976, 0.014157942496240139, -0.024874212220311165, 0.05672139301896095, 0.03900206834077835, -0.013316720724105835, 0.06567038595676422, -0.04563490301370621, 0.03540472313761711, -0.05701989680528641, -0.015773514285683632, -0.10471244901418686, 0.03607095032930374, 0.02757759764790535, -0.015280993655323982, -0.041627004742622375, -0.07070780545473099, 0.052964694797992706, -0.04341421276330948, -0.04902702197432518, -0.02511388249695301, 0.04246453568339348, 0.010178369469940662, -0.11232589185237885, -0.05830618366599083, 0.01215644646435976, 0.1841978132724762, 0.0569610595703125, -0.061020996421575546, 0.11117850244045258, -0.016945410519838333, 0.07835490256547928, -0.06684455275535583, -0.008404327556490898, -0.021402236074209213, -0.004042194224894047, 0.019933801144361496, 0.034339383244514465, 0.0037271054461598396, 0.05249474570155144, -0.0377190038561821, -0.022564461454749107, 0.006600575055927038, -0.054152946919202805, -0.036068230867385864, -0.051837220788002014, -0.07954617589712143, 0.0404830239713192, 0.014078670181334019, -0.04032238945364952, -0.003621703712269664, 0.0027143561746925116, -0.01626470685005188, -0.02929443120956421, -0.02128397300839424, 0.014328328892588615, 0.0038399542681872845, 0.06748814135789871, 0.006228204350918531, -0.006085562519729137, -0.006686688866466284, -0.016386615112423897, 0.010681914165616035, 0.024120671674609184, -0.03608708083629608, 0.071561798453331, -0.058901045471429825, 0.01826634258031845, 0.00908848736435175, 0.017609326168894768, -0.04786306247115135, 0.01213743444532156, 0.08003076910972595, -0.09470339864492416, 0.03300000727176666, 0.037886761128902435, -0.0337512344121933, 0.01599128730595112, -0.024036308750510216, -0.021548587828874588, -0.0020446020644158125, -0.05206926167011261, 0.023559726774692535, 0.018679719418287277, 0.021961642429232597, -0.04122249782085419, 0.0360427126288414, 0.04901213198900223, -0.08046583086252213, -0.032465845346450806, 0.07913190871477127, -0.04498903825879097, 0.05580000579357147, -0.07868332415819168, -0.0012286660494282842, -0.03433418273925781, -0.027625372633337975, -0.06332771480083466, -0.015323099680244923, -0.03307365998625755, 0.004112496506422758, 0.0002593474346213043, -0.11217908561229706, 0.05637690797448158, -0.032597195357084274, 0.032967399805784225, 0.06323263049125671, -0.033543940633535385, -0.031868573278188705, 0.0011259847087785602, 0.03494016081094742, -0.06462418287992477, -0.0812007337808609, 0.023873986676335335, 0.04918947070837021, -0.08860652148723602, 0.026475822553038597, -0.03678225725889206, 0.02204360067844391, -0.032547108829021454, 0.0063545615412294865, -0.004927835427224636, -0.0022292467765510082, 0.007485456299036741, 0.0998518317937851, -0.02390659973025322, 0.01750035397708416, -0.04474471136927605, -0.05617570877075195, -0.060197073966264725, 0.022177275270223618, 0.008985711261630058, -0.04881611093878746, 0.16315044462680817, 0.009675628505647182, -0.03104509972035885, -0.013165284879505634, 0.003561966586858034, 0.034774649888277054, 0.15104229748249054, 0.06079693138599396, -0.021113649010658264, 0.04451258108019829, -0.01701381802558899, -0.0849895104765892, -0.018624790012836456, -0.009513185359537601, -0.0323045440018177, 0.09725511819124222, 0.10926447063684464, -0.047859419137239456, 0.010522335767745972, -0.03776080161333084, -0.03786569461226463, 0.01383942924439907, 0.026724038645625114, 0.020765649154782295, 0.05245085805654526, 0.10277818888425827, -0.14380976557731628, 0.0032625531312078238, 0.009055101312696934, 0.00480424240231514, 0.0542612299323082, -0.031665362417697906, -0.035711586475372314, -0.01817242056131363, 0.0074000973254442215, -0.013709562830626965, 0.03273656219244003, 0.025268075987696648, -0.009059224277734756, 0.027306074276566505, -0.0485026091337204, -0.04662008211016655, 0.044011227786540985, -0.01553024910390377]"
37,Wikipedia & Web Search for Afghanistan,"est countries in the world because of a lack of foreign investment, government corruption, and the Taliban insurgency.
The Afghan government was able to establish some democratic structures, adopting a constitution in 2004 with the name Islamic Republic of Afghanistan. Attempts were made, often with the support of foreign donor countries, to improve the country's economy, healthcare, education, transport, and agriculture. ISAF forces also began to train the Afghan National Security Forces. Following 2002, nearly five million Afghans were repatriated. The number of NATO troops present in Afghanistan peaked at 140,000 in 2011, dropping to approximately 16,000 in 2018. In September 2014, Ashraf","[-0.03305250406265259, 0.00729005690664053, -0.03146219626069069, -0.010336454957723618, 0.030200710520148277, 0.022334281355142593, -0.05709660425782204, -0.05344541370868683, -0.004057003650814295, 0.04843547195196152, 0.029948091134428978, 0.057253483682870865, 0.0775979608297348, -0.013943838886916637, 0.011685443110764027, 0.017131458967924118, -0.12555570900440216, -0.051753781735897064, -0.0008954565855674446, 0.003997915890067816, -0.03333691507577896, -0.08368663489818573, 0.0704718753695488, -0.002055816352367401, 0.149172842502594, 0.0016457210294902325, 0.05958107113838196, -0.03743434697389603, -0.002200979506596923, -0.05166775360703468, 0.0012602852657437325, -0.0698847770690918, -0.01780768297612667, 0.0870659351348877, -0.01715105213224888, 0.06558939069509506, 0.04167411848902702, 0.046015333384275436, 0.06890170276165009, 0.015279518440365791, 0.036711663007736206, -0.016659077256917953, 0.055230528116226196, 0.01914551854133606, 0.04085848107933998, 0.007429694756865501, 0.01889745518565178, -0.007716863416135311, -0.06183010712265968, -0.03284525126218796, 0.08480394631624222, 0.05384736880660057, -0.053665924817323685, 0.02933298982679844, 0.050032585859298706, -0.07815902680158615, -0.03341744467616081, 0.01425494346767664, -0.02933357283473015, -0.024927964434027672, -0.0535488985478878, 0.0455574169754982, -0.002239225897938013, -0.031069468706846237, -0.06439618021249771, -0.005833626724779606, 0.06689701229333878, 0.0017250125529244542, -0.05335892736911774, 0.013978032395243645, 0.05436873808503151, 0.006954228971153498, -0.03628788888454437, -0.013093679212033749, -0.008952104486525059, -0.07159408926963806, 0.011875643394887447, 0.11657410115003586, 0.04322377219796181, 0.07763707637786865, 0.12675224244594574, 0.14036880433559418, 0.0609445683658123, 0.03249754384160042, -0.017720837146043777, -0.05237390100955963, -0.04304460063576698, -0.0055532390251755714, 0.03940902650356293, -0.06030622124671936, 0.04454468563199043, 0.06898243725299835, 0.034737274050712585, 0.052610285580158234, 0.0714130699634552, -0.003977403976023197, 0.08505881577730179, -0.009120795875787735, -0.0521179661154747, -0.03347678855061531, 0.012031422927975655, 0.045926451683044434, 0.03039071336388588, -0.002843035152181983, -0.021905476227402687, 0.0567878782749176, -0.05651635676622391, -0.06378524750471115, -0.03916631266474724, 0.008067375980317593, -0.017293289303779602, -0.03833067789673805, -0.09766313433647156, 0.00894005224108696, -0.03144164755940437, -0.05766258388757706, -0.07503674179315567, -0.02694394439458847, -0.027734844014048576, -0.02345895953476429, -0.004022005945444107, -0.054162174463272095, 0.04921596124768257, -0.03267095983028412, 0.041524190455675125, 0.07924643158912659, -0.0009981644107028842, 0.006673694122582674, -0.014900953508913517, -0.06756863743066788, -0.07083307206630707, 0.033760689198970795, -0.14896100759506226, -0.027773281559348106, 0.07004091888666153, -0.04635743424296379, -0.06266200542449951, -0.04086858406662941, -0.07758165895938873, 0.022849198430776596, 0.0025841789320111275, 0.03775300830602646, 0.08660858869552612, -0.006640540901571512, -0.07935583591461182, 0.1102556511759758, 0.09412601590156555, 0.06774772703647614, -0.0007948444690555334, 0.030167102813720703, 0.07852981984615326, -0.0999285951256752, 0.0019912482239305973, 0.018949348479509354, 0.032084956765174866, -0.03484432026743889, -0.01483975350856781, 0.04264788702130318, 0.08174525946378708, -0.020929167047142982, -0.04286657273769379, -0.06717364490032196, -0.024818649515509605, -0.02444680966436863, -0.022487659007310867, -0.03451951965689659, -0.11798334866762161, -0.07211823016405106, 0.036256302148103714, 0.010399662889540195, -0.03739664703607559, 0.006616849452257156, 0.15753643214702606, 0.03807118162512779, 0.02995261736214161, -0.06300384551286697, -0.060544274747371674, -0.02415269799530506, -0.027429288253188133, 0.02003045193850994, -0.0011305009247735143, -0.08384416252374649, 0.007687015924602747, 0.027585862204432487, -0.018882542848587036, 0.022413458675146103, -0.01697978749871254, 0.052327048033475876, 0.006403194274753332, -0.0022954896558076143, -0.031219350174069405, 0.058675721287727356, 0.05039573833346367, -0.04360093176364899, -0.05228494852781296, -0.000565194699447602, 0.03659917786717415, 0.07466046512126923, 0.037463363260030746, -0.04862487316131592, -0.11601471155881882, 0.05908650904893875, -0.04366711154580116, -0.011831007897853851, 0.021565986797213554, -0.02153683826327324, 0.05782411992549896, -0.03709639981389046, -0.05245669186115265, 0.020989643409848213, 0.08857374638319016, 0.05214592069387436, -0.008151342160999775, 0.036458782851696014, 0.02048412710428238, -0.0015294641489163041, -0.03109956532716751, -0.004266813397407532, -0.07668466120958328, 0.05390375852584839, -0.03286352381110191, -0.010209516622126102, 0.019273996353149414, -0.012738348916172981, -0.006160265766084194, -0.04483136534690857, -0.03693840280175209, 0.025597525760531425, -0.009718616493046284, 0.046444833278656006, -0.02909768745303154, -0.04241408035159111, 0.02194856107234955, 0.085675910115242, 0.03522463142871857, -0.04211539402604103, 0.08221548795700073, 0.03432739898562431, 0.012009958736598492, -0.04295070096850395, 0.011814886704087257, -0.03375167027115822, -0.0005531412898562849, -0.0440535843372345, 0.007841169834136963, -0.04097256436944008, 0.0036528920754790306, 0.05015457421541214, -0.01897154375910759, -0.015583799220621586, -0.10761816799640656, -0.08279534429311752, 0.021662645041942596, -0.04026447981595993, 0.09352079033851624, -0.04878935590386391, -0.052263472229242325, 0.09781429916620255, 0.06402415037155151, -0.025652246549725533, -0.04991011321544647, 0.02664872072637081, -0.005712066777050495, 0.034002188593149185, 0.029612597078084946, -0.03162761405110359, -0.0031382606830447912, 0.007337646093219519, -0.06547439843416214, 0.05102187767624855, 0.018230430781841278, 0.002505100332200527, 0.06476745009422302, -0.062139928340911865, 0.05797085538506508, 0.05379609018564224, -0.032487448304891586, -0.1016186997294426, 0.08471289277076721, 0.02729414589703083, -0.01809956133365631, 0.04312539100646973, 0.07554051280021667, -0.04146137833595276, -0.0807388424873352, -0.06603122502565384, 0.04356399178504944, -0.015065407380461693, -0.0330091193318367, 0.016662228852510452, 0.02720089629292488, -0.020158356055617332, 0.04369654133915901, 0.07436415553092957, 0.05485345795750618, -0.010643909685313702, -0.101956807076931, 0.04927753657102585, 0.019383899867534637, 0.11246104538440704, 0.02883818931877613, 0.01977797970175743, -0.062432534992694855, 0.0283708143979311, 0.0003315239737275988, 0.1104794293642044, -0.03218458592891693, -0.02305016852915287, -0.030345315113663673, -0.04865727946162224, 0.022302141413092613, -0.08443759381771088, -0.020462067797780037, 0.01381605863571167, 0.02338605560362339, -0.003327923594042659, 0.05370825156569481, 0.04421456530690193, 0.0009256803896278143, -0.030633896589279175, 0.00361090200021863, 0.05250740796327591, -0.04181633144617081, 0.007252796087414026, -0.13036766648292542, 0.0076147569343447685, 0.06131475046277046, -0.039803456515073776, -0.0312611348927021, -0.01950586959719658, -0.002785253571346402, 0.07491829991340637, -0.0587540902197361, 0.020901726558804512, -0.096975177526474, -0.02163087949156761, -0.053797028958797455, 0.04273175448179245, 0.01509825512766838, -0.036464329808950424, 0.09018385410308838, -0.0001589659514138475, -0.07292584329843521, -0.024166978895664215, 0.03396448865532875, 0.05322941392660141, 0.05717860907316208, 0.036977097392082214, 0.02264939248561859, 0.02216499298810959, 0.03407096862792969, -0.06558265537023544, 0.0055068256333470345, -0.04608488082885742, -0.008844591677188873, 0.026675483211874962, -0.05868382379412651, -0.0628591924905777, -0.00012201251229271293, -0.10767973959445953, 0.01044541783630848, 0.01857849955558777, 0.0776391476392746, 0.0012144306674599648, 0.001260104007087648, 0.036815349012613297, -0.07059995830059052, -0.005286305211484432, 0.0010550759034231305, -0.007807960268110037, 0.11212503165006638, -0.05533779039978981, -0.05814284831285477, -0.02119176834821701, 0.020282134413719177, -0.005769682116806507, -0.02115999162197113, 0.04568107798695564, -0.002792889717966318, -0.067807137966156, -0.08584747463464737, -0.02745254710316658, 0.09300664812326431, -0.03032243438065052]"
38,Wikipedia & Web Search for Afghanistan," Ghani became president after the 2014 Afghan presidential election, in which, for the first time in Afghanistan's history, power was democratically transferred. On 28 December 2014, NATO formally ended ISAF combat operations and transferred full security responsibility to the Afghan government. The NATO-led Operation Resolute Support was formed the same day as a successor to ISAF. Thousands of NATO troops remained in the country to train and advise Afghan government forces and continue their fight against the Taliban. A report titled Body Count concluded that 106,000–170,000 civilians had been killed as a result of the fighting in Afghanistan at the hands of all parties to the conflict.

On","[-0.0619899146258831, 0.07903391122817993, -0.015564223751425743, 0.006513511762022972, 0.004340780898928642, 0.06642323732376099, 0.042939718812704086, 0.004136577248573303, 0.01847674883902073, 0.0009327955776825547, -0.008730574510991573, 0.04517730325460434, 0.08831256628036499, -0.044945769011974335, -0.021355602890253067, 0.03818374499678612, -0.07165636867284775, -0.05192211642861366, -0.052663978189229965, -0.028855351731181145, -0.03536994755268097, -0.0537409707903862, 0.04507165774703026, -0.016713012009859085, 0.1333971917629242, -0.09004586935043335, 0.018076937645673752, -0.037399113178253174, 0.008627262897789478, -0.08190511167049408, -0.032243240624666214, -0.05560332536697388, -0.03904232755303383, 0.06793362647294998, -0.0007690488127991557, 0.08841424435377121, 0.017223261296749115, 0.05271747335791588, 0.0055945697240531445, -0.01569904014468193, 0.022323351353406906, -0.06209609657526016, 0.040730711072683334, 0.0579763688147068, 0.06366278231143951, -0.0031252664048224688, -0.0429699532687664, -0.03588034585118294, -0.045087579637765884, 0.0585930310189724, 0.05871446058154106, 0.03940046578645706, -0.04593183100223541, 0.04175611585378647, 0.0630001425743103, -0.11707457154989243, -0.06184246018528938, 0.028938399627804756, 0.07119183987379074, -0.021278953179717064, -0.043530356138944626, 0.08181173354387283, -0.06284483522176743, -0.0427519865334034, -0.1027882844209671, -0.008607120253145695, 0.03649216890335083, -0.1116919293999672, -0.0017316670855507255, 0.02496916614472866, 0.03483770415186882, -0.012021511793136597, 0.006468682084232569, -0.035963162779808044, -0.08299047499895096, -0.08543282002210617, -0.01619594357907772, 0.1445993334054947, 0.0029004360549151897, 0.014589940197765827, 0.12254928797483444, 0.10323070734739304, 0.034575723111629486, -0.0034194893669337034, 0.01729726605117321, -0.019433215260505676, -0.0677414983510971, 0.007358814589679241, -0.009660230949521065, -0.03372183069586754, 0.03296435996890068, 0.08140872418880463, 0.02261785790324211, 0.008979222737252712, 0.07805999368429184, -0.0007453571306541562, 0.037429001182317734, 0.007713463623076677, -0.04552799463272095, -0.006513027008622885, -0.0008665084606036544, 0.00509145762771368, 0.03610708564519882, 0.028449831530451775, -0.06042896583676338, 0.034203339368104935, -0.015874339267611504, -0.04212212935090065, -0.11725793778896332, 0.008371138013899326, 0.00458441162481904, -0.0023203894961625338, -0.0430581234395504, -0.011396263726055622, 0.024890979751944542, 0.043692607432603836, -0.04069123789668083, 0.055147044360637665, -0.05480775237083435, 0.01723352074623108, 0.016067884862422943, -0.0007160075474530458, 0.014269446022808552, -0.036319851875305176, 0.009474286809563637, 0.025863533839583397, 0.04508695751428604, 0.014520357362926006, -0.07316211611032486, -0.10142352432012558, -0.07928062230348587, 0.06291520595550537, -0.09671594202518463, -0.006131078582257032, 0.04805121198296547, -0.10461793094873428, -0.04672929644584656, 0.002947181696072221, -0.07157579809427261, 0.04713762179017067, -0.045964937657117844, 0.02234937623143196, -0.004456384107470512, -0.003774937242269516, -0.04941730946302414, 0.06147677078843117, 0.045163944363594055, -0.024368109181523323, 0.01222552265971899, 0.0338309220969677, 0.06761132180690765, -0.04506728798151016, 0.035129040479660034, -0.01382439211010933, -0.0008617122075520456, 0.005156572442501783, 0.008703331463038921, -0.0031131585128605366, 0.005732379853725433, -0.004482573363929987, -0.029230577871203423, -0.06048783287405968, -0.045802291482686996, -0.04998268559575081, -0.016869496554136276, 0.004486082121729851, -0.03985625132918358, -0.0039281765930354595, 0.01233686227351427, 0.06687403470277786, -0.06768233329057693, -0.023268861696124077, 0.07621555030345917, 0.02864181064069271, -0.024005282670259476, -0.030306901782751083, 0.05760393291711807, -0.020647600293159485, -0.01755460351705551, 0.06564810872077942, -0.021886447444558144, -0.040899522602558136, 0.005068542901426554, 0.09278403222560883, -0.05350650101900101, 0.050418954342603683, -0.010972119867801666, 0.06501911580562592, -0.004180343355983496, 0.0007743641035631299, 0.032372552901506424, 0.06779740750789642, 0.021450037136673927, -0.06528196483850479, -0.05864366516470909, -0.008337306790053844, 0.0169387049973011, 0.05061765015125275, 0.028355088084936142, -0.06408260762691498, -0.09840594977140427, 0.07022818177938461, -0.05005345121026039, -0.00428046565502882, 0.037248142063617706, -0.01063702441751957, -0.03728119283914566, -0.02625887095928192, 0.03290886431932449, 0.02143162116408348, 0.1273130178451538, 0.114996999502182, -0.06114321947097778, 0.010976907797157764, -0.008066638372838497, 0.008614826947450638, -0.010724134743213654, 0.06006897613406181, -0.07258597016334534, 0.09160119295120239, -0.0015139608876779675, -0.032602157443761826, 0.019608834758400917, -0.018112897872924805, 0.03146706148982048, -0.04404357075691223, 0.005575953051447868, -0.0153337512165308, 0.015511326491832733, 0.043780822306871414, -0.02823338285088539, -0.024038145318627357, -0.03729437291622162, 0.07773192971944809, 0.13553345203399658, -0.06930232048034668, 0.05403801053762436, -0.01178671233355999, 0.024198021739721298, -0.030839424580335617, 0.014413869008421898, -0.03942760452628136, 0.03881215304136276, 0.020230641588568687, 0.0742822214961052, 0.005760047119110823, -0.03553111478686333, 0.05210476368665695, -0.07405443489551544, -0.04266774654388428, -0.003723046975210309, 0.020080680027604103, 0.019186029210686684, -0.08973705768585205, 0.016027292236685753, -0.07011404633522034, -0.021030640229582787, 0.07350963354110718, 0.15101821720600128, 0.0016698749968782067, -0.060169484466314316, 0.05554717034101486, 0.027211224660277367, 0.03946796432137489, 0.08194003254175186, -0.012076890096068382, 0.0030268924310803413, 0.024814238771796227, -0.038299668580293655, -0.009280495345592499, 0.05270767584443092, -0.06930247694253922, 0.04218057543039322, -0.12604770064353943, -0.012954704463481903, -0.010510047897696495, -0.015280122868716717, -0.07317545264959335, 0.022416038438677788, -0.0013275373494252563, 0.0033409178722649813, -0.0009683227399364114, 0.07329429686069489, -0.03451919928193092, -0.02597229741513729, -0.09567086398601532, 0.03884508088231087, 0.033187661319971085, -0.08512363582849503, -0.007646797224879265, 0.024631738662719727, -0.05064256489276886, 0.013481499627232552, 0.024203969165682793, 0.019559847190976143, -0.027982091531157494, -0.0902310237288475, 0.06367669999599457, -0.009169467724859715, 0.05095687881112099, -0.025612762197852135, -0.0036959194112569094, -0.007526518777012825, -0.010616745799779892, -0.009799506515264511, 0.049370892345905304, -0.05278395861387253, -0.05233429744839668, 0.025582613423466682, -0.06926016509532928, 0.04784426465630531, -0.049190208315849304, 0.08166966587305069, 0.023969033733010292, 0.05103856325149536, -0.022926533594727516, 0.018908189609646797, 0.08378084748983383, 0.0418308861553669, -0.03985264152288437, 0.05345327779650688, 0.03664993494749069, -0.05187269672751427, 0.035878986120224, -0.016673510894179344, 0.0807710662484169, 0.028587576001882553, -0.07940689474344254, 0.009326298721134663, 0.01441453117877245, 0.04650967940688133, 0.08859733492136002, -0.04209138825535774, -0.04894319921731949, -0.09014737606048584, -0.02803955227136612, -0.08097232133150101, 0.022917460650205612, 0.01808308996260166, -0.043080344796180725, 0.07891238480806351, -0.01185849029570818, -0.03826930373907089, -0.04749754071235657, 0.0036384444683790207, 0.03909918665885925, 0.07364708930253983, 0.13032910227775574, -0.04068715497851372, 0.01740606315433979, 0.01781236194074154, -0.08991092443466187, -0.044100627303123474, -0.034921661019325256, -0.06943220645189285, 0.11590607464313507, -0.010476471856236458, -0.029439667239785194, 0.022452645003795624, -0.03362375125288963, 0.017414525151252747, 0.03881402313709259, 0.09320735186338425, 0.05907585844397545, -0.05021117255091667, 0.03676467016339302, -0.060438383370637894, 0.05940205231308937, 0.024065818637609482, 0.02233402617275715, 0.054476939141750336, -0.014745465479791164, -0.02712666429579258, -0.05401308834552765, 0.07018514722585678, -0.01187023613601923, -0.01608779840171337, 0.03358370438218117, -0.05933786928653717, -0.06320247054100037, -0.1459941864013672, -0.0026439239736646414, -0.0074349939823150635, -0.036782026290893555]"
39,Wikipedia & Web Search for Afghanistan," 19 February 2020, the United States–Taliban deal was made in Qatar. The deal was one of the critical events that caused the collapse of the Afghan National Security Forces (ANSF); following the signing of the deal, the US dramatically reduced the number of air attacks and deprived the ANSF of a critical edge in fighting the Taliban insurgency, leading to the Taliban takeover of Kabul.

Second Taliban era
NATO Secretary General Jens Stoltenberg announced on 14 April 2021 that the alliance had agreed to start withdrawing its troops from Afghanistan by 1 May. Soon after NATO troops began withdrawing, the Taliban launched an offensive against the Afghan government and quickly advanced in front ","[-0.08718656748533249, 0.06661846488714218, -0.01601744256913662, 0.01901375874876976, -0.05375002324581146, 0.021121744066476822, 0.02442796342074871, -0.0378517210483551, 0.02858538180589676, 0.05242859572172165, -0.021719621494412422, 0.08006968349218369, 0.09561965614557266, -0.0020096751395612955, -0.029924560338258743, 0.051602352410554886, -0.08139851689338684, -0.1513766199350357, 0.03760162368416786, -0.0625753104686737, -0.02517084963619709, -0.05251267924904823, 0.04062943160533905, 0.03270253911614418, 0.09962153434753418, -0.04074035584926605, 0.009985430166125298, -0.001803002436645329, -0.012904925271868706, -0.035293255001306534, 0.003613438457250595, 0.06431762129068375, -0.07027031481266022, 0.08874893188476562, 0.045274436473846436, 0.09997794777154922, 0.0386805385351181, -0.001884916564449668, 0.02225125953555107, -0.027133086696267128, 0.046597253531217575, 0.05269571393728256, 0.0401587150990963, 0.02972615882754326, -0.0009959401795640588, -0.003633681917563081, -0.024292312562465668, -0.016964053735136986, -0.03223416954278946, -0.022489653900265694, 0.08824530988931656, 0.09966731816530228, 0.005837675649672747, -0.05147084966301918, 0.04369413107633591, -0.05066628009080887, 0.0012324271956458688, 0.012837143614888191, -0.015390075743198395, 0.057417940348386765, -0.050384171307086945, 0.04760004207491875, -0.06226803734898567, -0.02645592950284481, 0.004988587461411953, -0.024349721148610115, 0.07293157279491425, -0.1018371656537056, 0.02649129554629326, 0.032481953501701355, -0.03487703204154968, -0.0046050772070884705, -0.016257038339972496, -0.04417487233877182, -0.04710213094949722, -0.013308056630194187, 0.019337080419063568, 0.06290213018655777, 0.01123349741101265, 0.08511888235807419, 0.08326216042041779, 0.09777560085058212, 0.08509404212236404, -0.056927792727947235, -0.0016046788077801466, -0.016995929181575775, -0.024681726470589638, 0.013732905499637127, 0.06119628995656967, -0.08601289987564087, -0.014061782509088516, 0.018019815906882286, -0.021020254120230675, 0.11793683469295502, 0.04638301953673363, 0.03809260576963425, 0.0386214442551136, -0.015788892284035683, -0.01320378016680479, 0.07113832980394363, 0.09765876084566116, 0.040714144706726074, -0.02806020900607109, -0.0728476420044899, -0.031998805701732635, 0.07734113186597824, 0.03313753008842468, -0.02077081799507141, -0.021702609956264496, -0.02748648263514042, -0.06624647974967957, 0.027354883030056953, 0.011470642872154713, -0.046500660479068756, -0.03185386583209038, 0.05716218054294586, 0.028744999319314957, 0.049254655838012695, -0.004092825576663017, -0.060583438724279404, -0.04053725302219391, -0.0205747839063406, 0.0026537678204476833, -0.03535674512386322, -0.009950807318091393, 0.02866659127175808, -0.03210020810365677, -0.009261350147426128, 0.011334714479744434, -0.07688259333372116, -0.09796323627233505, 0.05866022780537605, -0.08521580696105957, -0.00177231733687222, 0.06918910890817642, 0.010918950662016869, -0.12354022264480591, 0.023880131542682648, -0.0612189844250679, -0.041328735649585724, -0.04224792495369911, 0.04959078133106232, 0.03671052306890488, -0.054078977555036545, -0.01546690333634615, 0.012364744208753109, 0.07673373818397522, 0.014230124652385712, -0.029232047498226166, -0.02949468605220318, 0.0723460242152214, -0.010091394186019897, 0.038155414164066315, 0.0067652869038283825, -0.06342462450265884, 0.023060662671923637, -0.041587986052036285, 0.004518161993473768, 0.02655695378780365, 0.05985977128148079, -0.011509089730679989, -0.05182519182562828, -0.0053645833395421505, -0.027723761275410652, -0.006542029324918985, -0.029714418575167656, -0.05575070530176163, -0.05049515143036842, 0.02054097317159176, 0.022194381803274155, -0.08009576052427292, -0.051582999527454376, 0.12793952226638794, 0.07947922497987747, -0.041731685400009155, 0.002928172005340457, 0.08063909411430359, -0.05500633269548416, -0.011915658600628376, 0.03952334448695183, -0.04539744183421135, -0.04002296179533005, 0.005948940757662058, 0.04932712763547897, 0.014737898483872414, -0.0054174852557480335, 0.002017900114879012, 0.06683730334043503, 0.06401975452899933, -0.01947738789021969, -0.054699886590242386, 0.020508645102381706, 0.04136810824275017, -0.0682215541601181, 0.01757430098950863, 0.018047047778964043, 0.01316510234028101, 0.016654519364237785, 0.03130122646689415, 0.013517675921320915, -0.007237953133881092, 0.027330653741955757, -0.08123169839382172, 0.03066028654575348, -0.011990200728178024, -0.05480419471859932, 0.0676109716296196, -0.018835049122571945, -0.02626185119152069, -0.02928028628230095, 0.1216421127319336, 0.02289719693362713, -0.07835446298122406, -0.02866722270846367, 0.02249167114496231, 0.051707252860069275, -0.06897414475679398, -0.01193010900169611, -0.13578927516937256, 0.10509754717350006, 0.07281805574893951, -0.02565387636423111, 0.10395129770040512, -0.0386892594397068, 0.04002032428979874, -0.026804188266396523, 0.022455617785453796, -0.016832279041409492, 0.04362150654196739, 0.02661927230656147, -0.019857360050082207, -0.021410400047898293, 0.06496474891901016, 0.0980328693985939, 0.018314721062779427, -0.07642240822315216, 0.003096821252256632, -0.039755649864673615, 0.06620913743972778, -0.023684700950980186, -0.003251309972256422, -0.04974345862865448, 0.11178740859031677, -0.04562170058488846, 0.030345063656568527, -0.08595580607652664, -0.03966287150979042, -0.013864558190107346, -0.006714801769703627, -0.010721789672970772, 0.03691589832305908, -0.05683998763561249, -0.006930062547326088, -0.002908562310039997, 0.04261282458901405, -0.02886977605521679, -0.03815225884318352, 0.0438803993165493, 0.10379658639431, -0.009842634201049805, -0.03979306295514107, 0.015168857760727406, -0.006046950817108154, -0.060258302837610245, 0.0014852078165858984, -0.016090266406536102, 0.057980701327323914, 0.0373983271420002, 0.040415745228528976, 0.003586229169741273, 0.04399881139397621, -0.04314076900482178, 0.05405084788799286, -0.06760507822036743, 0.007220941130071878, 0.07258211821317673, -0.029234927147626877, -0.039293546229600906, 0.015318842604756355, 0.06611236184835434, -0.026247791945934296, 0.036345209926366806, 0.09369763731956482, -0.07431385666131973, 0.005185670685023069, -0.03899505361914635, -0.027270134538412094, -0.02952522225677967, 0.02101895771920681, -0.007210891228169203, 0.03266240656375885, -0.07045266032218933, 0.053698111325502396, 0.02993655763566494, 0.0013401781907305121, 0.02132696658372879, -0.12477817386388779, 0.03816056251525879, 0.025006653741002083, 0.02151450887322426, 0.002723976271227002, -0.03920620679855347, -0.04709722101688385, 0.03376840427517891, 0.053244698792696, 0.08061661571264267, -0.08646046370267868, 0.006299967411905527, 0.05867931991815567, -0.04261302202939987, 0.0522095151245594, -0.04768332839012146, 0.02264244481921196, -0.0035353414714336395, 0.054235950112342834, -0.02485254779458046, -0.012123769149184227, 0.0012903496390208602, -0.011585725471377373, -0.07465872168540955, 0.047913357615470886, 0.00383472116664052, -0.09275025129318237, 0.034321632236242294, -0.020446697250008583, 0.10102861374616623, 0.032932307571172714, -0.0328030101954937, 0.03841874375939369, 0.0129952821880579, -0.017976924777030945, 0.058488816022872925, -0.02718517929315567, -0.02741122432053089, -0.06373263150453568, -0.045818742364645004, -0.11252342164516449, -0.016871897503733635, 0.01838417910039425, -0.024909695610404015, -0.00125715765170753, -0.019246578216552734, -0.1292428821325302, -0.029735539108514786, -0.013119167648255825, 0.06646689027547836, 0.016601379960775375, 0.0991363450884819, 0.03764879330992699, 0.042705509811639786, 0.009663975797593594, -0.09982836246490479, -0.059293121099472046, -0.049695227295160294, -0.047832559794187546, 0.014278305694460869, -0.0023283888585865498, -0.023741407319903374, 0.0695265680551529, -0.07635452598333359, -0.00714004086330533, 0.07529513537883759, 0.05630211904644966, 0.09057873487472534, -0.06221689283847809, -0.025814760476350784, -0.0886620581150055, -0.05815868824720383, -0.014236394315958023, 0.06817180663347244, 0.12077242881059647, -0.01895073615014553, -0.05924035981297493, -0.0680900365114212, 0.044557929039001465, -0.05340588837862015, -0.04388181120157242, -0.04192299768328667, 0.005567870568484068, -0.08626145124435425, -0.06202571094036102, -0.038132090121507645, -0.015128575265407562, -0.0013830728130415082]"
40,Wikipedia & Web Search for Afghanistan,"of collapsing Afghan government forces. The Taliban captured the capital city of Kabul on 15 August 2021, after regaining control over a vast majority of Afghanistan. Several foreign diplomats and Afghan government officials, including President Ashraf Ghani, were evacuated from the country, with many Afghan civilians attempting to flee along with them. On 17 August, first vice president Amrullah Saleh proclaimed himself caretaker president and announced the formation of an anti-Taliban front with a reported 6,000+ troops in the Panjshir Valley, along with Ahmad Massoud. However, by 6 September, the Taliban had taken control of most of Panjshir Province, with resistance fighters retreating t","[-0.03881536051630974, 0.05660342052578926, 0.022969422861933708, 0.00651067029684782, -0.011119996197521687, -0.03599170595407486, 0.04372204467654228, -0.018269989639520645, -0.030427811667323112, 0.036975275725126266, 0.030031563714146614, 0.02239563688635826, 0.07598322629928589, -0.0717010647058487, 0.004337781574577093, 0.01311881747096777, -0.023319752886891365, -0.015545511618256569, -0.08483124524354935, -0.048589304089546204, -0.0678504928946495, -0.06440990418195724, 0.061543140560388565, 0.02975892461836338, 0.1073962152004242, -0.03794229403138161, 0.017717501148581505, -0.014491906389594078, -0.014270046725869179, -0.022634264081716537, -0.06216595321893692, -0.09568621218204498, -0.020424090325832367, 0.08162423968315125, 0.03814966231584549, 0.11089681833982468, 0.030216434970498085, 0.05776362493634224, 0.09776783734560013, -0.02157556638121605, 0.06209322437644005, 0.041596099734306335, 0.0011672970140352845, 0.04429864138364792, 0.06615664809942245, -0.015396799892187119, -0.01455097645521164, -0.037568628787994385, -0.08572033047676086, -0.02608288638293743, 0.11675263196229935, 0.021674811840057373, 0.01304633729159832, 0.0325118824839592, -0.024757709354162216, -0.1254245936870575, -0.06400773674249649, 0.031352657824754715, 0.054193612188100815, 0.035485755652189255, -0.05876182019710541, 0.07136750221252441, -0.09005976468324661, -0.02549654059112072, -0.08820870518684387, -0.04730780050158501, 0.07021887600421906, -0.08016353100538254, 0.02609691210091114, 0.04670253396034241, 0.06684666126966476, 0.043287280946969986, -0.04885700345039368, -0.05445709452033043, -0.05396723747253418, -0.1440078765153885, -0.02568543702363968, 0.08417895436286926, -0.038481827825307846, 0.06849510967731476, 0.1460333913564682, 0.010334854945540428, 0.041677746921777725, 0.008731425739824772, -0.034530479460954666, -0.03102373331785202, -0.06226778030395508, 0.01144298817962408, 0.04601842910051346, -0.09992226958274841, 0.06188951060175896, 0.06707874685525894, -0.004422945901751518, 0.07432978600263596, 0.07490520924329758, -0.03407672420144081, 0.04705221578478813, 0.023033220320940018, -0.04422057792544365, 0.03421158343553543, 0.04127709940075874, -0.018772056326270103, 0.0407169945538044, -0.04834107309579849, 0.03336557745933533, -0.008969798684120178, -0.008811644278466702, -0.057193078100681305, -0.05040235444903374, 0.018437622115015984, -0.07262767851352692, -0.007985979318618774, -0.0002869724412448704, 0.05751209333539009, 0.038985975086688995, -0.04964359477162361, -0.008422900922596455, 0.039271291345357895, -0.07175642997026443, -0.05546046793460846, 0.03904592990875244, 0.012467113323509693, -0.015843329951167107, -0.03966250270605087, 0.0046874405816197395, 0.082565076649189, 0.044641509652137756, 0.03033400885760784, 0.001296331058256328, -0.09097997844219208, -0.0661843866109848, 0.049496788531541824, -0.07767311483621597, -0.05863820016384125, 0.07498345524072647, -0.04625319316983223, -0.030353941023349762, 0.028269508853554726, -0.04800328239798546, -0.08127572387456894, -0.005829683504998684, -0.007003212813287973, -0.006957536563277245, -0.04816001281142235, 0.005995201878249645, 0.071247398853302, 0.10753976553678513, 0.010916397906839848, 0.0006532067200168967, 0.003557702759280801, 0.0037629217840731144, -0.05211459472775459, 0.0029999639373272657, 0.0019166053971275687, -0.008454866707324982, -0.024659432470798492, -0.03132881596684456, 0.025690393522381783, 0.05085110664367676, -0.02816234715282917, -0.0341159924864769, -0.08075928688049316, -0.07388666272163391, 0.02331632189452648, -0.014493525959551334, -0.00674572354182601, -0.04900693893432617, -0.03698131442070007, 0.010101261548697948, 0.013367034494876862, -0.09875541180372238, -0.04532594606280327, 0.04631698131561279, 0.029832951724529266, -0.07651928812265396, -0.04133884608745575, 0.01770760864019394, -0.047910213470458984, 0.05174212157726288, -0.016725342720746994, -0.03839875012636185, -0.006669134367257357, -0.03724082186818123, 0.09077201783657074, 0.022449707612395287, 0.022695837542414665, 0.013942884281277657, 0.07569821923971176, 0.07201647758483887, 0.014095922000706196, -0.025225605815649033, 0.012132653035223484, 0.05956468731164932, -0.15351936221122742, -0.012052016332745552, 0.0790599137544632, -0.03352285549044609, 0.07772612571716309, 0.04071355238556862, -0.06116960942745209, -0.05867226794362068, -0.020242825150489807, -0.04077140986919403, -0.05740077421069145, 0.04929471015930176, 0.027469033375382423, 0.04987264797091484, 0.0024115964770317078, -0.025429293513298035, -0.007661284878849983, 0.07588955760002136, 0.02737332135438919, 0.011705281212925911, 0.02688765525817871, 0.04002838954329491, 0.017623964697122574, -0.06339821219444275, 0.0482475571334362, -0.10110596567392349, 0.06428773701190948, 0.004548774100840092, -0.00955714751034975, 0.0031236012000590563, 0.010292991064488888, 0.04110923036932945, -0.022612961009144783, 0.00580953061580658, -0.012975437566637993, 0.012383625842630863, 0.039400868117809296, -0.029683155938982964, -0.00014416160411201417, -0.03941716253757477, 0.057337161153554916, -0.002901062136515975, -0.02726774848997593, 0.07520846277475357, 0.026100410148501396, 0.017688218504190445, 0.0008126161992549896, 0.02041291631758213, -0.033650606870651245, -0.020144207403063774, -0.019332798197865486, 0.0072838421911001205, -0.05967321991920471, -0.08076178282499313, 0.0821184441447258, 0.014394723810255527, -0.03712751343846321, -0.0017845566617324948, 0.03336784988641739, 0.016414279118180275, -0.06358779221773148, 0.01991233602166176, -0.07383834570646286, -0.02736961469054222, 0.11470372974872589, 0.04886246845126152, 0.03968241065740585, -0.005149036180227995, 0.04433692619204521, 0.010922618210315704, 0.05264892056584358, 0.0075283595360815525, -0.006312687415629625, -0.0005500155966728926, 0.013672547414898872, -0.018621312454342842, 0.017522577196359634, 0.13757823407649994, -0.015944823622703552, -0.015914632007479668, -0.08432850986719131, 0.0702928751707077, 0.04454666003584862, -0.08059172332286835, -0.016666419804096222, 0.09373448044061661, 0.03192318230867386, 0.03400962054729462, 0.02591625601053238, 0.0537470243871212, -0.05092144384980202, -0.08209571987390518, -0.04507477954030037, 0.033769916743040085, 0.030774688348174095, -0.07995565980672836, 0.012422915548086166, 0.03487343341112137, -0.09432246536016464, 0.05750526487827301, 0.023798111826181412, 0.037310101091861725, 0.04788777977228165, -0.06368368864059448, 0.0032697664573788643, 0.051791805773973465, 0.029425188899040222, 0.03879018872976303, 0.040243152529001236, -0.05658962205052376, 0.008930504322052002, -0.003866695798933506, 0.11501917243003845, -0.09115606546401978, -0.018311399966478348, 0.04597734287381172, -0.026203621178865433, 0.03204634413123131, -0.04830671101808548, -0.008491097018122673, -0.09152259677648544, 0.09616042673587799, -0.033951014280319214, 0.0170329287648201, 0.043427299708127975, 0.035329706966876984, -0.04582533240318298, 0.014725039713084698, 0.03323837369680405, -0.07889314740896225, 0.03903684392571449, -0.02537805214524269, 0.11046390980482101, 0.07037751376628876, -0.04530024901032448, 0.025400498881936073, -0.03835558146238327, -0.007612248416990042, 0.03088468313217163, -0.08072929084300995, -0.03560872748494148, -0.11771386861801147, -0.03146491199731827, -0.0616033636033535, -0.013848313130438328, 0.005256335251033306, -0.06295916438102722, 0.047451045364141464, -0.04198184981942177, -0.013688831590116024, -0.024719975888729095, 0.03336596116423607, 0.08649595826864243, -0.03592891991138458, 0.03725257143378258, 0.0391392856836319, 0.0321701355278492, 0.04169554263353348, -0.06466618925333023, -0.050731539726257324, -0.00405926676467061, 0.02619013376533985, 0.07057731598615646, -0.017118267714977264, -0.03694326803088188, 0.05548376962542534, -0.07678089290857315, 0.0005839942023158073, -0.010575376451015472, 0.08035946637392044, 0.05811512470245361, -0.07502817362546921, 0.01837620511651039, -0.026796923950314522, 0.009531436488032341, 0.00949438288807869, 0.030829163268208504, 0.009225243702530861, -0.0450175404548645, -0.10526232421398163, 0.010340893641114235, 0.08366622030735016, 0.015685802325606346, -0.040726084262132645, -0.004363334272056818, 0.019235756248235703, -0.053440630435943604, -0.04481963813304901, -0.004747528117150068, -0.05896979570388794, -0.01568065769970417]"
41,Wikipedia & Web Search for Afghanistan,"o the mountains. Clashes in the valley ceased in mid-September.
According to the Costs of War Project, 176,000 people were killed in the conflict, including 46,319 civilians, between 2001 and 2021. According to the Uppsala Conflict Data Program, at least 212,191 people were killed in the conflict. Though the state of war in the country ended in 2021, armed conflict persists in some regions amid fighting between the Taliban and the local branch of the Islamic State, as well as an anti-Taliban Republican insurgency.

The Taliban government is led by supreme leader Hibatullah Akhundzada and acting prime minister Hasan Akhund, who took office on 7 September 2021. Akhund is one of the four founde","[0.03635599836707115, 0.033512234687805176, -0.03886159509420395, 0.027456508949398994, -0.002263591391965747, 0.03817804157733917, -0.023902403190732002, -0.018034163862466812, 0.03988904133439064, 0.038743432611227036, 0.0728818029165268, 0.01698884554207325, 0.09181531518697739, -0.06978197395801544, -0.05949284881353378, 0.03887823969125748, -0.07542411983013153, -0.09214036911725998, 0.004814907908439636, -0.06712961941957474, -0.11217907071113586, -0.05130275338888168, 0.03653350844979286, 0.0710180252790451, 0.11605837196111679, -0.04693222418427467, -0.023509031161665916, 0.009550416842103004, -0.06374885886907578, 0.015017506666481495, 0.03291580080986023, 0.010131141170859337, -0.020315635949373245, 0.06747597455978394, 0.053986672312021255, 0.013029539957642555, 0.05275622010231018, 0.0002895525249186903, -0.033917561173439026, 0.004778317641466856, 0.05683860927820206, 0.06942102313041687, -0.01918189972639084, -0.03796937316656113, 0.04182463511824608, -0.03573250770568848, -0.049395885318517685, -0.008946017362177372, -0.021544404327869415, 0.08052350580692291, 0.034304145723581314, 0.12655532360076904, 0.03146452084183693, 0.03512030467391014, 0.061405062675476074, -0.155345156788826, -0.04181025177240372, 0.039847422391176224, -0.00488813454285264, 0.025208162143826485, -0.014875846914947033, -0.005344251170754433, -0.05734686553478241, -0.03016694076359272, -0.10077963024377823, -0.027250731363892555, 0.0973002091050148, -0.06921415776014328, 0.03277500346302986, -0.005000657867640257, -0.0075393542647361755, 0.08239398151636124, -0.014999735169112682, -0.034232527017593384, -0.10203767567873001, -0.046734657138586044, -0.04894861951470375, 0.08819445222616196, 0.0008210681844502687, 0.013155474327504635, 0.10897137224674225, 0.06664809584617615, 0.08655501902103424, -0.023568332195281982, -0.028083031997084618, -0.05516586825251579, 0.007548099849373102, 0.043444592505693436, 0.04861044883728027, -0.06809931993484497, 0.052699580788612366, 0.09155123680830002, 0.050411712378263474, 0.018128957599401474, 0.026847021654248238, 0.08219607174396515, 0.0759386420249939, 0.05097624659538269, 0.05856820195913315, 0.01784370467066765, 0.04139290377497673, -0.07159280776977539, 0.03524499759078026, 0.034300558269023895, -0.01094207912683487, 0.04726529121398926, -0.007986627519130707, -0.04486922547221184, -0.057352494448423386, 0.02907547913491726, 0.009935871697962284, -0.05917632579803467, -0.03465808182954788, -0.01862211339175701, 0.08244256675243378, 0.0661260187625885, 0.032545868307352066, 0.03625291585922241, -0.07642944157123566, -0.014191346243023872, -0.02286987565457821, -0.0355883426964283, 0.025070920586586, 0.03366965427994728, 0.10019458085298538, 0.019956927746534348, -0.033031344413757324, 0.07673630863428116, -0.017675068229436874, -0.16987735033035278, -0.04482182860374451, 0.0275456290692091, -0.07532603293657303, -0.08459440618753433, 0.022012270987033844, -0.013921487145125866, 0.007816459983587265, -0.03245007246732712, -0.0757947638630867, -0.04407770559191704, 0.026622794568538666, 6.639324965362903e-06, -0.014201169833540916, -0.02719988487660885, -0.0008921457338146865, 0.03587547317147255, -0.03190675005316734, -0.044721879065036774, -0.030151940882205963, -0.05694061145186424, 0.05222512036561966, 0.02071608603000641, -0.0021858299151062965, 0.006649934686720371, 0.03644057363271713, 0.053250376135110855, -0.04377431422472, -0.003795255208387971, 0.03782283142209053, -0.010298640467226505, -0.007264368701726198, 0.023429851979017258, 0.017756829038262367, 0.03662558272480965, -0.008109579794108868, 0.017477940768003464, -0.04156167805194855, 0.0288397204130888, 0.03554140031337738, -0.00216257874853909, -0.021846948191523552, 0.02876410447061062, 0.0714060515165329, -0.006966315675526857, 0.09431272000074387, -0.010227450169622898, -0.07960701733827591, -0.008265391923487186, -0.04160303995013237, 0.1334160566329956, -0.048838429152965546, 0.04513026028871536, -0.068027064204216, 0.06808478385210037, -0.04646709933876991, -0.07378742843866348, -0.03280727565288544, -0.012330057099461555, 0.050432197749614716, -0.075602225959301, 0.007601093500852585, -0.036634188145399094, -0.008478013798594475, -0.05272683873772621, 0.02556552179157734, -0.017469236627221107, -0.0186355821788311, 0.05340764671564102, 0.028727250173687935, -0.02391320839524269, -0.04448262229561806, -0.0025435721036046743, -0.07777942717075348, -0.04747365415096283, 0.018991835415363312, -0.009390522725880146, 0.031151678413152695, 0.023436758667230606, 0.06943638622760773, -0.07033222913742065, 0.03884004428982735, -0.002489598700776696, 0.006948724389076233, -0.030087482184171677, 0.04374202713370323, -0.03681202605366707, -0.09433034062385559, 0.013149219565093517, -0.048134807497262955, 0.10857528448104858, 0.040695395320653915, -0.004219118505716324, 0.06922216713428497, -0.032959938049316406, 0.050901543349027634, 0.04853486642241478, -0.028285756707191467, 0.004212636500597, 0.016956109553575516, 0.043725159019231796, 0.05450724437832832, 0.06999426335096359, -0.03379082307219505, 0.07082020491361618, 0.06943384557962418, -0.07291398197412491, 0.005506804212927818, 0.02096780389547348, 0.05961444601416588, -0.03846258297562599, -0.0018786940490826964, 0.006682673469185829, 0.12431012839078903, -0.03462635725736618, -0.007521261926740408, -0.08048315346240997, -0.08259762823581696, -0.010142585262656212, 0.06555318832397461, -0.015790829434990883, 0.027689404785633087, -0.12889616191387177, -0.02593727968633175, -0.06854584068059921, 0.10232406109571457, -0.0540853813290596, 0.02187502197921276, -0.014497660100460052, 0.061773110181093216, 0.005521948449313641, 0.000561459397431463, -0.01709112897515297, 0.037313468754291534, -0.031964972615242004, 0.03633541241288185, 0.0019989004358649254, 0.049004312604665756, 0.08007434755563736, 0.0015233827289193869, 0.06753750145435333, 0.053167298436164856, 0.008139746263623238, -0.03159894049167633, -0.056313514709472656, -0.008049892261624336, 0.04475260153412819, -0.025559043511748314, -0.01803935505449772, 0.057592831552028656, -0.006099707912653685, -0.03312176838517189, -0.001397649641148746, -0.06435641646385193, -0.07617685943841934, -0.013234191574156284, -0.05417817085981369, -0.03248845413327217, 0.03820822760462761, -0.015985654667019844, 0.06845690310001373, -0.001391979050822556, -0.05883166939020157, -0.010370247066020966, 0.0009368187747895718, -0.005158907268196344, -0.02571955695748329, -0.10814282298088074, -0.04248042404651642, -0.03308343514800072, 0.018433736637234688, -0.033898383378982544, 0.05478795990347862, 0.004062721040099859, 0.009007974527776241, -0.054568950086832047, -0.06456062942743301, -0.04799375310540199, -0.024815084412693977, 0.03820674866437912, 0.0023944764398038387, -0.00855160690844059, -0.005013761110603809, 0.04579893872141838, 0.09262096881866455, 0.09323956817388535, -0.02852369286119938, 0.007221672218292952, -0.002321175066754222, 0.0004706046893261373, -0.08155901730060577, -0.00338819925673306, 0.05670947954058647, -0.08084879070520401, 0.02203109674155712, -0.026916787028312683, 0.05393453687429428, 0.08843716233968735, -0.01390459481626749, 0.04075268656015396, 0.08573855459690094, 0.013649054802954197, 0.033792465925216675, -0.014493145979940891, -0.01308601163327694, -0.12703946232795715, -0.044889166951179504, -0.1068071499466896, -0.057597022503614426, 0.011630572378635406, -0.0635298565030098, 0.018448641523718834, 0.010734536685049534, -0.10957420617341995, 0.007002738304436207, -0.030225884169340134, 0.05669950693845749, 0.04921649768948555, 0.05032387003302574, -0.06170569732785225, -0.005257840733975172, -0.007969778962433338, -0.08152807503938675, -0.07781781256198883, -0.028981108218431473, -0.02123345248401165, 0.023580612614750862, 0.027098989114165306, 0.027186278253793716, 0.08074085414409637, -0.03938056901097298, -0.012794085778295994, 0.03763985633850098, 0.04733548313379288, 0.03088936023414135, 0.028279878199100494, 0.05625948682427406, -0.06893861293792725, -0.016089310869574547, -0.02879224345088005, -0.020309340208768845, 0.13703356683254242, -0.0017696608556434512, -0.03930065780878067, -0.07725571095943451, 0.04286245256662369, 0.002967342734336853, 0.0064206733368337154, 0.017381377518177032, -0.03325146436691284, -0.020679283887147903, -0.028003444895148277, -0.03389236703515053, -0.04162514954805374, -0.06658294051885605]"
42,Wikipedia & Web Search for Afghanistan,"rs of the Taliban and was a deputy prime minister of the previous emirate; his appointment was seen as a compromise between moderates and hardliners. A new, all-male cabinet was formed, which included Abdul Hakim Haqqani as minister of justice. On 20 September 2021, United Nations Secretary-General António Guterres received a letter from acting minister of foreign affairs Amir Khan Muttaqi to formally claim Afghanistan's seat as a member state for their official spokesman in Doha, Suhail Shaheen. The United Nations did not recognize the previous Taliban government and chose to work with the then government-in-exile instead.
Western nations suspended most of their humanitarian aid to Afghanis","[-0.04758781939744949, 0.09178625047206879, -0.031375735998153687, -0.021276870742440224, 0.04189695045351982, 0.017047904431819916, 0.05053461715579033, -0.02172114886343479, 0.009665156714618206, 0.034658532589673996, -0.0015575516736134887, -0.0035482728853821754, 0.06164621189236641, -0.048467569053173065, 0.05526997148990631, -0.0032773118000477552, -0.023765554651618004, -0.0475236214697361, 0.0044991676695644855, 0.001847187872044742, -0.015457149595022202, -0.04138476029038429, 0.012251950800418854, -0.05142994225025177, 0.06728866696357727, -0.15351511538028717, 0.04241442680358887, 0.0006752757471986115, -0.014348311349749565, -0.04847269132733345, -0.012421802617609501, -0.04555007815361023, 0.021132467314600945, 0.07717423886060715, 0.0172817911952734, 0.06872816383838654, 0.08581886440515518, 0.07004498690366745, -0.0030398827511817217, 0.0349283367395401, 0.05713057145476341, -0.0750465914607048, 0.05208745226264, 0.03464891016483307, 0.054374534636735916, -0.049407877027988434, -0.028842194005846977, 0.016169186681509018, -0.11286243051290512, 0.012432483956217766, 0.024021025747060776, 0.057747505605220795, -0.024269264191389084, -0.00923395436257124, 0.0475936196744442, -0.03251463174819946, -0.021482734009623528, 0.041749902069568634, 0.015298985876142979, 0.010291812010109425, -0.09169721603393555, 0.10925623029470444, -0.11050517112016678, -0.0062702312134206295, -0.029324539005756378, -0.026643453165888786, 0.057900384068489075, -0.12192262709140778, -0.04085598140954971, -0.027349816635251045, 0.02281790040433407, 0.013466447591781616, 0.012044581584632397, -0.03364328294992447, -0.059264011681079865, -0.05733039230108261, -0.05971239134669304, 0.09036000818014145, -0.03422291949391365, 0.022391417995095253, 0.0864577367901802, 0.17228125035762787, 0.022289875894784927, 0.03302892670035362, -0.036968130618333817, -0.05460561066865921, -0.0661458820104599, -0.011086329817771912, 0.012029341422021389, -0.04651563987135887, 0.03665497153997421, -0.026014454662799835, 0.1088978499174118, 0.05004106089472771, 0.08983740210533142, -0.011924635618925095, 0.05355712026357651, 0.02557707019150257, -0.08347141742706299, -0.006792423781007528, -0.014546878635883331, 0.03837091848254204, -0.0021201279014348984, 0.019040962681174278, -0.023523136973381042, 0.07661620527505875, -0.03309520706534386, -0.09798234701156616, -0.04573506861925125, -0.02022934891283512, -0.06285899132490158, -0.007897617295384407, -0.029922638088464737, -0.07758377492427826, 0.048400141298770905, -0.037224575877189636, -0.13038676977157593, 0.05248241499066353, -0.06397724151611328, -0.05570027604699135, -0.004754857625812292, 0.03663543611764908, -0.020471394062042236, -0.030143890529870987, 0.03276997432112694, 0.11678475141525269, 0.005648712161928415, 0.05581653490662575, 0.026655660942196846, -0.025105750188231468, -0.050306353718042374, 0.020578639581799507, -0.08231443911790848, -0.007224965840578079, 0.11441590636968613, -0.03988668695092201, -0.034328777343034744, 0.07950973510742188, 0.035393308848142624, -0.015063180588185787, 0.015502280555665493, -0.03963056951761246, -0.06710103154182434, 0.06303165853023529, 0.0016802616883069277, 0.02557484433054924, 0.09275967627763748, 0.012676206417381763, -0.028340525925159454, 0.047371502965688705, 0.022032471373677254, -0.08013907819986343, 0.07102186977863312, 0.03576498106122017, 0.004415381234139204, -0.02029125764966011, 0.04372667148709297, 0.04302744194865227, 0.029439633712172508, 0.008447835221886635, -0.02786371111869812, -0.05427892878651619, -0.07980536669492722, 0.05514572560787201, -0.017712097615003586, -0.06254810839891434, -0.0290965773165226, -0.08246558159589767, 0.0026344084180891514, 0.02458496205508709, -0.054455939680337906, 0.015233121812343597, 0.016958391293883324, 0.0032638965640217066, -0.03070979006588459, -0.054253850132226944, 0.032159559428691864, 0.022258175536990166, 0.04098137468099594, 0.005259016063064337, 0.040607158094644547, -0.025401290506124496, -0.07156027108430862, 0.003962124697864056, -0.031495351344347, 0.06951867043972015, 0.015564816072583199, 0.0980084091424942, -0.004798981361091137, -0.025214163586497307, -0.039017751812934875, 0.06732362508773804, -0.027285058051347733, -0.007735849358141422, -0.00365909724496305, -0.04900863766670227, 0.05496139079332352, -8.402171806665137e-05, 0.002124530728906393, -0.035900458693504333, -0.10996279120445251, 0.07638908177614212, -0.053752098232507706, -0.021888887509703636, -0.034949712455272675, -0.032516662031412125, -0.03756719082593918, -0.006649836432188749, 0.006049413233995438, 0.05450545996427536, 0.10518021881580353, 0.047433480620384216, -0.03684129938483238, -0.033325619995594025, -0.012305088341236115, 0.0320197232067585, 0.07522537559270859, 0.07145705074071884, -0.08766347914934158, 0.009735909290611744, 0.00952643621712923, 0.039780210703611374, -0.012356952764093876, -0.02913988195359707, -0.000275862286798656, -0.04734240099787712, 0.007934434339404106, 0.008745999075472355, 0.01858372613787651, 0.03665860742330551, 0.017102621495723724, -0.0641709566116333, -0.03353448212146759, 0.04107499495148659, 0.028344912454485893, -0.0006119752069935203, 0.13242270052433014, -0.020778639242053032, 0.08741681277751923, 0.027386298403143883, -0.04422030970454216, -0.039800483733415604, 0.006885225418955088, 0.04803191125392914, 0.051940035074949265, -0.04002603143453598, -0.07254453748464584, -0.0037328037433326244, 0.037439435720443726, -0.02936154417693615, 0.018358711153268814, -0.028991054743528366, -0.012557740323245525, -0.03217661380767822, 0.009245376102626324, -0.012458073906600475, -0.1103474497795105, 0.0566585510969162, 0.1122717633843422, -0.08950889855623245, -0.09277864545583725, 0.025769837200641632, -0.03034312091767788, 0.05758411064743996, -0.009763054549694061, -0.010992778465151787, 0.06336783617734909, -0.025673741474747658, 0.023627672344446182, -0.025806192308664322, 0.010575312189757824, -0.045927051454782486, 0.05742136761546135, -0.1059444472193718, -0.026148028671741486, 0.038708459585905075, 0.014723806641995907, -0.07841964066028595, 0.05576920881867409, 0.05219109356403351, -0.0010356755228713155, 0.019931316375732422, 0.13653020560741425, -0.11799667030572891, -0.022343581542372704, -0.043913524597883224, 0.09655038267374039, -0.009162326343357563, -0.06556397676467896, 0.06842409819364548, 0.020107446238398552, -0.02851806953549385, 0.036669157445430756, 0.019976546987891197, 0.08517180383205414, -0.09193392097949982, -0.05192533880472183, 0.05017714947462082, 0.029775302857160568, 0.042609717696905136, -0.021573316305875778, -0.026312755420804024, -0.04398860037326813, 0.06999870389699936, 0.02858501486480236, 0.08061374723911285, -0.05195644125342369, 0.012697801925241947, -0.03146801143884659, -0.002684628823772073, 0.06003294140100479, -0.024392109364271164, -0.0005695690051652491, -0.08977807313203812, 0.08578866720199585, -0.0538809560239315, 0.0642726719379425, 0.026845039799809456, 0.07200884819030762, -0.04868143051862717, 0.023356501013040543, -0.020396243780851364, -0.08965159207582474, 0.021496590226888657, -0.032751526683568954, 0.0645918995141983, 0.015541384927928448, -0.08190236985683441, 0.0069684418849647045, 0.018718427047133446, 0.0049523357301950455, 0.02435160242021084, -0.028714779764413834, -0.05560191348195076, -0.06777235865592957, -0.032485105097293854, -0.05521846562623978, -0.03448013588786125, -0.04503832012414932, -0.05410623550415039, 0.09888824820518494, -0.013197245076298714, -0.0026519231032580137, -0.00041439160122536123, 0.02032693661749363, -0.007702241186052561, -0.032436005771160126, 0.015895340591669083, -0.01872616447508335, 0.04716402664780617, -0.01193156000226736, 0.002318649785593152, -0.02945784665644169, -0.07034583389759064, 0.023338666185736656, 0.030574075877666473, 0.023934926837682724, 0.0035581658594310284, 0.09761866927146912, 0.012859419919550419, -0.01829594001173973, -0.010996711440384388, 0.11620626598596573, 0.0592476911842823, -0.015293463133275509, 0.02575800195336342, 0.00011585765605559573, 0.02141568623483181, -0.004900574684143066, 0.011576852761209011, 0.05350707471370697, -0.010726062580943108, -0.012771202251315117, -0.023420237004756927, 0.07577802240848541, -0.025845995172858238, -0.0585298128426075, -0.07459516078233719, -0.044487565755844116, -0.028025884181261063, -0.0627937838435173, -0.03588303178548813, -0.03269033879041672, 0.016516733914613724]"
43,Wikipedia & Web Search for Afghanistan,"tan following the Taliban's August 2021 takeover of the country; the World Bank and International Monetary Fund also halted their payments. More than half of Afghanistan's 39 million people faced an acute food shortage in October 2021. Human Rights Watch reported on 11 November 2021 that Afghanistan was facing widespread famine due to an economic and banking crisis.
The Taliban initially significantly tackled corruption, improving on the corruption perceptions index from 174th to 150th out of 180 countries from 2021 to 2022, but dropping to 162nd in 2023. The Taliban have also reportedly reduced bribery and extortion in public service areas.

At the same time, the human rights situation in t","[-0.04255238175392151, 0.007691969163715839, -0.03341173380613327, 0.03422394394874573, 0.044236648827791214, -0.01036297157406807, -0.023681078106164932, -0.07426604628562927, 0.001374640385620296, 0.023529399186372757, 0.040934305638074875, 0.04755361005663872, 0.034421585500240326, -0.058202408254146576, -0.0035906643606722355, -0.06713391840457916, -0.02771686762571335, -0.14134791493415833, 0.005713609512895346, -0.01980566419661045, -0.055757708847522736, -0.05687246471643448, 0.07538823783397675, -0.010554906912147999, 0.11963928490877151, -0.0646078884601593, 0.061749763786792755, -0.09939326345920563, -0.03274483606219292, 0.01519816741347313, 0.00893741101026535, -0.03165142610669136, 0.027523159980773926, 0.09001738578081131, 0.07696236670017242, -0.0011409468716010451, 0.015082982368767262, 0.06989602744579315, 0.05360383912920952, 0.04183916747570038, 0.049631573259830475, -0.017926696687936783, -0.017100224271416664, 0.0016020296607166529, 0.08747372031211853, -0.007615428883582354, -0.059854958206415176, -0.025173218920826912, -0.06881251931190491, 0.010213077068328857, 0.01054150890558958, 0.0892876610159874, 0.021840650588274002, 0.05425571650266647, 0.023045308887958527, -0.13398215174674988, -0.03936219587922096, 0.00048384745605289936, -0.02023535966873169, 0.0723893865942955, 0.020640162751078606, 0.03094279021024704, -0.027660151943564415, -0.034987688064575195, 0.008161180652678013, 0.017522450536489487, 0.10700031369924545, -0.053766705095767975, -0.037427376955747604, 0.010207630693912506, 0.06503410637378693, 0.03227878361940384, -0.061598487198352814, -0.051166094839572906, -0.03446147218346596, -0.07737457752227783, 0.012382816523313522, 0.044504161924123764, -0.010817407630383968, 0.03469860181212425, 0.09126081317663193, 0.07945743948221207, 0.07777713239192963, -0.010130119509994984, -0.06866970658302307, -0.07339528948068619, -0.043623436242341995, 0.0007107888231985271, 0.043572116643190384, -0.021614722907543182, 0.009484881535172462, 0.07914478331804276, 0.013900945894420147, 0.0513923354446888, -0.0034991800785064697, 0.07546510547399521, 0.04780878871679306, -0.03809872269630432, -0.04960663616657257, 0.02001175843179226, 0.01584736816585064, 0.04895695298910141, 0.02284097671508789, 0.010013913735747337, -0.00910493079572916, 0.0685042142868042, -0.0184695515781641, -0.02896813675761223, -0.026992030441761017, 0.001680593122728169, -0.019869228824973106, 0.03215853497385979, -0.025407996028661728, -0.010905164293944836, 0.023440951481461525, -0.06211793050169945, 0.0030818586237728596, 0.009142294526100159, -0.005220131482928991, -0.037945233285427094, 0.047499917447566986, 0.04953967034816742, 0.004094250034540892, -0.017216859385371208, 0.05913833901286125, 0.08100906759500504, -0.03251663222908974, 0.06864982843399048, -0.04363888502120972, -0.15526095032691956, -0.0629267618060112, 0.006920879241079092, -0.13492107391357422, -0.02690519578754902, 0.01170442160218954, -0.044417694211006165, -0.0396927073597908, 0.027279119938611984, -0.02895870804786682, -0.06913064420223236, -0.06013650819659233, 0.02336924709379673, -0.0013394836569204926, -0.0363987497985363, -0.0149141326546669, 0.0899793952703476, 0.0711350217461586, 0.014021686278283596, -0.03238245099782944, -0.034768763929605484, 0.10386151820421219, -0.06365732848644257, 0.0612821988761425, 0.0096467649564147, -0.005048238672316074, -0.05823713168501854, 0.008180991746485233, 0.006184865720570087, 0.09261821955442429, 0.05627863109111786, -0.030587365850806236, -0.07426994293928146, -0.029471976682543755, -0.038173191249370575, -0.01498742587864399, 0.01976901851594448, -0.0887536033987999, -0.06752005219459534, 0.015012924559414387, 0.05893176048994064, 0.043481484055519104, -0.023443980142474174, 0.0433831624686718, 0.048985425382852554, 0.03368359059095383, -0.006795997731387615, -0.04243959113955498, -0.007019001059234142, 0.02313166670501232, 0.0317535400390625, -0.03255347162485123, -0.03031659871339798, -0.0068389070220291615, 0.022303825244307518, 0.008879631757736206, -0.05189717188477516, 0.02869967743754387, 0.024184351786971092, 0.023918110877275467, -0.07157547771930695, -0.024604879319667816, -0.009831128641963005, 0.0391412191092968, 0.0051266164518892765, -0.019431650638580322, -0.047651562839746475, 0.0028167455457150936, 0.08756444603204727, 0.00875821616500616, -0.06133388727903366, -0.10695787519216537, 0.006804267410188913, -0.051695697009563446, -0.016892675310373306, 0.06495742499828339, -0.004856684245169163, 0.0061609274707734585, -0.036685701459646225, 0.06304951757192612, -0.06136533245444298, 0.07841627299785614, 0.07292310893535614, -0.015158561989665031, 0.05427756533026695, -0.01750260591506958, -0.053085263818502426, 0.04107660800218582, -0.007761926855891943, -0.013087340630590916, 0.08529570698738098, -0.026797164231538773, 0.013075148686766624, 0.032188136130571365, -0.035616837441921234, 0.011735467240214348, -0.03655950725078583, -0.034837350249290466, 0.03344312310218811, 0.04959048703312874, -0.03099345788359642, -0.03870953992009163, 0.027188178151845932, 0.06126164272427559, 0.08269686996936798, -0.016012104228138924, 0.00281930691562593, 0.02602870762348175, 0.03718554228544235, 0.014465706422924995, 0.05048154667019844, 0.01525931153446436, -0.023440491408109665, 0.07609818130731583, -0.026938293129205704, -0.04326707124710083, -0.008207922801375389, -0.06970403343439102, -0.009928160347044468, -0.010931827127933502, -0.021443849429488182, -0.012851912528276443, -0.0822964608669281, -0.05127795413136482, -0.11172446608543396, 0.09006152302026749, -0.005067197605967522, 0.016641976311802864, 0.025499913841485977, 0.053663793951272964, -0.025971852242946625, -0.05444103106856346, -0.008410273119807243, -0.02632744424045086, -0.022990195080637932, 0.07963890582323074, -0.058260995894670486, -0.012414342723786831, -0.020104721188545227, -0.012200923636555672, 0.049828704446554184, 0.09335093200206757, -0.029378851875662804, 0.07250747084617615, -0.06719301640987396, 0.12496531009674072, 0.08521237224340439, 0.01010881271213293, -0.02377205714583397, 0.030491026118397713, 0.04561486840248108, 0.0003416421532165259, -0.003483164357021451, 0.0704398900270462, -0.05254101753234863, -0.05864610895514488, 0.0032173986546695232, 0.04828058183193207, -0.0329354926943779, -0.042590633034706116, 0.0511002317070961, 0.028035802766680717, -0.050829242914915085, 0.0362546406686306, 0.0324673131108284, 0.05322638154029846, -0.05837813764810562, -0.11288817226886749, 0.017448941245675087, 0.010603245347738266, 0.12144578248262405, -0.0007287166081368923, 0.07496988773345947, -0.026408998295664787, 0.023630723357200623, -0.03455869480967522, 0.11710821837186813, 0.01718604564666748, -0.009107465855777264, 0.021076953038573265, -0.06425665318965912, 0.04543208330869675, -0.04288226366043091, -0.058363597840070724, -0.02283945307135582, 0.0391635000705719, -0.03970276936888695, -0.012023397721350193, 0.019549310207366943, 0.011859930120408535, -0.07360799610614777, -0.0028695487417280674, 0.022804226726293564, -0.04718446359038353, 0.08810116350650787, -0.02799585461616516, 0.06828689575195312, 0.09911592304706573, -0.015056619420647621, -0.005045829340815544, 0.01216866448521614, 0.02135859802365303, 0.08900877833366394, -0.011286495253443718, -0.018859300762414932, -0.1428505927324295, -0.006571175064891577, -0.13908791542053223, -0.03420886769890785, -0.02458541840314865, -0.03057160973548889, 0.08118347078561783, 0.039930619299411774, -0.031567931175231934, -0.015723340213298798, 0.04070356488227844, 0.0490279495716095, 0.048058681190013885, 0.09784834831953049, 0.004359327256679535, -0.023899974301457405, 0.0683383047580719, -0.08286400884389877, 0.010156415402889252, -0.04871775954961777, 0.03315693512558937, -0.00447770394384861, -0.028846558183431625, -0.009894649498164654, 0.053420327603816986, -0.08126693218946457, -0.07595071196556091, -0.03088129125535488, 0.0953478291630745, 0.05407522991299629, -0.053258683532476425, -0.04415476694703102, -0.09867431968450546, 0.015902884304523468, 0.08453447371721268, -0.0342920646071434, 0.07059560716152191, -0.0717846155166626, -0.007865196093916893, -0.04363026097416878, 0.04375055059790611, -0.05412161350250244, -0.012177057564258575, 0.03972027450799942, -0.04109272360801697, -0.08128967881202698, 0.01855558343231678, -0.08659501373767853, -0.03650099039077759, -0.043670639395713806]"
44,Wikipedia & Web Search for Afghanistan,"he country has deteriorated. Following the 2001 invasion, more than 5.7 million refugees returned to Afghanistan; however, in 2021, 2.6 million Afghans remained refugees, primarily in Iran and Pakistan, and another 4 million were internally displaced.
In October 2023, the Pakistani government ordered the expulsion of Afghans from Pakistan. Iran also decided to deport Afghan nationals back to Afghanistan. Taliban authorities condemned the deportations of Afghans as an ""inhuman act"". Afghanistan faced a humanitarian crisis in late 2023.
On 10 November 2024, Afghanistan's Foreign Ministry confirmed that Taliban representatives would attend the 2024 United Nations Climate Change Conference, mark","[-0.05193867161870003, 0.04355921223759651, 0.012657806277275085, -0.004439437761902809, 0.026222050189971924, 0.016637248918414116, 0.013679548166692257, -0.04762423783540726, 0.02293652854859829, 0.03974669799208641, 0.03208913281559944, 0.0880158543586731, 0.04390426352620125, 0.05406346917152405, -0.028295500203967094, 0.0037997455801814795, -0.051296383142471313, -0.055579449981451035, -0.042052946984767914, 0.014757604338228703, -0.06906186044216156, -0.04042167216539383, 0.03866282477974892, 0.012622957117855549, 0.11900264024734497, -0.033520348370075226, 0.03919157758355141, -0.018448613584041595, -0.04516581818461418, -0.030465928837656975, 0.023817146196961403, 0.00019403900660108775, -0.04378283768892288, 0.029487233608961105, 0.030313881114125252, 0.10092052817344666, 0.027629902586340904, 0.08587964624166489, 0.06293761730194092, 0.06288096308708191, 0.08399170637130737, 0.01848042756319046, 0.01991460844874382, 0.04222838208079338, 0.0639866441488266, -0.02362414263188839, -0.026254938915371895, -0.0632128044962883, 0.009336940012872219, 0.07384350150823593, 0.015011121518909931, 0.10254215449094772, -0.0009528310620225966, -0.007487111259251833, 0.022395726293325424, -0.09214232861995697, -0.01031443290412426, 0.0624580979347229, -0.008254379965364933, 0.007756349164992571, -0.001116857398301363, 0.0027964783366769552, -0.03365050256252289, 0.003358955727890134, -0.09295529872179031, -0.03909917548298836, 0.04068656265735626, -0.058290883898735046, 0.0819438099861145, 0.016089262440800667, -0.0031251460313796997, 0.08070680499076843, 0.0459248349070549, -0.020588191226124763, -0.06385460495948792, -0.11823119968175888, 0.023911692202091217, 0.1059645488858223, -0.02254212647676468, -0.0033180948812514544, 0.1012018471956253, 0.053675733506679535, 0.0182512030005455, -0.09270264208316803, 0.004038864281028509, -0.044899433851242065, -0.09508541226387024, 0.00332235568203032, 0.0076997666619718075, -0.00495564378798008, 0.12034903466701508, 0.029205260798335075, 0.07192309200763702, 0.08919642865657806, 0.04337988421320915, 0.02629213221371174, 0.07007019221782684, 0.004802251700311899, -0.09095613658428192, -0.014017029665410519, 0.07524822652339935, 0.011935951188206673, 0.018674029037356377, 0.0475747175514698, -0.05867934599518776, 0.015586843714118004, -0.039396755397319794, -0.06687677651643753, -0.13038812577724457, -0.006188548635691404, 0.023310746997594833, -0.05905664339661598, -0.02487136982381344, -0.004080105107277632, 0.019324440509080887, -0.026035139337182045, -0.009024842642247677, -0.014266113750636578, -0.07761992514133453, 0.026861149817705154, 0.03608476370573044, -0.03185701742768288, 0.06580761820077896, -0.01642070896923542, 0.0026095665525645018, 0.027020201086997986, 0.03337331861257553, 0.014436869882047176, -0.024088451638817787, -0.052822984755039215, -0.028900211676955223, 0.02088399976491928, -0.1413576304912567, -0.01618119888007641, 0.009879911318421364, 0.002757625188678503, 0.006458953954279423, -0.09969188272953033, -0.07820216566324234, -0.041734110563993454, 0.05630246549844742, 0.008675480261445045, -0.0450262613594532, 0.02447482757270336, -0.09381966292858124, 0.08317526429891586, 0.0969737321138382, -0.03444678708910942, -0.01501426100730896, 0.024869754910469055, 0.06519569456577301, -0.04158347472548485, -0.022539833560585976, -0.015895212069153786, 0.04588424041867256, -0.03379901871085167, -0.0267717894166708, 0.0298329908400774, -0.010231388732790947, 0.07663793861865997, -0.0015171089908108115, -0.08570029586553574, -0.029775971546769142, -0.010846165008842945, -0.027702786028385162, 0.023362917825579643, -0.05548669397830963, -0.024208446964621544, 0.058372363448143005, 0.047246966511011124, 0.007392082829028368, 0.0036860706750303507, 0.1252349615097046, -0.03682699427008629, 0.029583333060145378, -0.010639100335538387, 0.011438088491559029, -0.0189460888504982, 0.04257990047335625, 0.008897953666746616, -0.010788190178573132, -0.12026429176330566, -0.0429384745657444, 0.0898929238319397, 0.0029078200459480286, 0.07754991948604584, 0.022996826097369194, 0.06385131180286407, 0.054463308304548264, -0.02062140963971615, 0.027708429843187332, 0.023378824815154076, 0.07362000644207001, -0.0757804811000824, 0.007936566136777401, 0.03744079917669296, -0.06423261761665344, 0.07183321565389633, 0.004935067612677813, -0.00887522753328085, -0.09618867188692093, -0.02583478018641472, -0.0742189958691597, -0.03429573401808739, 0.03572576493024826, -0.010209777392446995, 0.0486561544239521, -0.016667330637574196, -0.001438389765098691, -0.022141126915812492, 0.0813995972275734, 0.031038520857691765, 0.004079741891473532, 0.06700083613395691, 0.053729813545942307, -0.04354031756520271, -0.004858415573835373, 0.03673099726438522, 0.04271451011300087, 0.03603483736515045, -0.04935883730649948, -0.05045357346534729, 0.07298324257135391, -0.002701083431020379, -0.02126137539744377, 0.05247360095381737, -0.020335538312792778, -0.004733679350465536, -0.061165064573287964, 0.01097652968019247, 0.01664438098669052, 0.07833291590213776, 0.011860699392855167, 0.0576712004840374, -0.005539140198379755, 0.005276841577142477, -0.01374805998057127, -0.0024965880438685417, -0.028669102117419243, -0.025383301079273224, -0.024366501718759537, -0.04797631502151489, -0.007342364639043808, -0.024040451273322105, 0.010161061771214008, -0.012445444241166115, 0.011971121653914452, 0.031028680503368378, -0.01946810446679592, -0.0011843877146020532, 0.01940961927175522, -0.03465164452791214, 0.006474122870713472, -0.10285870730876923, 0.050063811242580414, -0.040582094341516495, -0.06791602820158005, 0.11853431910276413, 0.12612709403038025, 0.01876671425998211, -0.0774509534239769, 0.0903681218624115, 0.04616450518369675, 0.06017031893134117, 0.06385021656751633, -0.004125599283725023, -0.03977537900209427, -0.03945504128932953, 0.008733214810490608, 0.018198475241661072, 0.049818072468042374, -0.035974230617284775, 0.03998054563999176, -0.09805970638990402, 0.026826148852705956, 0.038279708474874496, -0.09561827033758163, 0.008654288947582245, 0.010516545735299587, -0.004412108100950718, -0.039376284927129745, 0.007638502866029739, 0.03282631188631058, -0.03281456232070923, -0.12384717911481857, -0.030636334791779518, 0.00998739991337061, -0.032197561115026474, -0.06837469339370728, -0.008078970946371555, 0.014094896614551544, -0.07210643589496613, -0.07329874485731125, 0.0022873508278280497, 0.08523587137460709, -0.04068662226200104, -0.17135432362556458, -0.05173594877123833, 0.03640149533748627, 0.08858625590801239, 0.03747900575399399, 0.08170589804649353, -0.08113498985767365, 0.03727872297167778, -0.008364922367036343, 0.07402022182941437, -0.07052017003297806, -0.026835154742002487, -0.008321399800479412, -0.10536668449640274, 0.02503761649131775, -0.07145071029663086, 0.02448803186416626, -0.014033358544111252, 0.04121921956539154, -0.036353010684251785, 0.019236605614423752, -0.00267046969383955, 0.04267127811908722, -0.04345861077308655, 0.006008504889905453, -0.03053681179881096, -0.047253333032131195, -0.004177358001470566, -0.002094752388074994, 0.10093456506729126, 0.04499373212456703, -0.04034621641039848, -0.03570609912276268, -0.005847108084708452, 0.019609685987234116, 0.08973674476146698, -0.05618220567703247, 0.042179178446531296, -0.10194118320941925, 0.042282793670892715, -0.09332932531833649, -0.03827777877449989, 0.03349187225103378, -0.005118907429277897, 0.025698930025100708, 0.006461928132921457, -0.013805422000586987, 0.002318271668627858, 0.0705995038151741, 0.06746732443571091, 0.0015502809546887875, 0.04041401669383049, 0.026187384501099586, -0.016392618417739868, 0.02981802262365818, -0.06887926161289215, -0.03503570705652237, 0.02758152037858963, -0.03734521567821503, -0.0026734485290944576, 0.021058518439531326, 0.03462684899568558, 0.009382642805576324, -0.06700335443019867, -0.03557346388697624, -0.01184042263776064, 0.05490387603640556, 0.06693198531866074, -0.050839614123106, -0.03971846029162407, -0.06971201300621033, 0.020294329151511192, -0.01792394369840622, -0.0616178996860981, 0.051882997155189514, -0.051537707448005676, -0.08202644437551498, -0.07540012896060944, 0.07713843137025833, -0.06758791953325272, -0.0055853878147900105, 0.008794219233095646, -0.021852940320968628, -0.0736541897058487, -0.04334859922528267, -0.01530371978878975, 0.011857203207910061, -0.06655056029558182]"
45,Wikipedia & Web Search for Afghanistan,"ing the first time the country participated since the Taliban's return to power in 2021. Afghanistan had been barred from previous summits due to the lack of global recognition of the Taliban regime. In May 2025, Iran ordered the mass deportation of an estimated 4 million Afghan migrants and refugees. 
The 2025–2026 hunger crisis in Afghanistan is one of the world's most severe, with over 17 million people—one-third of the population—requiring urgent food assistance. Driven by persistent drought, economic collapse, and massive refugee returns, the crisis has left over 4.9 million children and women needing malnutrition treatment.

Geography
Afghanistan is located in Southern-Central Asia. Th","[-0.07079991698265076, 0.024966320022940636, -0.01430995762348175, 0.022813444957137108, 0.011890795081853867, 0.011968460865318775, -0.01277120504528284, -0.07631334662437439, -0.010836904868483543, 0.04612680524587631, 0.015042301267385483, 0.050649624317884445, 0.05476611480116844, -0.034593693912029266, -0.026330377906560898, -0.0023251876700669527, -0.016263579949736595, -0.12765713036060333, -0.004559924826025963, -0.043111395090818405, -0.04447682201862335, -0.0667632445693016, 0.05997880548238754, 0.036415956914424896, 0.13192059099674225, -0.05162949487566948, 0.02508094348013401, -0.0407734215259552, -0.039776381105184555, -0.032721977680921555, -0.029948415234684944, -0.017375631257891655, -0.020534327253699303, 0.08388534188270569, 0.030137790367007256, 0.09472505003213882, 0.038353320211172104, 0.040627509355545044, 0.04697655513882637, 0.06332818418741226, 0.08153382688760757, 0.013553782366216183, 0.01717638224363327, 0.031223377212882042, 0.05125676095485687, -0.024080727249383926, -0.06946783512830734, -0.03115476481616497, -0.042829155921936035, 0.051976725459098816, 0.059054192155599594, 0.08809679001569748, 0.009773575700819492, 0.012323967181146145, 0.0523257814347744, -0.08467986434698105, -0.04095517471432686, -0.019086752086877823, -0.025199975818395615, 0.05591971054673195, -0.015890467911958694, 0.016884125769138336, -0.06231249123811722, -0.004697383381426334, -0.06296739727258682, -0.01891588419675827, 0.06753689795732498, -0.05768671631813049, 0.03178539127111435, 0.04747279733419418, 0.006212025880813599, 0.062078796327114105, -0.03674716129899025, -0.05702945217490196, -0.03102332539856434, -0.09578859806060791, 0.031094741076231003, 0.0630294680595398, -0.017044568434357643, 0.03827045112848282, 0.08053998649120331, 0.08578802645206451, 0.09640568494796753, -0.06360137462615967, -0.024469483643770218, -0.05345146730542183, -0.06584055721759796, -0.009789089672267437, 0.054784003645181656, -0.06043750420212746, 0.007654932327568531, 0.03239591419696808, 0.056117549538612366, 0.06335388123989105, 0.019351115450263023, 0.06970984488725662, 0.05319970101118088, -0.020415030419826508, -0.05587628111243248, -0.00019314595556352288, 0.010832983069121838, 0.008077413775026798, 0.06080739200115204, -0.026193782687187195, -0.019646039232611656, 0.011100581847131252, -0.039900027215480804, -0.04287229850888252, -0.07505830377340317, 0.030749186873435974, -0.0086808567866683, -0.00398620730265975, 0.01092048641294241, 0.02022997848689556, -0.013306654058396816, -0.04013877734541893, -0.0041366261430084705, 0.0012494835536926985, -0.006712505593895912, 0.004130471032112837, 0.005489368923008442, -0.007081614341586828, 0.026717452332377434, -0.05029565095901489, 0.012565379031002522, 0.04665273800492287, 0.006570306606590748, 0.05266611650586128, -0.03332372009754181, -0.11050336807966232, -0.03922863304615021, 0.03876229375600815, -0.11278901249170303, -0.017569957301020622, 0.019377892836928368, -0.06423983722925186, -0.023102475330233574, 0.0008889337186701596, -0.04360558092594147, -0.05517962574958801, 0.03201012685894966, 0.050111524760723114, 0.0038477149792015553, -0.02591877244412899, -0.029048308730125427, 0.07386333495378494, 0.0868578776717186, 0.005721316207200289, -0.04382176697254181, -0.02249087393283844, 0.09559160470962524, -0.05065147578716278, 0.02182357758283615, 0.01799044758081436, 0.022565053775906563, -0.025846125558018684, -0.013259133324027061, 0.009166635572910309, 0.10937459766864777, 0.051102165132761, -0.05943811684846878, -0.10777576267719269, -0.03780690208077431, -0.041129447519779205, 0.0071113621816039085, -0.007574707735329866, -0.07623757421970367, -0.06790152937173843, 0.008111533708870411, 0.029744459316134453, -0.021566608920693398, -0.0491272509098053, 0.07036657631397247, 0.03507966548204422, 0.016278961673378944, -0.019717372953891754, 0.003242041217163205, -0.059980615973472595, 0.0064594941213727, 0.051812298595905304, -0.01233655959367752, -0.05448363348841667, -0.02955290861427784, 0.017992470413446426, 0.0069845509715378284, 0.019824963063001633, 0.015789611265063286, 0.07284528017044067, 0.02413894794881344, -0.06371210515499115, -0.03028804250061512, 0.02365998923778534, 0.11533444374799728, -0.025089940056204796, -0.01300717517733574, 0.012808244675397873, 0.006278318352997303, 0.08768812566995621, 0.0657244548201561, -0.06470787525177002, -0.15161021053791046, 0.018680671229958534, -0.036496471613645554, -0.04562637582421303, 0.11059261113405228, -0.04825703799724579, 0.06725221872329712, -0.06430964171886444, 0.052191559225320816, -0.0496254563331604, 0.0938936173915863, 0.07026051729917526, -0.01942337118089199, 0.044898953288793564, -0.004405871964991093, -0.04100184515118599, 0.02488008700311184, 0.004931585397571325, -0.06689310073852539, 0.07865557074546814, -0.0069086747244000435, 0.013950505293905735, 0.06437274813652039, -0.02915954776108265, 0.008659878745675087, 0.011504782363772392, 0.005645855329930782, 0.005718436557799578, 0.020677516236901283, 0.03409426286816597, -0.007725924253463745, 0.008149771019816399, 0.0044169239699840546, 0.13414350152015686, 0.017765237018465996, -0.028293821960687637, 0.10218535363674164, 0.03207443282008171, -0.004327676258981228, 0.029795607551932335, 0.023556461557745934, -0.02209615334868431, 0.051147669553756714, -0.0008315403829328716, -0.035064101219177246, -0.001933182473294437, -0.05843685194849968, -0.026514003053307533, -0.050427064299583435, -0.029498450458049774, -0.005522226449102163, -0.06038470193743706, -0.068740114569664, -0.13767454028129578, 0.06878282129764557, 0.0017409900901839137, -0.049632150679826736, 0.05414697155356407, 0.043452437967061996, 0.03674344718456268, -0.0576622299849987, 0.012073618359863758, -0.0050310371443629265, 0.05770092085003853, 0.07197145372629166, -0.025183362886309624, 0.006406256463378668, -0.016981901600956917, -0.01005637552589178, 0.049837350845336914, 0.06955793499946594, -0.045395683497190475, 0.05168986693024635, -0.07265058904886246, 0.05737217888236046, 0.05969390645623207, -0.04960884898900986, -0.01803731359541416, 0.05575728043913841, 0.00500524090602994, -0.02081248164176941, -0.02532905340194702, 0.06048239767551422, -0.07884882390499115, -0.0969463661313057, -0.044287268072366714, 0.041353363543748856, -0.02208627387881279, -0.012056438252329826, 0.007620136719197035, 0.01635211706161499, -0.052448589354753494, 0.016048595309257507, 0.043251629918813705, 0.03821934387087822, -0.03856857866048813, -0.0766739696264267, 0.028819972649216652, 0.04049589857459068, 0.12867803871631622, 0.011790138669312, 0.05057010054588318, -0.026641082018613815, 0.005632640328258276, -0.039758261293172836, 0.08881240338087082, -0.02636929787695408, 0.0052362061105668545, 0.049947772175073624, -0.08177056163549423, 0.04878363758325577, -0.08757072687149048, 0.012694993056356907, 0.0454665906727314, 0.045341607183218, -0.07641710340976715, -0.012125980108976364, 0.02614148147404194, 0.040868256241083145, -0.09728612005710602, 0.04632093012332916, 0.06109648197889328, -0.05583667382597923, 0.0939050018787384, -0.027320589870214462, 0.08381005376577377, 0.0879162847995758, -0.03545902296900749, -0.03446973115205765, 0.0024552810937166214, -0.011513400822877884, 0.10785865038633347, 0.016758952289819717, -0.03170434758067131, -0.14997494220733643, -0.009654000401496887, -0.10832471400499344, 0.002419271506369114, -0.01850508525967598, -0.04414762184023857, 0.06639445573091507, 0.04306308180093765, 0.003822119440883398, -0.033499062061309814, 0.04101984575390816, 0.05375591292977333, 0.028184477239847183, 0.07208086550235748, 0.02437174692749977, -0.0026981965638697147, -0.006027877796441317, -0.08745130896568298, -0.018953032791614532, -0.03570828214287758, -0.01725642755627632, 0.003985587041825056, -0.06000867113471031, 0.021089304238557816, 0.042141590267419815, -0.1296256184577942, -0.028788547962903976, 0.022299954667687416, 0.08077040314674377, 0.0696159079670906, -0.08513397723436356, -0.029676515609025955, -0.11729679256677628, 0.0022392950486391783, 0.024674244225025177, 0.006890249904245138, 0.0502002127468586, -0.0565200038254261, -0.020642288029193878, -0.02663361467421055, 0.061159271746873856, -0.04253413900732994, -0.01525801420211792, -0.009601175785064697, -0.018615692853927612, -0.08341092616319656, -0.01063016802072525, -0.05202219635248184, -0.014089992269873619, -0.07269257307052612]"
46,Wikipedia & Web Search for Afghanistan,"e region centered in Afghanistan is considered the ""crossroads of Asia"", and the country has had the nickname Heart of Asia. The renowned Urdu poet Allama Iqbal once wrote about the country:

Asia is a body of water and earth, of which the Afghan nation is the heart. From its discord, the discord of Asia; and from its accord, the accord of Asia.
At over 652,864 km2 (252,072 sq mi), Afghanistan is the world's 41st largest country. It is slightly bigger than France and smaller than Myanmar, and about the size of Texas in the United States. There is no coastline, as Afghanistan is landlocked. Afghanistan shares its longest land border (the Durand Line) with Pakistan to the east and south, follo","[0.04827927425503731, -0.043107885867357254, 0.04921337962150574, 0.04502656310796738, -0.0012039841385558248, -0.023486699908971786, -0.004537558648735285, -0.00654849736019969, 0.011272450909018517, 0.0021225351374596357, 0.007848511449992657, -0.06667307764291763, 0.08025988936424255, -0.02140437252819538, -0.02792672999203205, 0.017116975039243698, -0.013005419634282589, -0.12175355106592178, 0.048581406474113464, -0.12437565624713898, -0.0041356333531439304, 0.01606621779501438, 0.05282680317759514, -0.018306586891412735, 0.032372914254665375, -0.018092092126607895, 0.017034482210874557, -0.0453798733651638, -0.012278500013053417, -0.0009064397308975458, 0.06798026710748672, -0.011935226619243622, 0.012121105566620827, 0.10050487518310547, -0.026210881769657135, 0.07856118679046631, -0.056454919278621674, 0.03430677205324173, -0.014324204064905643, -0.052852194756269455, 0.060298189520835876, -0.05129889398813248, 0.13049404323101044, 0.005187126807868481, 0.056045450270175934, 0.057851456105709076, -0.0016962995287030935, 0.004340045154094696, -0.019927095621824265, 0.01851198822259903, 0.05487445741891861, 0.01336474996060133, -0.0464700311422348, 0.01890268735587597, 0.000623288273345679, 0.030222952365875244, -0.018569201231002808, 0.03319856524467468, -0.1083340272307396, 0.04526766389608383, -0.0029239950235933065, 0.038605909794569016, 0.03413672372698784, 0.029780147597193718, -0.04817536845803261, -0.058131143450737, 0.07680852711200714, 0.05150286480784416, -0.05950327217578888, -0.011836723424494267, 0.08515714108943939, -0.03356088325381279, -0.04452567175030708, -0.05403926596045494, -0.02021072246134281, -0.01707109808921814, -0.03549294173717499, 0.1479564607143402, 0.010420843958854675, 0.05090654268860817, 0.07063212990760803, 0.11429797112941742, 0.04603690654039383, 0.028964977711439133, -0.03019747883081436, -0.043290093541145325, 0.043904367834329605, -0.04618064686655998, 0.03402864187955856, -0.045569151639938354, 0.0696972906589508, 0.016536029055714607, 0.008772151544690132, 0.07174777239561081, 0.04818563163280487, -0.010650058276951313, -0.011242503300309181, -0.018486902117729187, -0.06191316619515419, -0.01238270103931427, 0.09388009458780289, 0.059038590639829636, -0.004492717795073986, 0.0039816731587052345, 0.07329200208187103, 0.09404019266366959, -0.011232643388211727, -0.006907742004841566, -0.009436781518161297, 0.006651258561760187, -0.04867015406489372, -0.10308104008436203, -0.0730241909623146, -0.040015749633312225, -0.030080540105700493, -0.09497518092393875, 0.03671954199671745, -0.0018917244160547853, 0.0035508053842931986, -0.0796303004026413, -0.06584452092647552, -0.006748893763870001, 0.02092883549630642, 0.027024604380130768, 0.06220344826579094, -0.02155628614127636, -0.03820411115884781, -0.005142959300428629, 0.014682210981845856, -0.08247042447328568, -0.021337077021598816, -0.0011079823598265648, -0.12533403933048248, 0.013096998445689678, 0.08296043425798416, -0.05727960914373398, 0.0005965277669019997, -0.03703157231211662, -0.1052599623799324, -0.006906565744429827, -0.025487646460533142, 0.01304872427135706, -0.004521923139691353, -0.05326663330197334, -0.09697636216878891, 0.09731857478618622, -0.10831079632043839, 0.03541215509176254, -0.03248617425560951, 0.0644843652844429, 0.03571540489792824, -0.13361765444278717, -0.0289516132324934, 0.03906157985329628, 0.03389498591423035, -0.009297310374677181, -0.024261316284537315, 0.02541469968855381, 0.01366163045167923, 0.006530257407575846, -0.05082951858639717, -0.04987068101763725, -0.05590328201651573, -0.00022490248375106603, -0.012429698370397091, 0.0036841651890426874, -0.1279456913471222, -0.049289923161268234, 0.027203083038330078, 0.05140906944870949, -0.04747254401445389, -0.044557780027389526, 0.13790111243724823, 0.07491618394851685, -0.0453706756234169, -0.04977802932262421, 0.03391293063759804, 0.025974057614803314, -0.021031545475125313, 0.023153064772486687, 0.03376833721995354, -0.033072955906391144, 0.03983687981963158, 0.04653865471482277, 0.03745127096772194, 0.03633040934801102, 0.044859565794467926, 0.04456392303109169, -0.004220990464091301, -0.0245736725628376, 0.04434841871261597, -0.004089830908924341, 0.07833004742860794, -0.010816162452101707, -0.024721331894397736, 0.0186749454587698, 0.006110777612775564, 0.11666228622198105, 0.007742420304566622, -0.05658838152885437, 0.010974323377013206, 0.122124582529068, -0.08167003095149994, -0.02031969465315342, 0.04318110644817352, -0.014746453613042831, 0.09007175266742706, 0.0748581737279892, -0.08432028442621231, 0.08105801045894623, 0.06125984713435173, -0.014014882035553455, -0.06596935540437698, -0.023438530042767525, -0.04299741983413696, -0.034544430673122406, -0.012580884620547295, 0.004189820494502783, -0.08899620175361633, 0.03727913647890091, 0.012663722038269043, -0.03006862662732601, 0.04025537148118019, -0.05325128883123398, -0.029334239661693573, -0.06119269132614136, -0.0567108578979969, 0.012522172182798386, -0.04607166349887848, 0.027667947113513947, 0.03670652583241463, 0.019426679238677025, -0.01712646149098873, 0.08339709788560867, 0.0004637952661141753, -0.039745789021253586, 0.07918023318052292, -0.05570979416370392, 0.026092471554875374, 0.0027677363250404596, 0.08581575006246567, -0.0342322438955307, 0.0060854447074234486, 0.04498191177845001, -0.02439579926431179, -0.09764771163463593, -0.006023036781698465, 0.047131601721048355, -0.061345987021923065, -0.009846258908510208, -0.0095167625695467, -0.08035479485988617, -0.07069914042949677, -0.0002691000699996948, 0.06165638938546181, -0.002267050789669156, -0.06044962629675865, 0.06886940449476242, 0.048701945692300797, -0.03089212067425251, -0.052393730729818344, -0.03301398828625679, -0.018928656354546547, -0.013029963709414005, 0.013433977961540222, 0.029205940663814545, 0.06081220507621765, 0.007244102656841278, -0.04342823103070259, 0.04983053356409073, -0.00847152154892683, 0.09272796660661697, -0.015256037935614586, -0.08427095413208008, -0.028484197333455086, 0.04749293625354767, 0.07785503566265106, -0.11624084413051605, 0.09411060065031052, 0.02215644158422947, -0.03376723453402519, 0.03228721767663956, -0.024521159008145332, -0.0481017604470253, -0.039839427918195724, -0.04139208048582077, 0.03428567945957184, 0.029698243364691734, -0.035032812505960464, 0.013224205933511257, 0.036026034504175186, 0.004823548253625631, -0.03564365580677986, 0.03189326822757721, 0.018635669723153114, 0.007676253095269203, -0.11000808328390121, 0.06404414772987366, 0.06006491929292679, 0.13119570910930634, 0.05268986523151398, 0.02004881389439106, -0.021613357588648796, -0.03613663464784622, -0.04508408531546593, 0.1076393648982048, -0.007027043029665947, -0.06298838555812836, 0.023642469197511673, -0.009720245376229286, -0.10975304245948792, -0.08173288404941559, -0.04189218953251839, 0.02383054979145527, 0.004106028936803341, 0.03684466332197189, -0.04424886405467987, 0.03486848250031471, -0.04685796797275543, -0.0728413313627243, -0.057613663375377655, -0.035062532871961594, -0.020781278610229492, 0.003978883381932974, -0.05046883597970009, 0.10407858341932297, 0.017890427261590958, -0.04672706127166748, 0.021078800782561302, 0.010972093790769577, 0.05091264843940735, 0.08441378176212311, -0.11126759648323059, 0.029865285381674767, -0.051419299095869064, -0.02273920178413391, -0.06744376569986343, -0.011656400747597218, 0.037427518516778946, 0.030293265357613564, 0.07246121019124985, -0.039062660187482834, -0.04833772033452988, -0.05140066519379616, 0.07348065823316574, 0.00490280007943511, 0.0033884516451507807, 0.03143172711133957, -0.004112856462597847, -0.012575672008097172, 0.1031462624669075, -0.021068010479211807, -0.05237269029021263, -0.023565521463751793, -0.03133339062333107, -0.025047048926353455, -0.013133887201547623, -0.020628999918699265, -0.008347591385245323, 0.03150947391986847, -0.0140908258035779, -0.011602190323174, 0.10164783149957657, -0.011701041832566261, 0.028618576005101204, 0.06756491959095001, -0.008433172479271889, 0.03281909599900246, 0.010079211555421352, 0.017672080546617508, 0.010566445998847485, 0.0012965732021257281, -0.012755552306771278, -0.0008753705769777298, 0.012638840824365616, -0.0018867405597120523, -0.02318408153951168, -0.06921175122261047, -0.05233067274093628, -0.026265844702720642, -0.01866927370429039, -0.00870606116950512, 0.0019916044548153877, 0.034195832908153534]"
47,Wikipedia & Web Search for Afghanistan,"wed by borders with Tajikistan to the northeast, Iran to the west, Turkmenistan to the north-west, Uzbekistan to the north, and China to the far northeast; India claims a border with Afghanistan through Pakistani-administered Kashmir. Clockwise from south-west, Afghanistan shares borders with the Sistan and Baluchestan Province, South Khorasan Province, and Razavi Khorasan Province of Iran; Ahal Region, Mary Region, and Lebap Region of Turkmenistan; Surxondaryo Region of Uzbekistan; Khatlon Region and Gorno-Badakhshan Autonomous Region of Tajikistan; Xinjiang Uyghur Autonomous Region of China; and the Gilgit-Baltistan territory, Khyber Pakhtunkhwa province, and Balochistan province of Pakist","[0.06095077842473984, -0.07399232685565948, 0.037525348365306854, 0.0036499600391834974, 0.025774965062737465, 0.035947199910879135, -0.007963450625538826, -0.05329672992229462, -0.018310392275452614, -0.037562452256679535, -0.016074055805802345, -0.06150730699300766, 0.004072765354067087, -0.020131388679146767, 0.010703171603381634, 0.012624021619558334, -0.03154853358864784, -0.08601902425289154, 0.0030296361073851585, -0.07859551161527634, -0.04201255366206169, -0.0258866548538208, -0.01604299619793892, -0.05085564777255058, 0.04676913470029831, -0.03389394283294678, 0.0791226476430893, -0.046340182423591614, -0.017303302884101868, -0.041185248643159866, 0.012074493803083897, 0.03491855040192604, -0.16254758834838867, 0.061039675027132034, -0.0015949560329318047, 0.017197638750076294, -0.012279944494366646, 0.0500650554895401, 0.1242649257183075, -0.00420466298237443, 0.09717919677495956, -0.017566082999110222, 0.09187540411949158, 0.008490800857543945, -0.004899308085441589, -0.011413360014557838, 0.007641741074621677, 0.05817004665732384, -0.01781194843351841, 0.016948644071817398, 0.06763319671154022, 0.06462254375219345, -0.04362764582037926, 0.07100199162960052, -0.01262599416077137, -0.020345130935311317, -0.014842844568192959, 0.04253816604614258, -0.07185202836990356, 0.07844481617212296, 0.036200739443302155, 0.05967702344059944, 0.02622564136981964, -0.039835624396800995, -0.12479662150144577, -0.06436619907617569, 0.11404973268508911, 0.027059296146035194, -0.018975375220179558, -0.026700181886553764, -0.03221829608082771, 0.036183055490255356, -0.056861672550439835, -0.024169065058231354, 0.013337749056518078, 0.008631647564470768, 0.001286753686144948, 0.12193655222654343, -0.058347225189208984, -0.043964460492134094, 0.0014179603895172477, 0.0999244675040245, 0.06680367887020111, -0.012984059751033783, -0.036402199417352676, -0.029741253703832626, -0.005787198431789875, -0.017843497917056084, 0.04966602474451065, -0.025027252733707428, 0.08194207400083542, -0.016122357919812202, -0.004866325296461582, 0.07664724439382553, -0.014366937801241875, 0.059476468712091446, 0.03248314931988716, -0.015392518602311611, -0.0346541553735733, -0.0010430876864120364, 0.04847797378897667, 0.037423860281705856, -0.05182512849569321, 0.040601059794425964, 0.029754508286714554, 0.026673709973692894, -0.08220601826906204, -0.0012536608846858144, -0.04084157571196556, -0.03309277445077896, -0.04489929974079132, 0.0034793694503605366, -0.0565447136759758, -0.045212581753730774, -0.0529470220208168, -0.062015682458877563, 0.019609883427619934, 0.00577646354213357, 0.016758983954787254, -0.05352172255516052, -0.06682516634464264, 0.07316873967647552, 0.027008511126041412, 0.04594077914953232, 0.08741328120231628, -0.005842049606144428, -0.029626302421092987, 0.00030727931880392134, 0.07307818531990051, -0.0821014866232872, 0.0575169213116169, 0.04243230074644089, -0.13745081424713135, 0.06359188258647919, 0.04853597655892372, -0.0018493558745831251, -0.02001092955470085, -0.04899058863520622, -0.07143815606832504, -0.051480650901794434, 0.004356997553259134, -0.06349041312932968, 0.09606590121984482, -0.00715062627568841, -0.038377802819013596, 0.02287631668150425, -0.04615135118365288, 0.09262615442276001, -0.04656051844358444, 0.04217452555894852, 0.01085994578897953, -0.06779497861862183, -0.061002202332019806, 0.030935676768422127, 0.022078871726989746, 0.01849508471786976, -0.013797339983284473, 0.02662196196615696, 0.031010832637548447, -0.056627750396728516, -0.03416702151298523, -0.03387558087706566, -0.06078747287392616, 0.011571276932954788, -0.0913321003317833, -0.03352958709001541, -0.09291485697031021, -0.03068670816719532, -0.028370380401611328, -0.04743301868438721, -0.0397464819252491, -0.013665893115103245, 0.12914332747459412, 0.01982523500919342, 0.012480038218200207, -0.002782584633678198, -0.07176221907138824, 0.02473314478993416, -0.015878725796937943, 0.02790856920182705, 0.014291292987763882, -0.07904917746782303, -0.04675119370222092, 0.03187072277069092, -0.014404318295419216, 0.010553766041994095, 0.04780476912856102, 0.09563694894313812, -0.018026569858193398, -0.09019552916288376, -0.03240976855158806, -0.01867278665304184, 0.03558782488107681, -0.061625707894563675, 0.011768832802772522, -0.03466033935546875, 0.0070454939268529415, 0.06579241901636124, -0.007112338673323393, -0.005006362218409777, 0.027416804805397987, 0.1178240105509758, -0.055145833641290665, 0.04043726250529289, -0.02596786618232727, 0.03241390734910965, 0.07702940702438354, -0.015060643665492535, 0.006188057363033295, 0.039215072989463806, 0.029864966869354248, -0.014202341437339783, -0.008605186827480793, -0.06868498772382736, 0.003023579018190503, -0.08439873158931732, -0.04530128091573715, -0.04648451507091522, -0.02404014952480793, 0.058124128729104996, 0.03620772436261177, -0.04541926831007004, 0.08338851481676102, -0.001823844970203936, -0.011405413039028645, -0.017909198999404907, -0.0243143979460001, -0.011942853219807148, -0.07870785146951675, 0.054360274225473404, 0.08496984094381332, 0.042555052787065506, -0.05750172585248947, 0.104567751288414, 0.046593841165304184, -0.019980264827609062, 0.08929022401571274, -0.014810869470238686, -0.07262406498193741, 0.017931053414940834, 0.011089544743299484, 0.02843916229903698, 0.07414863258600235, -0.02856532484292984, -0.030786927789449692, -0.034377556294202805, -0.02380589209496975, 0.002803175477311015, -0.021243713796138763, 0.0387827530503273, 0.0064180451445281506, -0.14052748680114746, -0.0223050806671381, 0.06321261078119278, 0.07708658277988434, -0.022473886609077454, -0.10099943727254868, 0.051900092512369156, 0.06682319939136505, -0.10471899062395096, -0.05564789101481438, 0.050963547080755234, 0.06243423372507095, 0.02461262233555317, 0.031513456255197525, 0.038443949073553085, 0.08360238373279572, 0.01214718259871006, 0.004001685883849859, 0.014714211225509644, -0.08850546926259995, 0.08013571798801422, -0.03141797333955765, -0.03675692155957222, 0.01818762719631195, 0.05262835696339607, 0.0821380764245987, -0.09671943634748459, 0.1084715947508812, 0.002621521009132266, -0.034590624272823334, -0.010646925307810307, 0.042230274528265, -0.054753728210926056, -0.027883516624569893, 0.010960946790874004, 0.0904105007648468, 0.001753359567373991, -0.028993336483836174, -0.0008602500311098993, -0.0010459366021677852, -0.03049507737159729, 0.07247909158468246, -0.00930692721158266, 0.03703513741493225, -0.03516753390431404, -0.07054226845502853, 0.03088271990418434, 0.03191899508237839, 0.11770377308130264, 0.05318409204483032, -0.012699378654360771, -0.05618511140346527, 0.061343707144260406, -0.01178722269833088, 0.0755823403596878, -0.027093257755041122, 0.013638366013765335, 0.00653013214468956, 0.014307447709143162, -0.008841944858431816, -0.002971934387460351, 0.10933920741081238, -0.08018281310796738, -0.026328925043344498, 0.018551494926214218, 0.022632494568824768, -0.015728676691651344, 0.07725133001804352, -0.031427375972270966, -0.004609433468431234, -0.06821142882108688, -0.10523619502782822, -0.020516937598586082, -0.10179327428340912, 0.08840624988079071, -0.025917978957295418, -0.026986069977283478, 0.0263068825006485, 0.08850831538438797, 0.007017035037279129, 0.10185769945383072, -0.07429671287536621, 0.029795099049806595, -0.016204869374632835, 0.006659325212240219, -0.06826673448085785, -0.036639582365751266, 0.031737443059682846, -0.0009988292586058378, -0.06324907392263412, -0.020857665687799454, -0.0008495624060742557, 0.05216144025325775, 0.07079550623893738, 0.02953973598778248, -0.03991219028830528, -0.016113225370645523, 0.05351272225379944, 0.018040170893073082, 0.041303616017103195, -0.057462017983198166, -0.01509728841483593, -0.02022426389157772, 0.00038105176645331085, 0.00955202803015709, -0.0937865599989891, -0.019372163340449333, 0.01926618441939354, -0.0020294608548283577, 0.023876653984189034, -0.0170432198792696, 0.08901765197515488, 0.008965685032308102, 0.08935756236314774, -0.07718556374311447, 0.005862722173333168, -0.014443418942391872, -0.045414868742227554, 0.020983634516596794, 0.01494593359529972, -0.032841235399246216, -0.020273420959711075, -0.03357408195734024, -0.01498897559940815, -0.04735426604747772, -0.044254936277866364, -0.00610809912905097, 0.03442295268177986, -0.016980022192001343, -0.052842751145362854, 0.06511615216732025, 0.022959312424063683, -0.006720044184476137]"
48,Wikipedia & Web Search for Afghanistan,"an.

The geography in Afghanistan is varied, but is mostly mountainous and rugged, with some unusual mountain ridges accompanied by plateaus and river basins. It is dominated by the Hindu Kush range, the western extension of the Himalayas that stretches to eastern Tibet via the Pamir Mountains and Karakoram Mountains in Afghanistan's far north-east. Most of the highest points are in the east, consisting of fertile mountain valleys, often considered part of the ""Roof of the World"". The Hindu Kush ends at the west-central highlands, creating plains in the north and southwest, namely the Turkestan Plains and the Sistan Basin; these two regions consist of rolling grasslands and semi-deserts, as ","[0.04403354600071907, -0.04643859341740608, 0.044235650449991226, 0.05465548112988472, -0.007988715544342995, -0.040228698402643204, -0.021309562027454376, -0.05830042064189911, 0.014988996088504791, -0.08276693522930145, 0.012818912044167519, -0.05842776224017143, 0.03407963365316391, -0.018655838444828987, 0.0009196259779855609, 0.008400065824389458, 0.01559832226485014, -0.056796878576278687, 0.05570695921778679, -0.10401986539363861, -0.011182270012795925, -0.021779395639896393, 0.09432284533977509, -0.024513542652130127, 0.060071516782045364, -0.0862855464220047, 0.016513993963599205, -0.024888234212994576, -0.012654931284487247, -0.018715493381023407, 0.025808656588196754, -0.007370085455477238, -0.08009729534387589, 0.04732654243707657, -0.06742546707391739, 0.08530405163764954, -0.020173748955130577, 0.04881878197193146, 0.09129155427217484, 0.030705468729138374, 0.05254451930522919, -0.009202120825648308, 0.09525099396705627, -0.037846360355615616, 0.004158639814704657, 0.05924083665013313, -0.009122422896325588, -0.01361854001879692, -0.0430469885468483, -0.010840973816812038, 0.034359656274318695, 0.032321736216545105, -0.04902470111846924, 0.041680991649627686, -0.022542346268892288, 0.0017915102653205395, 0.034975625574588776, 0.046490173786878586, -0.06115981191396713, 0.11173702776432037, -0.012020383030176163, 0.029001912102103233, 0.007908024825155735, -0.008392964489758015, -0.05076482519507408, -0.03619423508644104, 0.094342440366745, 0.025515925139188766, -0.06574040651321411, -0.04795713350176811, 0.013562072068452835, 0.020319068804383278, -0.034403663128614426, -0.042600493878126144, 0.045645229518413544, -0.060570236295461655, -0.03819509968161583, 0.12651830911636353, -0.04004621505737305, 0.01440709549933672, 0.10772754997015, 0.06503092497587204, 0.06160504370927811, 0.006121381651610136, 0.005117031745612621, -0.04951329529285431, -0.011873353272676468, -0.04475469887256622, 0.0057492945343256, -0.0007137943175621331, 0.12157438695430756, -0.017452621832489967, -0.051562439650297165, 0.13538047671318054, 0.031145844608545303, 0.08208788931369781, 0.04062550142407417, -0.07753639668226242, -0.01446085050702095, 0.02528751641511917, 0.04222089797258377, -0.02237529121339321, -0.007223859895020723, 0.03910107538104057, 0.08263653516769409, 0.027723681181669235, -0.017172617837786674, -0.022387271746993065, -0.07604514807462692, 0.03297591209411621, -0.01083032414317131, -0.049042414873838425, -0.06483226269483566, -0.0677124485373497, 0.00991214718669653, -0.12450037151575089, 0.027946334332227707, 0.055661559104919434, -0.06662899255752563, -0.09198804199695587, -0.0944133922457695, -0.01217660028487444, 0.04641178250312805, 0.09565312415361404, 0.07557734847068787, 0.012053828686475754, -0.034146372228860855, 0.01671391725540161, 0.030269453302025795, -0.09005255252122879, -0.021898115053772926, 0.05460509657859802, -0.14395172894001007, 0.025694847106933594, 0.03979238122701645, -0.001710861106403172, 0.0034110574051737785, -0.04955950006842613, -0.03382119908928871, 0.006441327277570963, -0.0158263947814703, 0.022400693967938423, 0.11720117181539536, -0.01537561509758234, -0.08207082748413086, 0.059394095093011856, -0.08445106446743011, -0.004957260563969612, -0.05674286186695099, 0.009789315983653069, -0.022336961701512337, -0.10181567072868347, -0.009597512893378735, 0.01536963414400816, 0.05639950931072235, -0.004834541119635105, -0.09993089735507965, -0.006986772641539574, 0.051950495690107346, -0.018071867525577545, -0.10924486815929413, -0.09608353674411774, -0.01963217556476593, 0.028321627527475357, -0.04852716252207756, 0.007024882826954126, -0.1093609556555748, -0.02916552685201168, 0.06673447787761688, -0.03178705275058746, -0.04671517014503479, -0.007514885161072016, 0.12478361278772354, 0.08025083690881729, 0.06224757432937622, 0.03572755306959152, -0.08989301323890686, -0.02384118363261223, -0.03195440024137497, 0.03664770349860191, 0.026141028851270676, -0.05655902624130249, 0.02781178057193756, 0.08934043347835541, 0.03300147131085396, -0.0039609805680811405, 0.042638733983039856, 0.06194744259119034, 0.0219369288533926, -0.01004392746835947, -0.025471294298768044, -0.012813991867005825, -0.00955085176974535, -0.06244860216975212, -0.03155358508229256, 0.01717681810259819, 0.013309686444699764, 0.1411488652229309, 0.01567029394209385, -0.05636268109083176, -0.02285727486014366, 0.08507522940635681, -0.05537305399775505, -0.019088085740804672, -0.03441104665398598, -0.006183898076415062, 0.09955209493637085, 0.008631342090666294, -0.015053723007440567, 0.07322756201028824, 0.0495261549949646, 0.019528744742274284, -0.019850164651870728, 0.01711130142211914, 0.004707897547632456, -0.061286866664886475, -0.07660098373889923, -0.03859560564160347, -0.07450026273727417, 0.10299956053495407, -0.014056959189474583, -6.04637352807913e-05, 0.06011547893285751, -0.016790086403489113, 0.01761006750166416, 0.02095489390194416, -0.015136527828872204, 0.04387805238366127, -0.05697276070713997, 0.01622583344578743, 0.04677610471844673, 0.0015873699449002743, -0.039031900465488434, 0.0938040092587471, -0.028999175876379013, -0.02533097378909588, 0.058986764401197433, -0.014614304527640343, 0.04306424409151077, -0.02160399779677391, -0.017834201455116272, -0.016995858401060104, 0.014138507656753063, 0.016695823520421982, -0.010923446156084538, -0.03181745484471321, 0.0015303597319871187, 0.0017937475349754095, -0.013044015504419804, 0.010792743414640427, -0.023322870954871178, -0.04076790809631348, -0.03332635015249252, -0.015527697280049324, 0.04087775945663452, 0.03148656710982323, -0.07511858642101288, 0.04970492422580719, 0.061236441135406494, -0.022617658600211143, -0.006201482843607664, -0.030553407967090607, 0.005034576170146465, 0.06675972044467926, 0.057329777628183365, 0.048883065581321716, 0.08104392886161804, 0.0003688588330987841, 0.012099484913051128, 0.009076893329620361, -0.0014447432477027178, 0.09289204329252243, -0.021534115076065063, -0.07544482499361038, -0.005433880258351564, 0.04561254009604454, 0.015972696244716644, -0.03584684059023857, 0.06662913411855698, -0.035555459558963776, -0.045811109244823456, 0.03373989835381508, 0.02782321348786354, -0.09217753261327744, -0.07036906480789185, -0.04304246976971626, 0.04011698439717293, 0.02208344265818596, -0.07647109031677246, -0.011787506751716137, 0.041665151715278625, -0.06950643658638, -0.02983572520315647, 0.04929596558213234, 0.019807785749435425, -0.04524075612425804, -0.01694617234170437, -0.006727212108671665, 0.02746783196926117, 0.10826258361339569, 0.1104518324136734, 0.05546591803431511, -0.043904270976781845, -0.05057171359658241, -0.013390596024692059, 0.08361547440290451, -0.0630975291132927, -0.04761456698179245, 0.015257257968187332, 0.034551218152046204, -0.04030365124344826, -0.03925849497318268, 0.005338136572390795, -0.02495649643242359, 0.004762824159115553, 0.008342944085597992, -0.016614951193332672, -0.01940363645553589, 0.024358781054615974, -0.02898445352911949, -0.054860927164554596, 0.005258742719888687, -0.040420688688755035, 0.0475587360560894, -0.09630417078733444, 0.0907851904630661, 0.007526669651269913, 0.00567062059417367, 0.02929956652224064, 0.008513280190527439, -0.00814638938754797, 0.12551924586296082, -0.059782881289720535, 0.07487607002258301, -0.027954190969467163, 0.043169133365154266, -0.08426298946142197, -0.02957545779645443, 0.06130886450409889, 0.03754836693406105, -0.011940225958824158, -0.04404715448617935, -0.05298345908522606, -0.009065269492566586, 0.03182442486286163, 0.007046608254313469, -0.04300360754132271, 0.01786723919212818, 0.07080363482236862, 0.006811112631112337, 0.0969943255186081, -0.05433270335197449, -0.005019572097808123, -0.02823519892990589, 0.05127289518713951, 0.017542831599712372, -0.07350680977106094, 0.0056142499670386314, -0.01358790136873722, -0.002018744358792901, -0.017380299046635628, -0.1250951588153839, 0.11143721640110016, 0.025596603751182556, 0.007176960818469524, 0.05417739227414131, 0.006264267954975367, 0.02518199197947979, -0.005148265045136213, 0.013857967220246792, -0.0010173378977924585, -0.02755303680896759, -0.04785580560564995, -0.06749540567398071, -0.05473242700099945, 0.04403121769428253, -0.0395970419049263, -0.0736846774816513, 0.005531654227524996, -0.0011786945397034287, -0.010318102315068245, -0.031474191695451736, -0.033069681376218796, -0.02912534587085247]"
49,Wikipedia & Web Search for Afghanistan,"well as hot, windy deserts, respectively. Forests exist in the corridor between the provinces of Nuristan and Paktika (see East Afghan montane conifer forests), and tundra in the northeast. The country's highest point is Noshaq, at 7,492 m (24,580 ft) above sea level. The lowest point is located in Jowzjan Province along the Amu River bank, at 258 m (846 ft) above sea level.

Despite having numerous rivers and reservoirs, large parts of the country are dry. The endorheic Sistan Basin is one of the world's driest regions. The Amu Darya rises in the north of the Hindu Kush, while the nearby Hari River flows west towards Herat, and the Arghandab River flows from the central region southwards. T","[0.06588435918092728, -0.010545644909143448, 0.08565440028905869, 0.051077306270599365, 0.020257901400327682, 0.012069115415215492, -0.03689360246062279, 0.04282417520880699, 0.01599113643169403, 0.006048145238310099, -0.002477469854056835, -0.11639322340488434, 0.04839612543582916, 0.062067221850156784, -0.06420408189296722, 0.017357246950268745, 0.10569397360086441, -0.03467500954866409, 0.10037050396203995, -0.05660749971866608, 0.08041581511497498, -0.02727193385362625, -0.03280818089842796, -0.05017595738172531, 0.034806590527296066, -0.07393673062324524, -0.068925641477108, 0.04955349117517471, 0.012353959493339062, 0.0006616711034439504, 0.039013925939798355, -0.03061658702790737, -0.06382672488689423, 0.04164430871605873, 0.02313949540257454, 0.04671326279640198, -0.0014532019849866629, 0.03736216202378273, 0.05728749930858612, 0.049864158034324646, 0.06027347221970558, -0.005635043140500784, 0.0771419107913971, 0.001544357044622302, 0.025806978344917297, -0.07760703563690186, -0.07488764822483063, -0.0571262389421463, -0.04881564527750015, -0.009227544069290161, -0.016114449128508568, 0.022424837574362755, -0.04657365754246712, 0.07432053238153458, -0.0011599655263125896, -0.016738828271627426, -0.01266255509108305, -0.021664902567863464, -0.04277229681611061, 0.08303955942392349, 0.05935545638203621, 0.05454687774181366, -0.028016772121191025, -0.07972175627946854, -0.015106363222002983, 0.022343289107084274, 0.0383126363158226, 0.049833185970783234, 0.0961652398109436, -0.054605722427368164, -0.03328798711299896, 0.022409582510590553, -0.052060458809137344, -0.06731532514095306, -0.07842043042182922, 0.02288825437426567, -0.05030485615134239, 0.12298357486724854, -0.059833504259586334, -0.04636639729142189, 0.051090583205223083, 0.021153880283236504, 0.0031022708863019943, -0.06262670457363129, -0.0030761761590838432, -0.0412914976477623, 0.056672949343919754, 0.0198056623339653, 0.009741639718413353, -0.03331014886498451, 0.09335584193468094, -0.011447216384112835, -0.06557837128639221, 0.07231605052947998, -0.009168707765638828, 0.021869434043765068, 0.02695467509329319, 0.009405036456882954, -0.03956778347492218, -0.02817041426897049, -0.0007944161770865321, 0.026041828095912933, -0.06761150807142258, -0.038783080875873566, 0.01755058579146862, 0.04634150117635727, 0.002170135732740164, 0.020863810554146767, -0.007141550071537495, 0.06239159032702446, -0.04445970803499222, -0.09618104249238968, -0.05238034948706627, 0.024831539019942284, -0.03143715858459473, -0.03612815961241722, 0.010597792454063892, 0.011805188842117786, -0.03213834762573242, -0.06191301718354225, -0.10085488110780716, 0.006262154784053564, 0.08819867670536041, 0.06958966702222824, 0.0961809977889061, -0.027487250044941902, -0.053990550339221954, 0.013492200523614883, 0.050585344433784485, -0.06867111474275589, 0.05042484775185585, -0.03164773806929588, -0.03767269849777222, 0.025123050436377525, -0.012730016373097897, -0.065513975918293, -0.017107989639043808, 0.06512864679098129, -0.017578208819031715, 0.02895834483206272, 0.017665313556790352, -0.03241097927093506, -0.018630672246217728, -0.03796183690428734, -0.053457800298929214, 0.032005347311496735, -0.07166729867458344, -0.04106449708342552, -0.022897368296980858, -0.0006438568234443665, -0.032285720109939575, -0.09628920257091522, 0.06750139594078064, 0.021813441067934036, -0.005346742924302816, 0.00114742002915591, -0.044589679688215256, -0.010108963586390018, 0.11563729494810104, -0.04284881427884102, -0.12552408874034882, -0.03626437485218048, -0.043643608689308167, -0.03920907527208328, -0.04936691001057625, 0.012463153339922428, -0.07778947800397873, -0.03629198297858238, -0.019136754795908928, -0.015995420515537262, 0.014687538146972656, 0.005687569733709097, 0.06668612360954285, 0.07915256172418594, 0.0006802937714383006, -0.010057822801172733, -0.08364816755056381, -0.05548165366053581, -0.02465626783668995, 0.024798264726996422, -0.05011129379272461, 0.021149499341845512, -0.005007278174161911, -0.01987675204873085, 0.004045526962727308, 0.006019669119268656, 0.040358055382966995, -0.020564250648021698, 0.07693629711866379, -0.0337739922106266, -0.003093574196100235, -0.08567772805690765, 0.050611235201358795, -0.06899101287126541, -0.05197222903370857, 0.058371156454086304, 0.0881531685590744, 0.11378806084394455, 0.07207135111093521, -0.05466590076684952, 0.01952160708606243, 0.02632742188870907, -0.009217574261128902, -0.02370438352227211, 0.0033974198158830404, -0.04541168734431267, 0.0988297089934349, 0.061517536640167236, -0.07044050097465515, -0.001559677766636014, 0.030919892713427544, -0.044687073677778244, 0.024961551651358604, -0.021710261702537537, -0.024466658011078835, -0.055188123136758804, -0.06951680034399033, -0.037635017186403275, -0.1199602335691452, 0.08540230989456177, 0.06289590150117874, -0.02487262152135372, -0.010337019339203835, -0.03815878555178642, 0.04866783320903778, 0.05174190551042557, 0.0031839481089264154, 0.05563018471002579, -0.0004749333020299673, 0.037900038063526154, 0.118828184902668, 0.01586724817752838, -0.044021591544151306, 0.07915115356445312, -0.05894960090517998, 0.059158869087696075, 0.09179312735795975, -0.0428934320807457, 0.008070909418165684, 0.02810976840555668, 0.011965140700340271, 0.029122531414031982, 0.032866571098566055, 0.04354306310415268, -0.03528062626719475, -0.044771451503038406, -0.05615122988820076, 0.07131917029619217, -0.017857549712061882, 0.027881493791937828, 0.033724892884492874, -0.12630154192447662, -0.10725631564855576, -0.025897789746522903, -0.008054431527853012, 0.06710673123598099, -0.05691365897655487, 0.00024170706456061453, -0.02378721907734871, -0.017442923039197922, -0.024553434923291206, -0.09571382403373718, -0.06228204444050789, 0.03779096528887749, 0.050576455891132355, 0.054797518998384476, 0.07807392627000809, 0.021607158705592155, 0.04113004356622696, 0.04472953826189041, -0.01048267912119627, 0.006941998843103647, -0.003002893179655075, -0.09686888009309769, 0.0418449304997921, -0.020702743902802467, 0.03135352581739426, 0.011703050695359707, 0.16093379259109497, -0.043338946998119354, -0.041721247136592865, 0.0775589868426323, 0.03268718719482422, -0.023815475404262543, 0.005317996721714735, -0.10263195633888245, 0.03459201380610466, 0.013159805908799171, -0.02317894995212555, 0.03274743631482124, 0.04151936620473862, 0.11837875097990036, 0.05807100608944893, -0.034171052277088165, 0.017057420685887337, -0.06953417509794235, -0.022775063291192055, 0.04899075999855995, 0.03593984618782997, 0.09560814499855042, 0.041914477944374084, 0.10707195103168488, 0.024421241134405136, -0.04065871611237526, -0.003471347037702799, 0.051157694309949875, -0.07890666276216507, -0.02397046610713005, 0.0674939677119255, 0.025145266205072403, 0.009978032670915127, -0.058740485459566116, 0.09111880511045456, -0.014147529378533363, -0.04075053706765175, 0.05392106994986534, -0.021386615931987762, 0.004084855783730745, -0.01402012724429369, -0.07319892942905426, -0.05037277936935425, 0.03774675354361534, -0.0640225037932396, 0.014133925549685955, -0.06143547594547272, 0.06708596646785736, 0.02678433060646057, 0.025664806365966797, -0.008902514353394508, 0.07273396849632263, 0.029028842225670815, 0.02154478430747986, -0.0658160150051117, 0.06704173237085342, 0.020604126155376434, -0.00935505609959364, 0.010048912838101387, -0.010090695694088936, 0.04269658401608467, -0.004349438939243555, -0.03589422628283501, 0.0009336773073300719, 0.0007819450693204999, -0.016986511647701263, 0.0698009729385376, -0.06090373918414116, -0.002888284157961607, 0.06478319317102432, -0.004703071434050798, 0.007705279625952244, 0.09347506612539291, -0.033983319997787476, -0.07394301891326904, 0.025003045797348022, 0.03851227089762688, 0.027266742661595345, -0.10218416899442673, 0.031699974089860916, -0.029557202011346817, -0.014171580784022808, -0.024646492674946785, -0.08373715728521347, -0.022866759449243546, -0.00945862103253603, -0.02017590031027794, 0.00877849105745554, -0.019616179168224335, 0.013102485798299313, 0.015649637207388878, 0.05911239981651306, 0.0368889644742012, 0.00943688116967678, 0.007784445304423571, -0.05585617572069168, -0.025458211079239845, -0.005354112014174461, -0.05298568680882454, -0.057036325335502625, -0.0596793033182621, 0.034730684012174606, 0.0478891059756279, -0.03184313327074051, -0.0967777892947197, -0.05399341136217117]"
50,Wikipedia & Web Search for Afghanistan,"o the south and west of the Hindu Kush flow a number of streams that are tributaries of the Indus River, such as the Helmand River. The Kabul River flows in an easterly direction to the Indus, ending at the Indian Ocean. Afghanistan receives heavy snow during the winter in the Hindu Kush and Pamir Mountains, and the melting snow in the spring season enters the rivers, lakes, and streams. However, two-thirds of the country's water flows into the neighboring countries of Iran, Pakistan, and Turkmenistan. As reported in 2010, the state needs more than US$2 billion to rehabilitate its irrigation systems so that the water is properly managed.
In Afghanistan, forest cover accounts for approximatel","[0.053996723145246506, -0.011330537497997284, 0.027149440720677376, 0.03336340934038162, 0.031448449939489365, -0.04573814570903778, 0.002292247023433447, -0.05501332879066467, 0.020152423530817032, -0.08983688056468964, -0.03401845321059227, -0.0991533175110817, -0.05102715268731117, -0.040924690663814545, -0.003536420641466975, -0.07002342492341995, 0.015642499551177025, -0.07039070129394531, 0.04397102817893028, -0.10440471768379211, 0.013549651950597763, -0.018748942762613297, -0.008029832504689693, -0.02882082760334015, -0.009966440498828888, -0.028923556208610535, 0.011907174251973629, -0.03164355084300041, 0.016084913164377213, -0.016352223232388496, -0.029136016964912415, -0.03878626599907875, -0.10989226400852203, 0.083216093480587, -0.09245874732732773, 0.014845548197627068, 0.07452040165662766, 0.08066567778587341, 0.0947406217455864, 0.013174569234251976, 0.03466068208217621, -0.000635011587291956, 0.11186754703521729, 0.01528835017234087, 0.005178182851523161, 0.09786728024482727, -0.06818915903568268, -0.03364016115665436, 0.010815773159265518, -0.014601342380046844, 0.0915619358420372, 0.05770065262913704, -0.034550104290246964, 0.060723915696144104, 0.004222116433084011, -0.04905201122164726, 0.04689957574009895, 0.009739388711750507, -0.0339379720389843, 0.06788992881774902, -0.019090265035629272, 0.025939378887414932, -0.031846530735492706, 0.012684292159974575, -0.07678043097257614, -0.04997778311371803, 0.058741312474012375, 0.10766340792179108, -0.008175041526556015, -0.07244555652141571, 0.005674868356436491, 0.0628858432173729, -0.010384542867541313, -0.12682786583900452, -0.09378818422555923, -0.08999522775411606, -0.07494760304689407, 0.09231065958738327, -0.14017312228679657, -0.032216768711805344, 0.07605799287557602, 0.05131271854043007, 0.04288214445114136, -0.00389986764639616, -0.011038060300052166, 0.013659183867275715, -0.01853378675878048, -0.017733270302414894, -0.007721140049397945, 0.010438801720738411, 0.06305652856826782, 0.005989551544189453, -0.010884725488722324, 0.05711841210722923, 0.11320675909519196, 0.04667619615793228, 0.02918132022023201, -0.04575901851058006, 0.03950488939881325, 0.01675945706665516, 0.016274508088827133, 0.01092243567109108, 0.055749811232089996, 0.012075187638401985, 0.060730524361133575, -0.029509708285331726, -0.0019131713779643178, 0.02041047066450119, -0.039345916360616684, -0.039041511714458466, 0.0049264319241046906, -0.07585136592388153, -0.0013790931552648544, -0.03607654944062233, -0.007825156673789024, -0.06928176432847977, -0.0514860562980175, 0.023215344175696373, -0.06461426615715027, -0.003947492688894272, -0.06934463232755661, 0.0017673567635938525, 0.034910835325717926, 0.05683276057243347, 0.01354517973959446, -0.05947626754641533, 0.021746980026364326, 0.06497862190008163, -0.03497832641005516, -0.10048985481262207, -0.002581115812063217, -0.03786994889378548, -0.12905001640319824, -0.05362936109304428, 0.03035680390894413, -0.05167808011174202, -0.014357560314238071, 0.016714267432689667, -0.019842231646180153, -0.043259166181087494, -0.04405353590846062, 0.02638809196650982, 0.014718572609126568, -0.09084701538085938, -0.014666925184428692, 0.01624356396496296, -0.0017153837252408266, 0.06596044450998306, 0.04433812201023102, 0.0027307530399411917, -0.007298193406313658, -0.07603275775909424, -0.02076776698231697, -0.0642392486333847, 0.03468180075287819, 0.036093566566705704, -0.03699212148785591, 0.04534442350268364, 0.025063849985599518, -0.003889590036123991, -0.03389681503176689, -0.06406355649232864, -0.0721340924501419, -0.04123242571949959, -0.02318817749619484, 0.08505308628082275, -0.030598118901252747, -0.06822358071804047, 0.029317593201994896, -0.03340902179479599, -0.08836575597524643, 0.005449730437248945, 0.07465019077062607, 0.09038212150335312, -0.04091530665755272, -0.04606936499476433, -0.057841572910547256, -0.015952065587043762, -0.005040327087044716, 0.027201760560274124, 0.037506114691495895, 0.026591045781970024, 0.0056890943087637424, 0.04412580281496048, 0.06199187412858009, -0.035417795181274414, 0.017256246879696846, -0.0019508982077240944, -0.011075454764068127, 0.007305559702217579, -0.042306892573833466, -0.07588522881269455, 0.017637355253100395, -0.04770870506763458, -0.010619878768920898, -0.01203298568725586, -0.015218201093375683, 0.03917185962200165, -0.04523540660738945, -0.09552944451570511, -0.053499311208724976, 0.008943244814872742, -0.04746873676776886, -0.007153318263590336, 0.021835515275597572, 0.029199790209531784, 0.0893574208021164, 0.02389010414481163, -0.06259462982416153, 0.07859719544649124, 0.03874756395816803, 0.0552239827811718, 0.028123877942562103, 0.09047801792621613, -0.02055932581424713, -0.08454708755016327, -0.04020555317401886, -0.07554571330547333, -0.018760615959763527, 0.0843973308801651, 0.09394266456365585, -0.04121548682451248, 0.07549292594194412, -0.04883553087711334, 0.04978084936738014, -0.014428622089326382, -0.03328976407647133, 0.040570612996816635, -0.015273059718310833, 0.04721280187368393, 0.03167209401726723, 0.09487560391426086, -2.916121729867882e-06, 0.04978937655687332, -0.0056153819896280766, 0.01840202882885933, 0.034433428198099136, 0.0605507493019104, 0.04190632700920105, -0.05657476186752319, 0.13599006831645966, 0.11176607757806778, -0.008019949309527874, -0.010764675214886665, 0.008608090691268444, -0.011178906075656414, -0.0013694362714886665, 0.03753865137696266, -0.0058934008702635765, -0.03099399246275425, -0.03362191095948219, -0.06948277354240417, -0.07624223083257675, -0.056552574038505554, 0.023316610604524612, -0.04021038860082626, -0.0551166906952858, 0.035753216594457626, -0.04823039472103119, -0.047393154352903366, 0.012435774318873882, 0.05222305655479431, -0.016000568866729736, 0.022123238071799278, 0.06483341753482819, -0.007089046761393547, 0.13970491290092468, 0.019018784165382385, -0.02979089319705963, 0.06424037367105484, -0.04600362852215767, 0.07329241931438446, -0.01541540864855051, -0.0565602071583271, 0.06034034490585327, 0.05053732916712761, 0.02336174249649048, -0.07504502683877945, 0.09130372107028961, 0.032330673187971115, 0.06733203679323196, -0.03997892141342163, -0.04410359635949135, -0.09421373903751373, 0.03650345280766487, -0.024887019768357277, 0.07110053300857544, -0.003593853674829006, -0.054273445159196854, -0.03820660710334778, 0.023878253996372223, -0.03732755407691002, 0.11456310003995895, -0.05962742865085602, 0.06112564727663994, -0.003914776723831892, -0.058702725917100906, 0.03267558664083481, 0.04619711637496948, 0.057564057409763336, 0.0037014815025031567, 0.10802125930786133, 0.012039056979119778, -0.020334338769316673, -0.06745871901512146, 0.08357274532318115, -0.004758394323289394, -0.012750791385769844, 0.08362079411745071, -0.0781368762254715, -0.06955159455537796, -0.11430331319570541, 0.05543501675128937, -0.018197596073150635, 0.012786464765667915, -0.014402187429368496, 0.010739089921116829, 0.024101752787828445, 0.01221848651766777, -0.0707288533449173, -0.03730429336428642, -0.08712232857942581, -0.08013124763965607, 0.01644856669008732, 0.006807664874941111, 0.06574130058288574, 0.023150939494371414, 0.00725950300693512, 0.04238097369670868, 0.02525290474295616, -0.004468079656362534, 0.08099839836359024, -0.03037560172379017, 0.05610184744000435, -0.0005167417111806571, 0.056833814829587936, -0.0296164620667696, -0.05441640317440033, 0.026529239490628242, 0.022805802524089813, -0.04111514240503311, -0.03696085512638092, -0.019407549872994423, 0.014954514801502228, 0.05012574791908264, 0.02704208344221115, -0.01332888938486576, -0.007657727226614952, 0.06134217977523804, -0.002643807092681527, 0.09971249848604202, -0.0026962868869304657, -0.03725191950798035, 0.0006328367744572461, 0.017044709995388985, 0.026075933128595352, -0.03310497850179672, 0.036742087453603745, -0.06295660883188248, 0.01391078345477581, 0.03235528618097305, -0.08153769373893738, 0.10266387462615967, 0.02587319165468216, -0.002641022205352783, 0.05924065038561821, -0.01858576200902462, 0.007848118431866169, 0.0242540892213583, 0.05110255256295204, 0.0014423825778067112, 0.018007179722189903, 0.023711426183581352, 0.03552427887916565, 0.013351108878850937, 0.011221182532608509, -0.08494292944669724, -0.07943862676620483, -0.019125893712043762, -0.0020459017250686884, -0.01563471183180809, 0.022637993097305298, 0.01769937016069889, -0.013200627639889717]"
51,Wikipedia & Web Search for Afghanistan,"y 2% of the total land area, equivalent to 1,208,440 hectares (ha) of forest in 2020, which remained unchanged since 1990. Of the naturally regenerating forest, 0% was reported to be primary forest (consisting of native tree species with no clearly visible indications of human activity), and around 0% of the forest area was found within protected areas. For the year 2015, 100% of the forest area was reported to be under public ownership.
The northeastern Hindu Kush mountain range, located in and around the Badakhshan Province of Afghanistan, is situated in a geologically active area where earthquakes occur almost every year. They can be deadly and destructive, causing landslides in some part","[0.07311732321977615, -0.019044602289795876, 0.01249099150300026, 0.03970414027571678, 0.028130384162068367, 0.0012527089565992355, -0.026485290378332138, 0.0057653035037219524, -0.03279503807425499, 0.03316405415534973, 0.031107626855373383, -0.023800773546099663, 0.009121968410909176, 0.06752705574035645, -0.02756667509675026, 0.018531249836087227, 0.011064768768846989, -0.1230795830488205, 0.03748541697859764, 0.01012467686086893, 0.009674024768173695, -0.04354793578386307, 0.0022074065636843443, -0.04547269642353058, 0.02087818831205368, -0.09816274791955948, -0.023540761321783066, 0.023887192830443382, -0.008680007420480251, -0.047976087778806686, 0.021549321711063385, 0.003693689126521349, -0.012022916227579117, 0.05586196109652519, -0.05989476665854454, 0.0268021821975708, -0.015940479934215546, 0.017635297030210495, 0.06262444704771042, 0.021262243390083313, -0.1038602963089943, 0.04677616059780121, 0.08216673880815506, -0.01971563883125782, 0.036015480756759644, 0.05783998966217041, -0.007133638486266136, -0.0730183944106102, -0.001200905186124146, -0.06523030996322632, 0.053106777369976044, 0.09520261734724045, -0.010878131724894047, 0.0761154294013977, 0.001735880272462964, -0.0388491228222847, -0.010355440899729729, -0.0064391219057142735, 0.003949241247028112, 0.06910882890224457, 0.04216650873422623, -0.02729859948158264, -0.03477051854133606, -0.048881396651268005, -0.045815035700798035, -0.036123085767030716, 0.004083416424691677, -0.08909028023481369, 0.08654259145259857, -0.03143046796321869, 0.04290401563048363, 0.03694741800427437, -0.009521453641355038, -0.0666082426905632, -0.024025103077292442, -0.00011919702228624374, -0.04364718869328499, 0.1658344268798828, 0.09477003663778305, -0.11288437247276306, 0.045019399374723434, 0.038575828075408936, 0.021908355876803398, 0.016963867470622063, -0.06692486256361008, -0.01978071965277195, -0.012787368148565292, 0.05138561502099037, -0.0771859884262085, -0.03729664906859398, 0.12091026455163956, 0.010451149195432663, 0.043913260102272034, 0.0656789243221283, 0.002659932943060994, 0.03769660368561745, -0.0005164755857549608, -0.008602134883403778, 0.03425679728388786, 0.00840078480541706, 0.001984451897442341, 0.0764724612236023, 0.010983784683048725, -0.02718108519911766, -0.06820224225521088, 0.03517293184995651, -0.018009623512625694, 0.0796079933643341, -0.0077788312919437885, 0.04935105890035629, 0.00786646455526352, -0.08957992494106293, -0.008506320416927338, 0.049621228128671646, 0.03817512467503548, -0.062665194272995, 0.09800980240106583, 0.0021846413146704435, -0.01145104132592678, -0.02607620321214199, -0.010724428109824657, 0.013924560509622097, 0.11813557147979736, -0.04951677471399307, 0.035917192697525024, -0.0035834256559610367, -0.05325697734951973, 0.013156697154045105, 0.004354220349341631, -0.051976628601551056, -0.08065028488636017, -0.02773440070450306, -0.08298856019973755, -0.025514941662549973, -0.07671961188316345, 0.010317946784198284, -0.009119123220443726, 0.019103026017546654, 0.042881425470113754, 0.007685156539082527, 0.0473991222679615, -0.008772993460297585, 0.08676377683877945, 0.0661851167678833, -0.04570355266332626, 0.05384611710906029, -0.02717200480401516, -0.003348437137901783, -0.0519196018576622, 0.028513897210359573, 0.014357122592628002, -0.06028281897306442, 0.014430100098252296, -0.08587662875652313, 0.08313004672527313, 0.0004439131880644709, -0.07819271087646484, -0.019873403012752533, 0.13615238666534424, 0.06132998317480087, -0.04876019433140755, -0.008872265927493572, -0.028871383517980576, 0.022819088771939278, -0.02095256932079792, 0.026702379807829857, -0.1067265048623085, -0.038234200328588486, 0.04166267067193985, -0.008197393268346786, 0.006504711229354143, -0.055234137922525406, 0.10836111754179001, 0.013168907724320889, 0.009102876298129559, -0.020692193880677223, -0.11630374193191528, -0.04005894437432289, -0.10077915340662003, 0.1164412647485733, -0.06673368066549301, 0.010291124694049358, -0.07870782911777496, 0.0974220335483551, 0.030278444290161133, -0.016231998801231384, 0.025310413911938667, 0.05479159951210022, 0.04272933304309845, -0.0348934531211853, -0.04282338544726372, 0.007473595906049013, -0.045580361038446426, -0.01617288775742054, 0.021382035687565804, 0.007012801710516214, 0.04704631492495537, 0.037187304347753525, 0.03400470316410065, -0.011486532166600227, -0.015645833685994148, 0.012804501689970493, -0.1451077163219452, -0.10205414146184921, -0.004999225493520498, 0.022016579285264015, -0.04100021719932556, 0.032265711575746536, -0.07688818126916885, 0.0008311977726407349, 0.051941029727458954, 0.0011421890230849385, 0.03746567294001579, -0.002053385367617011, 0.06498920172452927, 0.028821244835853577, -0.05204835906624794, -0.08110387623310089, -0.07707880437374115, 0.10979611426591873, -0.017175689339637756, -0.03266128525137901, 0.0364656075835228, -0.061356235295534134, -0.017818931490182877, 0.07372710108757019, 0.016890015453100204, 0.05670173466205597, -0.04486644268035889, 0.011687320657074451, -0.016410252079367638, 0.020699799060821533, -0.027250008657574654, 0.03574325144290924, -0.030214006081223488, 0.09845700114965439, 0.10627953708171844, -0.009686834178864956, -0.040403060615062714, 0.03942989185452461, -0.05912700667977333, -0.04828411340713501, -0.024681903421878815, 0.031138304620981216, -0.006377929821610451, -0.015834128484129906, -0.020016683265566826, 0.08010634779930115, 0.017739104107022285, 0.02557213231921196, -0.027871116995811462, 0.021700920537114143, -0.05368288233876228, -0.03558505326509476, 0.0292096808552742, 0.019098712131381035, -0.11871768534183502, 0.01576734147965908, -0.0030290200375020504, -0.10326725989580154, 0.024451589211821556, -0.07065074145793915, 0.02917555719614029, 0.11132755130529404, 0.03232092410326004, -0.003432411700487137, -0.052674151957035065, -0.006614806596189737, 0.00015063105092849582, 0.009347413666546345, 0.03696382790803909, 0.054975301027297974, -0.01908399909734726, -0.0694022923707962, 0.05062432587146759, 0.03779854252934456, -0.005069175269454718, 0.023752467706799507, 0.11550566554069519, -0.05179790407419205, 0.03906615823507309, 0.09719734638929367, 0.025819962844252586, -0.0093635693192482, -0.008806665427982807, -0.004388928413391113, 0.003222405444830656, 0.04119853302836418, -0.06477817893028259, -0.02435564622282982, 0.0010284261079505086, 0.07471328973770142, 0.05928438901901245, 0.0029776222072541714, 0.003282449673861265, 0.0015336867654696107, -0.11968548595905304, 0.02220599167048931, -0.02607187256217003, 0.050929274410009384, 0.09577559679746628, 0.011687648482620716, 0.05322323366999626, 0.0007586571155115962, 0.0015075127594172955, 0.06444691866636276, 0.024571549147367477, -0.028870251029729843, 0.09510714560747147, -0.031059972941875458, 0.01742696203291416, -0.042941175401210785, 0.033325616270303726, 0.03493097051978111, -0.04159409552812576, 0.012447836808860302, -0.05944792181253433, -0.039709076285362244, -0.01991157978773117, -0.019596198573708534, -0.047187335789203644, -0.01159009337425232, -0.03750103712081909, 0.03770630061626434, 0.028515152633190155, 0.047973453998565674, 0.07862059026956558, 0.014232298359274864, -0.05136287212371826, 0.04980091750621796, 0.021079132333397865, 0.05140859633684158, -0.08254591375589371, 0.09349832683801651, -0.04200231283903122, -0.02985452488064766, 0.007067987695336342, -0.02581106498837471, -0.017804453149437904, 0.09999659657478333, -0.023343943059444427, 0.0016858505550771952, -0.034701112657785416, -0.036804765462875366, -0.011467637494206429, 0.004850548692047596, -0.04525723680853844, 0.040344689041376114, -0.08937226980924606, -0.039221614599227905, 0.05454631149768829, 0.01736415922641754, -0.05107138305902481, -0.007983106188476086, -0.05087185651063919, 0.013691006228327751, -0.10370299220085144, -0.0026250090450048447, -0.06944188475608826, -0.06460794806480408, 0.021564720198512077, -0.15976472198963165, 0.1028774157166481, 0.015789270401000977, -0.05538007244467735, 0.04024771228432655, -0.028262615203857422, -0.0004019173211418092, 0.05166611075401306, 0.0005526724853552878, 0.020003274083137512, -0.03580135852098465, 0.02026987634599209, -0.07675718516111374, -0.04382798820734024, 0.030975747853517532, -0.012766563333570957, -0.03273455798625946, -0.048962436616420746, -0.006498138885945082, -0.04148007929325104, -0.01510027889162302, -0.04332894831895828, -0.02034578286111355]"
52,Wikipedia & Web Search for Afghanistan,"s or avalanches during the winter. In June 2022, a destructive 5.9 earthquake struck near the border with Pakistan, killing at least 1,150 people and sparking fears of a major humanitarian crisis. On 7 October 2023, a 6.3 magnitude earthquake struck northwest of Herat, killing over 1,400 people.

Climate
Afghanistan has a continental climate with harsh winters in the central highlands, the glaciated northeast (around Nuristan), and the Wakhan Corridor, where the average temperature in January is below −15 °C (5 °F) and can reach −26 °C (−15 °F), and hot summers in the low-lying areas of the Sistan Basin of the southwest, the Jalalabad basin in the east, and the Turkestan plains along the Amu","[-0.03281846642494202, -0.05292893573641777, 0.05667383223772049, 0.10728525370359421, 0.05371326580643654, 0.03502253443002701, -0.054998137056827545, -0.004803213756531477, 0.021861040964722633, 0.04509187489748001, -0.03640829026699066, -0.008216246962547302, 0.04668435454368591, -0.029915165156126022, 0.003071065526455641, -0.03815346211194992, 0.01184783037751913, -0.1697043925523758, 0.05504292994737625, -0.038762640208005905, -0.025057148188352585, -0.02024877443909645, 0.0012251063017174602, 0.00999990664422512, 0.03707678243517876, -0.05946502089500427, 0.025158757343888283, 0.002289534080773592, -0.0625174343585968, 0.050993286073207855, -0.04781563580036163, -0.010598563589155674, -0.011335725896060467, 0.03681863471865654, 0.08655740320682526, 0.06810268014669418, 0.05013207346200943, 0.047705743461847305, 0.0022279664408415556, 0.034817811101675034, 0.017002860084176064, -0.019162530079483986, 0.06795068830251694, -0.01616823486983776, 0.09069275856018066, 0.0055068316869437695, -0.05650630220770836, -0.04213596135377884, -0.021807875484228134, 0.06107461825013161, 0.021803250536322594, 0.006219298113137484, -0.019285107031464577, -0.026480255648493767, 0.02817939594388008, -0.06488349288702011, -0.04449225962162018, -0.010596602223813534, -0.0012535168789327145, 0.06240542232990265, 0.0008627896313555539, 0.028484422713518143, -0.004799986258149147, -0.019810469821095467, 0.0013593536568805575, 0.04161035642027855, 0.10368674993515015, -0.04565746709704399, 0.07056454569101334, 0.006880783475935459, -0.04631710797548294, 0.0843057781457901, -0.004740980453789234, -0.08677491545677185, -0.0939742773771286, -0.08187421411275864, -0.0013858984457328916, 0.037526145577430725, -0.03614901751279831, -0.011240841820836067, 0.06793227791786194, -0.0015928955981507897, 0.017299015074968338, -0.06438002735376358, -0.03879121318459511, -0.040933672338724136, 0.025598667562007904, -0.03771204128861427, 0.045238543301820755, 0.025298655033111572, 0.1030823141336441, 0.005328331608325243, -0.004050535149872303, 0.0726986676454544, -0.023554882034659386, 0.024182327091693878, 0.020293964073061943, -0.037408508360385895, 0.015666773542761803, 0.09627728164196014, -0.0025898481253534555, -0.00048488378524780273, -0.038725610822439194, -0.001548070926219225, 0.05208071693778038, 0.08088236302137375, -0.0005610085208900273, -0.07979623228311539, -0.13872100412845612, -0.02821691334247589, 0.03154921531677246, -0.08624081313610077, 0.028979439288377762, -0.06078655272722244, 0.01883975975215435, -0.04941496253013611, 0.05289294198155403, 0.030712315812706947, -0.055519647896289825, -0.016696713864803314, 0.00598561018705368, 0.003429111558943987, 0.020024800673127174, 0.037949468940496445, 0.11914271116256714, 0.0062084561213850975, 0.039035581052303314, 0.054159075021743774, 0.06168687343597412, -0.1555015593767166, -0.002494268352165818, 0.048941243439912796, -0.07247070223093033, 0.027267972007393837, 0.024557502940297127, 0.008225377649068832, 0.022695640102028847, -0.015122576616704464, -0.0008826003759168088, -0.06217048689723015, -0.012548450380563736, -0.05195489898324013, -0.04162915423512459, -0.01459507830440998, -0.010631697252392769, -0.013610666617751122, -0.05374477431178093, 0.046077776700258255, -0.05807068571448326, -0.11083522439002991, 0.0623667873442173, -0.06518791615962982, -0.00027111207600682974, 0.05534645542502403, 0.04043044522404671, -0.011353208683431149, -0.028881775215268135, -0.0051767402328550816, 0.09893480688333511, -0.04095005616545677, -0.08980108052492142, 0.02015906386077404, -0.09376061707735062, -0.005121027585119009, -0.000500681868288666, -0.0265109334141016, -0.07157357037067413, 0.048298999667167664, 0.03105136752128601, 0.001999305561184883, -0.016035841777920723, -0.058099452406167984, 0.10936740785837173, 0.02991178072988987, 0.036119215190410614, 0.01964220032095909, -0.00727600185200572, -0.053559985011816025, 0.043813034892082214, 0.09797550737857819, -0.013941755518317223, 0.027620630338788033, 0.05241142213344574, 0.1092190220952034, 0.00943906232714653, -0.06275641918182373, -0.003102140501141548, 0.030234238132834435, 0.09791681170463562, -0.08591685444116592, 0.033881448209285736, -0.07597023248672485, 0.06156095489859581, 0.016540614888072014, 0.011662386357784271, 0.02571980282664299, -0.0007598144584335387, 0.09759952872991562, 0.019235456362366676, -0.08646728098392487, 0.008449300192296505, -0.012321988120675087, -0.09194745868444443, -0.013193061575293541, 0.06585360318422318, 0.015241611748933792, 0.10202988982200623, 0.07071804255247116, 0.0127178393304348, -0.062201883643865585, 0.031206820160150528, -0.01606963574886322, 0.0460430271923542, -0.04609700292348862, -0.028192052617669106, -0.018174530938267708, -0.031248703598976135, -0.0056267124600708485, -0.011258904822170734, 0.057219911366701126, 0.04874945431947708, -0.02714300900697708, 0.02821093238890171, -0.057828862220048904, 0.06691914796829224, 0.017144935205578804, -0.042694091796875, 0.07048415392637253, -0.01469072513282299, 0.0417642742395401, 0.015009689144790173, 0.10243143141269684, -0.01276922132819891, 0.08560680598020554, 0.0505390390753746, -0.02571692317724228, -0.017868753522634506, 0.044513825327157974, 0.04441365599632263, 0.029022984206676483, -0.04253430664539337, -0.002363622421398759, 0.053681157529354095, -0.04049867391586304, -0.04296748712658882, -0.11349967122077942, -0.10339052975177765, -0.00784716010093689, 0.028061486780643463, 0.005247125402092934, -0.004197896923869848, -0.07611874490976334, -0.08040256053209305, -0.030317196622490883, -0.06648682802915573, 0.046825338155031204, -0.021340487524867058, 0.00908154807984829, -0.04665349796414375, 0.035926513373851776, -0.024517865851521492, -0.06185688450932503, -0.05060487985610962, -0.03358357772231102, 0.026591012254357338, 0.06089721992611885, 0.11165125668048859, 0.03739635646343231, 0.012666376307606697, -0.00025312925572507083, 0.004607032518833876, 0.054743945598602295, 0.01440590899437666, -0.060501597821712494, 0.026968736201524734, 0.07812803238630295, -0.013011511415243149, -0.0027621593326330185, 0.09415943175554276, -0.0042496733367443085, -0.03896692395210266, 0.0008862599497660995, -0.03314409777522087, -0.0384850837290287, 0.039238784462213516, -0.10028461366891861, 0.08243393898010254, 0.028602877631783485, 0.016399294137954712, 0.03590601682662964, 0.02912997081875801, -0.08889921009540558, 0.06871473789215088, -0.0047205775044858456, 0.07236462831497192, -0.00694434205070138, -0.09191722422838211, -0.0250356774777174, 0.09010258316993713, 0.07661484181880951, 0.05062352120876312, 0.07378610223531723, 0.0032714761327952147, -0.004885167349129915, -0.06186455115675926, 0.06054961681365967, -0.007883572019636631, 0.037559110671281815, -0.03572266921401024, -0.06539133191108704, 0.044118721038103104, -0.06443111598491669, 0.08140678703784943, -0.05454659089446068, -0.0019760550931096077, 0.034075912088155746, -0.05169440433382988, -0.04597604274749756, -0.02009386382997036, -0.1032373234629631, 0.007184103596955538, 0.03126588836312294, -0.09241189807653427, -0.030617740005254745, -0.0050605712458491325, 0.05141346901655197, -0.0019379861187189817, -0.06238909438252449, 0.038800906389951706, 0.017313998192548752, 0.041607584804296494, 0.08841594308614731, -0.010306200943887234, 0.043806206434965134, -0.07048792392015457, -0.0708710178732872, -0.04881499707698822, -0.08216243982315063, -0.025879742577672005, -0.010576082393527031, -0.008213497698307037, 0.06721867620944977, -0.023598069325089455, 0.022452542558312416, 0.06383555382490158, 0.01801280491054058, 0.00018024659948423505, 0.050073616206645966, -0.04071182385087013, 0.0070644561201334, -0.04815507307648659, -0.09406829625368118, -0.07344219088554382, -0.039774339646101, -0.031795624643564224, -0.011621060781180859, -0.021751757711172104, 0.028104722499847412, 0.06873402744531631, -0.04811887443065643, -0.040026336908340454, 0.027063477784395218, 0.04764503240585327, 0.019644560292363167, -0.04437080770730972, -0.020266076549887657, -0.09697961062192917, 0.03607047349214554, 6.240003131097183e-05, 0.03755754604935646, 0.04300003498792648, -0.08513770252466202, -0.03543294966220856, -0.058710161596536636, 0.043241534382104874, -0.023595355451107025, 0.058001380413770676, -0.0012753685005009174, -0.035264935344457626, -0.012884487397968769, -0.018658265471458435, -0.015074205584824085, -0.0926254540681839, -0.01548712607473135]"
53,Wikipedia & Web Search for Afghanistan," River in the north, where temperatures average over 35 °C (95 °F) in July and can go over 43 °C (109 °F). The country is generally arid in the summers, with most rainfall falling between December and April. The lower areas of northern and western Afghanistan are the driest, with precipitation more common in the east. Although proximate to India, Afghanistan is mostly outside the monsoon zone, except the Nuristan Province, which occasionally receives summer monsoon rain.
Although Afghanistan has contributed minimally to global greenhouse gas emissions, it is one of the most vulnerable countries to climate change and least prepared to cope with its impacts. Climate change in Afghanistan is ca","[0.05154256150126457, -0.03750824183225632, 0.07428864389657974, 0.028391718864440918, 0.1174539178609848, -0.00044009400880895555, 0.0005218606675043702, 0.001261197030544281, -0.009031521156430244, -0.02764475904405117, -0.07138606905937195, -0.08214709907770157, 0.030509237200021744, 0.05864572897553444, 0.013685949146747589, -0.017292197793722153, 0.09097108244895935, -0.06105850264430046, 0.041294265538454056, -0.10433528572320938, 0.03379244729876518, -0.006135797128081322, 0.016119716688990593, -0.09880130738019943, 0.1027909368276596, -0.026720205321907997, -0.06360825151205063, -0.03649783134460449, -0.01817186549305916, 0.01468595303595066, 0.018485020846128464, -0.04744204506278038, -0.05827992409467697, -0.00030158660956658423, 0.010485741309821606, 0.03394134342670441, 0.006863143295049667, 0.03608180955052376, 0.025198057293891907, 0.07252220064401627, -0.011126000434160233, -0.01959400437772274, 0.06456319987773895, 0.010559991002082825, -0.011802515015006065, 0.04908846318721771, -0.06915071606636047, -0.061065513640642166, -0.03422167897224426, 0.034272145479917526, 0.11111568659543991, -0.00863858312368393, -0.030098356306552887, 0.024374689906835556, -0.04812675341963768, -0.0687064379453659, -0.019539672881364822, -0.0599367618560791, -0.039307255297899246, 0.021662671118974686, -0.09533319622278214, -0.023570608347654343, -0.01841728389263153, -0.02199038863182068, 0.009707199409604073, 0.02177184633910656, 0.07206187397241592, -0.02001034840941429, 0.07419800013303757, -0.12764889001846313, 0.0017079904209822416, 0.05856716260313988, 0.03500902280211449, -0.07642359286546707, -0.14835624396800995, -0.05791851878166199, 0.04005246236920357, 0.12156073749065399, -0.04774760454893112, -0.025303848087787628, 0.10144390910863876, 0.01470114104449749, 0.08940856903791428, -0.017699822783470154, 0.028543129563331604, -0.027352401986718178, 0.007448202930390835, 0.03759926185011864, -0.0035934755578637123, -0.04610847681760788, -0.012684280052781105, 0.05354095995426178, -0.03686930984258652, 0.06087547913193703, 0.005345828365534544, 0.09253225475549698, 0.09550867229700089, -0.031024156138300896, -0.02802998386323452, 0.014889205805957317, 0.0028505788650363684, -0.036736976355314255, 0.013326491229236126, 0.08654215931892395, 0.051868803799152374, -0.0013204385759308934, 0.033542733639478683, 0.01523908507078886, 0.03370962664484978, -0.07148431241512299, -0.01479853130877018, -0.02628237195312977, 0.017262328416109085, -0.029374316334724426, -0.008629039861261845, -0.07448862493038177, 0.0025949212722480297, 0.02730715647339821, -0.06504106521606445, -0.005182906519621611, -0.04472675919532776, 0.0626249685883522, 0.009450419805943966, 0.07850037515163422, 0.0967307835817337, 0.03813362121582031, 0.03654768690466881, -0.0035126744769513607, -0.006158751435577869, -0.1325044184923172, 0.02784118428826332, -0.008050813339650631, -0.12207555025815964, -0.025736678391695023, 0.027122555300593376, -0.08577895164489746, -0.001896945876069367, -0.001985530834645033, -0.03645459562540054, -0.0168608371168375, -0.0349767804145813, -0.01628205180168152, -0.000762275536544621, -0.04412460699677467, -0.04791748896241188, 0.03999091312289238, -0.10202620923519135, 0.008286246098577976, -0.07614732533693314, -0.04882794991135597, -0.04008829966187477, -0.0505436472594738, -0.032652176916599274, -0.05900825560092926, 0.030200287699699402, -0.03225470334291458, -0.00833969097584486, -0.00964934378862381, 0.08425512164831161, 0.011758762411773205, -0.04181665927171707, -0.020642399787902832, -0.0606677420437336, -0.014867657795548439, -0.08354222029447556, 0.08081728965044022, 0.007516404613852501, -0.004705274011939764, 0.03493281826376915, -0.0003545959771145135, -0.0231828223913908, -0.05368228256702423, 0.0794295147061348, 0.035658255219459534, -0.021462684497237206, 0.05073311924934387, -0.02369442954659462, -0.03750523179769516, 0.012493578717112541, 0.018282035365700722, 0.014666001312434673, 0.04266443848609924, 0.04730095714330673, 0.1239187940955162, 0.08711514621973038, 0.0034655339550226927, 0.021815646439790726, -0.0776233971118927, 0.037581916898489, -0.0059004658833146095, 0.011331525631248951, -0.14259888231754303, 0.03802697733044624, -0.0018720279913395643, -0.047453366219997406, 0.043228015303611755, 0.011272975243628025, 0.06557416170835495, 0.020017970353364944, -0.06521538645029068, 0.05592602118849754, -0.0007306471816264093, 0.0004888203693553805, -0.03815576061606407, 0.07298965007066727, -0.038082823157310486, 0.05222159996628761, 0.00517074903473258, -0.035580817610025406, 0.03866612911224365, 0.0328059159219265, 0.035575222223997116, 0.016079893335700035, -0.02714826725423336, -0.06493288278579712, 0.006585086230188608, -0.00806390680372715, -0.041721876710653305, 0.007047056686133146, 0.12947393953800201, 0.0037069672252982855, -0.03060302324593067, 0.06962905079126358, -0.00014219699369277805, 0.060328561812639236, 0.029988378286361694, -0.04121267423033714, 0.11122395098209381, -0.006197950337082148, 0.024475477635860443, 0.018683725968003273, 0.09158927202224731, -0.01959160901606083, 0.09308816492557526, 0.02407362312078476, -0.007572004105895758, -0.02630404755473137, 0.04087087884545326, 0.10016386955976486, 0.08242984861135483, 0.016641974449157715, 0.07162362337112427, 0.06884650141000748, 0.03148479014635086, -0.013316316530108452, -0.034647952765226364, -0.00612571369856596, -0.03392207249999046, -0.07635065913200378, -0.08688697218894958, -0.009827260859310627, -0.02060617320239544, -0.056332241743803024, -0.15289545059204102, 0.021375948563218117, 0.04558711498975754, -0.06772361695766449, -0.018131617456674576, 0.0076070320792496204, -0.04708199203014374, 0.032046228647232056, -0.046271950006484985, -0.0789131298661232, 0.04843832924962044, 0.05019511282444, 0.013906619511544704, 0.07955096662044525, -0.030675023794174194, -0.0063149272464215755, 0.024652328342199326, 0.01465614978224039, -0.022896405309438705, -0.037136226892471313, -0.06440921127796173, 0.08167867362499237, -0.03195725381374359, -0.04981391131877899, 0.040342092514038086, 0.13455478847026825, -0.024569394066929817, 0.06799496710300446, -0.001074808998964727, -0.04738957807421684, 0.034550752490758896, 0.03303263708949089, -0.02040974050760269, 0.039866913110017776, -0.014861584641039371, -0.08886893093585968, -0.034817084670066833, -0.02324908971786499, 0.045834872871637344, 0.07408914715051651, -0.011442890390753746, -0.03677574172616005, -0.025806710124015808, -0.05311212316155434, 0.04406867176294327, 0.10002941638231277, 0.049352556467056274, 0.05696379020810127, 0.02488154172897339, -0.035496801137924194, -0.07266431301832199, -0.06091862916946411, 0.11889917403459549, 0.002655886812135577, -0.009106987155973911, 0.039700329303741455, -0.11070641875267029, 0.0059375399723649025, -0.06313346326351166, -0.00505340239033103, -0.013709383085370064, 0.03545098751783371, 0.0386919267475605, -0.027925249189138412, -0.012769443914294243, -0.06475270539522171, -0.02996738627552986, -0.06980587542057037, 0.01252875104546547, -0.040513135492801666, -0.0148602444678545, 0.006514310371130705, 0.08455075323581696, 0.032416071742773056, -0.045555200427770615, 0.04665401950478554, -0.006943483371287584, 0.038764819502830505, 0.021617790684103966, -0.018704142421483994, 0.052170611917972565, -0.024561051279306412, 0.0031723587308079004, -0.11079806834459305, -0.015222086571156979, -0.0014816307229921222, 0.004224875476211309, 0.03424116596579552, 0.030903568491339684, -0.044612687081098557, 0.017971107736229897, 0.13139206171035767, 0.046408381313085556, 0.06598566472530365, 0.029977740719914436, 0.013822074048221111, -0.007568154018372297, 0.025911156088113785, -0.011441653594374657, -0.044971298426389694, -0.0602821484208107, -0.06040339916944504, 0.02655649557709694, -0.011431827209889889, 0.019526619464159012, -0.05616457015275955, 0.008580060675740242, -0.00631678057834506, -0.07107719779014587, 0.02624722570180893, -0.024847107008099556, -0.00043502129847183824, -0.038463979959487915, -0.021312477067112923, -0.009401700459420681, 0.02250170148909092, -0.009978548623621464, 0.056486576795578, -0.048607464879751205, 0.02348775789141655, 0.019873876124620438, 0.04750007390975952, -0.02126467227935791, -0.09247689694166183, -0.03899330273270607, 0.02036207914352417, -0.01405851449817419, -0.050269998610019684, -0.0172040406614542, -0.053444381803274155, -0.0201270692050457]"
54,Wikipedia & Web Search for Afghanistan,"using more frequent and severe droughts. Severe drought conditions affect 25 of the country's 34 provinces, impacting over half the population. These droughts cause desertification, reduce food and water security, disrupt agriculture, and cause internal displacement. Extreme rainfall over short periods is also more likely, increasing the risk of floods and landslides. Due to rising temperatures, almost 14% of Afghanistan's glacier coverage was lost between 1990 and 2015, increasing the risk of glacial lake outburst floods. By 2050, climate change could displace an additional 5 million people within Afghanistan.

Biodiversity
Several types of mammals exist throughout Afghanistan. Snow leopard","[-0.010350528173148632, -0.0243315938860178, 0.09557434916496277, 0.05946757271885872, 0.08124443143606186, 0.006922532804310322, 0.01500446442514658, 0.009073884226381779, -0.007716197520494461, 0.06138046458363533, -0.0863732248544693, 0.024814734235405922, 0.027491584420204163, 0.016129234805703163, 0.018219443038105965, -0.04654575139284134, 0.03298148140311241, -0.06578660756349564, -0.05329763516783714, 0.0014480968238785863, -0.012566818855702877, -0.011197997257113457, 0.03826712816953659, -0.03795703127980232, 0.05121184140443802, -0.0643833801150322, 0.007836067117750645, -0.04273946210741997, -0.0006948892259970307, 0.014977901242673397, 0.005808436777442694, -0.014470604248344898, -0.003634674707427621, 0.016413932666182518, 0.015630628913640976, 0.06290344148874283, -0.04851797968149185, 0.05315423384308815, 0.008144865743815899, 0.07786662131547928, 0.04277561232447624, -0.013487056829035282, 0.07438710331916809, 0.012914525344967842, -0.006324841640889645, -0.034250181168317795, -0.012025407515466213, -0.04193121939897537, -0.045233674347400665, 0.05467087775468826, 0.04137324169278145, -0.011432045139372349, -0.01862170360982418, -0.012435351498425007, -0.024599701166152954, -0.04623468965291977, -0.03407047688961029, -0.03413385525345802, 0.02392388880252838, 0.025944584980607033, 0.002681605750694871, 0.013825121335685253, 0.012998086400330067, -0.011616063304245472, -0.0020284715574234724, 0.004744493402540684, 0.050345152616500854, 0.031691573560237885, 0.09086542576551437, -0.0045314328745007515, -0.039458345621824265, 0.059441808611154556, -0.07887132465839386, -0.0798487663269043, -0.09068828821182251, -0.10314135998487473, 0.010749699547886848, 0.12109259516000748, 0.003753841621801257, -0.03803083300590515, 0.1036645770072937, 0.0036726391408592463, 0.09734366089105606, -0.0326237790286541, -0.005952400155365467, -0.09826363623142242, 0.022412199527025223, -0.014303957112133503, 0.05388493463397026, -0.017509043216705322, 0.04656296223402023, 0.06173114478588104, 0.12144486606121063, 0.06388528645038605, -0.0760175958275795, 0.13001003861427307, 0.027390828356146812, -0.09970827400684357, -0.04894769564270973, 0.03376263007521629, -0.094826340675354, -0.0065180230885744095, 0.07254054397344589, 0.11470557004213333, 0.0323755256831646, -0.005542100872844458, -0.036068882793188095, -0.049679726362228394, -0.0173770934343338, 0.019293855875730515, 0.04663410037755966, -0.020607469603419304, -0.03815816342830658, 0.0562250092625618, 0.03197873383760452, -0.07328243553638458, 0.033316098153591156, -0.012561452575027943, -0.08516862243413925, -0.007752233184874058, -0.028152665123343468, 0.00108480011112988, -0.01321135088801384, 0.0544910803437233, 0.09790928661823273, 0.06862763315439224, -0.061603572219610214, -1.8149434254155494e-05, 0.01167566329240799, -0.14301548898220062, -0.021577034145593643, 0.08408727496862411, -0.08563704788684845, 0.003820037702098489, -0.052010390907526016, -0.045395247638225555, -0.015063529834151268, -0.0750589370727539, 0.0059791007079184055, -0.025857115164399147, 0.021094949916005135, 0.04217278212308884, 0.02894800901412964, -0.03224148228764534, -0.013283413834869862, 0.06444021314382553, -0.04576980322599411, 0.009735767729580402, -0.07558625191450119, -0.03397426754236221, 0.07954887300729752, -0.058305393904447556, 0.028743674978613853, -0.00817275419831276, 0.018090398982167244, -0.06956810504198074, -0.014521865174174309, -0.01964958943426609, 0.11457380652427673, -0.002711344277486205, -0.04322389140725136, -0.05214770510792732, -0.012510663829743862, -0.05942894518375397, -0.024306174367666245, 0.03942868113517761, -0.046786610037088394, 0.0162024088203907, -0.003423318499699235, -0.01558084785938263, -0.04996124282479286, -0.06866030395030975, 0.09974288940429688, -0.0030137645080685616, 0.08096665889024734, 0.004609046969562769, -0.06389400362968445, -0.058542389422655106, -0.025138629600405693, 0.05757560953497887, -0.02214617282152176, 0.030985984951257706, 0.015108490362763405, 0.06799767911434174, 0.05041138827800751, -0.06513620913028717, 0.02558141015470028, -0.017141293734312057, 0.013400613330304623, -0.050523336976766586, 0.023722436279058456, -0.03671007603406906, 0.1258673518896103, -0.01195976510643959, 0.02279045432806015, 0.018957670778036118, 0.009261369705200195, 0.09975896030664444, -0.03859512507915497, -0.04341594874858856, -0.10769689083099365, 0.010693374089896679, -0.08410608023405075, -0.08245397359132767, 0.017078174278140068, -0.03367164358496666, 0.05614456161856651, -0.0142142279073596, -0.01096732635051012, -0.056402821093797684, 0.05032197758555412, -0.004221971146762371, 0.014165900647640228, 0.0016657932428643107, -0.03956002742052078, -0.053111255168914795, -0.002236474072560668, -0.02403957210481167, 0.02551366202533245, 0.06726423650979996, -0.0025262797717005014, 0.021459681913256645, 0.09248507767915726, -0.017566632479429245, -0.03968041390180588, 0.02957434207201004, -0.05860694870352745, 0.07885432243347168, 0.03379015624523163, -0.004724328406155109, 0.03764655441045761, -0.026425281539559364, 0.014290349557995796, 0.06743136048316956, -0.06680388748645782, -0.006189357489347458, -0.013911806046962738, 0.02742443047463894, -0.004411166999489069, 0.031844362616539, 0.0016006624791771173, 0.013786179013550282, 0.009697973728179932, -0.05242609605193138, -0.04154341667890549, -0.04461401328444481, -0.0010915804887190461, -0.03710312396287918, -0.03626488521695137, -0.008077782578766346, -0.0951927974820137, -0.08240323513746262, -0.0858943983912468, -0.10505618900060654, -0.009938898496329784, 0.07309722900390625, -0.061335571110248566, -0.013117550872266293, 0.03516416251659393, 0.003178503829985857, -0.05237671360373497, -0.015988795086741447, -0.061490096151828766, 0.04823218286037445, 0.09734529256820679, -0.06637246906757355, 0.10850819945335388, -0.04825976490974426, 0.0197917353361845, 0.06136418133974075, 0.10513268411159515, -0.04932037740945816, 0.046732526272535324, -0.06711047887802124, 0.09107283502817154, 0.0638791099190712, -0.033055104315280914, 0.05890137329697609, 0.05142003297805786, -0.03664591908454895, 0.07232983410358429, 0.007112371269613504, -0.006461725570261478, 0.0024320066440850496, -0.049085117876529694, -0.013715897686779499, 0.02967507764697075, -0.03243047744035721, -0.06327496469020844, 0.015023858286440372, -0.000266742572421208, -0.1063852608203888, 0.06499557197093964, 0.06281626224517822, 0.03653225675225258, -0.12467034161090851, -0.050929952412843704, 0.01668231189250946, 0.07519251108169556, 0.07591179758310318, 0.05842044577002525, 0.06320228427648544, -0.02824835665524006, 0.029341569170355797, -0.07805923372507095, 0.12024940550327301, 0.08694108575582504, -0.03309836611151695, -0.030658183619379997, -0.13123761117458344, 0.06994900852441788, -0.06678137183189392, 0.028165442869067192, 0.030684486031532288, -0.0006835525273345411, 0.023779967799782753, -0.048259902745485306, -0.03403269499540329, 0.05456032603979111, -0.06310082972049713, -0.02066095545887947, 0.04544884338974953, -0.06042161211371422, -0.008693923242390156, -0.03110087662935257, 0.04505861550569534, 0.04958401992917061, 0.012399334460496902, 0.0007922169170342386, -0.016808390617370605, -0.00390059151686728, 0.07733961194753647, 0.011943179182708263, 0.05446130409836769, -0.03338608890771866, -0.0013638196978718042, -0.09347589313983917, 0.015362337231636047, -0.01754887029528618, 0.03742408752441406, 0.028058990836143494, 0.029322117567062378, -0.04862358793616295, 0.05317802354693413, 0.023940980434417725, 0.01593991369009018, 0.0806720107793808, 0.04635845124721527, -0.0460348017513752, -0.044547244906425476, 0.08079617470502853, -0.06155719608068466, -0.0691424235701561, 0.008766577579081059, 0.010014313273131847, -0.001822108868509531, -0.03336447477340698, -0.00044575281208381057, 0.0540863573551178, -0.028210753574967384, -0.06249308958649635, -0.015544606372714043, 0.03796660900115967, 0.04691464826464653, -0.018933478742837906, -0.018948521465063095, -0.030699821189045906, -0.028785139322280884, 0.06069566309452057, 0.05182657763361931, 0.029288044199347496, -0.05940140783786774, 0.0182496290653944, -0.009073293767869473, 0.02810290828347206, -0.026849256828427315, -0.02380976267158985, 0.07757963985204697, 0.0003076050488743931, -0.03293876349925995, -0.035579781979322433, -0.04134754091501236, -0.011175473220646381, -0.059201084077358246]"
55,Wikipedia & Web Search for Afghanistan,"s and brown bears live in the high elevation alpine tundra regions. The Marco Polo sheep exclusively live in the Wakhan Corridor region of north-east Afghanistan. Foxes, wolves, otters, deer, wild sheep, lynx and other big cats populate the mountain forest region of the east. In the semi-desert northern plains, wildlife include a variety of birds, hedgehogs, gophers, and large carnivores such as jackals and hyenas.
Gazelles, wild pigs and jackals populate the steppe plains of the south and west, while mongoose and cheetahs exist in the semi-desert south. Marmots and ibex also live in the high mountains of Afghanistan, and pheasants exist in some parts of the country. The Afghan hound is a na","[0.037830933928489685, -0.022185062989592552, 0.05413760617375374, 0.04436713829636574, 0.02034888230264187, -0.028161853551864624, -0.06401709467172623, -0.07493584603071213, 0.005528295878320932, -0.0718783587217331, 0.05423440784215927, -0.0942026674747467, 0.01970132812857628, 0.004870980512350798, -0.03678996115922928, 0.036304764449596405, 0.02731441706418991, -0.07883480936288834, 0.0678892731666565, -0.08350800722837448, 0.016458852216601372, -0.060777876526117325, -0.019432127475738525, 0.021347852423787117, -0.06998789310455322, -0.09443537890911102, -0.08685865998268127, 0.003108413191512227, -0.017534710466861725, -0.0057511706836521626, 0.027047276496887207, -0.0662488117814064, -0.08963938057422638, -0.07839072495698929, 0.0015809154137969017, 0.06141660735011101, 0.08492638915777206, -0.03413699194788933, -0.014087599702179432, 0.030846871435642242, 0.03256116807460785, -0.03017619252204895, 0.11703643947839737, -0.024371488019824028, -0.012461564503610134, -0.018310120329260826, -0.08265938609838486, 0.010593585669994354, 0.018428048118948936, 0.08203361183404922, 0.008098681457340717, 0.005565635859966278, -0.04319167509675026, 0.08677081018686295, -0.027018338441848755, -0.02366301231086254, 0.0480971597135067, 0.09615453332662582, -0.03145863488316536, 0.0876675471663475, 0.06195995211601257, 0.030609654262661934, 0.0052878884598612785, -0.022678347304463387, 0.004851425997912884, -0.016081003472208977, -0.05295209214091301, -0.020180227234959602, 0.009729710407555103, -0.08649609237909317, -0.0094488225877285, -0.009463474154472351, -0.03362395986914635, -0.03196076676249504, 0.014749519526958466, 0.0558156743645668, 0.0012592356652021408, 0.06597933918237686, 0.0030310985166579485, 0.011450815945863724, 0.00519791292026639, 0.04053279757499695, 0.0016629070742055774, -0.014510727487504482, 0.018896354362368584, -0.028117280453443527, 0.016657618805766106, -0.059489745646715164, -0.03112988919019699, 0.05543627217411995, 0.09379913657903671, -0.02467489056289196, -0.005756191443651915, -0.0020712874829769135, -0.013756302185356617, 0.10851424187421799, 0.06056315824389458, -0.02152489684522152, 0.022487923502922058, -0.02586640790104866, 0.08440620452165604, 0.008001375943422318, 0.05537271127104759, 0.028783759102225304, 0.030058450996875763, -0.04062056168913841, -0.09457158297300339, 0.007858676835894585, -6.66380874463357e-05, 0.04842879995703697, 0.024788688868284225, -0.045971281826496124, -0.02253452129662037, 0.04747321084141731, 0.059040699154138565, -0.09942447394132614, -0.05671916902065277, 0.0005572730442509055, -0.019652731716632843, -0.023956526070833206, -0.029814470559358597, 0.03380198031663895, 0.09427300840616226, 0.05670258030295372, 0.12700155377388, 0.022395959123969078, -0.05608776584267616, 0.11153519153594971, 0.05278517305850983, -0.10281793773174286, 0.005983591079711914, -0.008139412850141525, -0.0656796544790268, -0.02789922058582306, -0.038448136299848557, 0.05661974102258682, 0.011448277160525322, -0.016077250242233276, 0.00041337168659083545, 0.022739268839359283, 0.03890001028776169, -0.0029927140567451715, 0.03406427055597305, 0.008597124367952347, -0.008772658184170723, 0.007151956669986248, -0.01678014174103737, -0.01204716321080923, -0.0743255764245987, 0.008023763075470924, -0.02065866068005562, -0.06558683514595032, 0.05252562835812569, -0.03285651654005051, -0.0034344473388046026, 0.014507674612104893, -0.1282963901758194, 0.03851551190018654, 0.08731898665428162, -0.06484650075435638, -0.04903809353709221, 0.01771649904549122, -0.0035192007198929787, -0.007650892250239849, -0.026338450610637665, -0.015654878690838814, -0.11041997373104095, 0.0061813476495444775, 0.10638285428285599, -0.0016395982820540667, 0.015777574852108955, 0.03531700000166893, 0.07199512422084808, 0.06551438570022583, 0.040974486619234085, -0.027467960491776466, -0.12321501970291138, -0.048840779811143875, -0.06935115903615952, 0.06119754910469055, -0.038767337799072266, 0.006202987395226955, 0.04349680244922638, 0.0657825693488121, -0.07394177466630936, -0.0029733648989349604, -0.0115044005215168, 0.016319872811436653, 0.08979551494121552, -0.03656868636608124, 0.06786664575338364, -0.012174651026725769, 0.08064071089029312, -0.12357970327138901, 0.012682095170021057, 0.029791684821248055, -0.025990977883338928, 0.06397385895252228, 0.09245013445615768, -0.027012376114726067, 0.04688369855284691, -0.050264108926057816, -0.04070479795336723, -0.03152502700686455, -0.03340904787182808, -0.009237071499228477, 0.07381168752908707, -0.013454368337988853, 0.039971232414245605, -0.0026084950659424067, 0.0270548053085804, 0.04353945329785347, -0.04211172088980675, -0.010060826316475868, -0.012920847162604332, -0.04162800312042236, -0.013703779317438602, -0.09789419174194336, 0.01947772316634655, 0.08368848264217377, -0.017743170261383057, -0.03206383436918259, -0.046384040266275406, -0.05703889951109886, 0.03445545956492424, 0.0050713191740214825, 0.0857357457280159, -0.015793129801750183, -0.043053582310676575, 0.011923467740416527, 0.045619696378707886, 0.06903249770402908, 0.023583700880408287, 0.037144310772418976, -0.053928177803754807, -0.04837988689541817, 0.05972025915980339, 0.06259629130363464, 0.0896882638335228, 0.039932578802108765, 0.024217167869210243, -0.004721726290881634, -0.014703928492963314, 0.02550673857331276, -0.05126349255442619, -0.0445328950881958, -0.02679447829723358, 0.06322577595710754, -0.03928764536976814, 0.012571163475513458, 0.04515482857823372, -0.062448736280202866, -0.08076897263526917, -0.011666538193821907, -0.08559165894985199, 0.0034609877038747072, -0.012241797521710396, 0.07520081847906113, 0.03280586376786232, -0.04819352552294731, 0.01058940775692463, 0.06849970668554306, -0.04706234484910965, -0.017111895605921745, 0.06148494407534599, -0.04311547055840492, 0.027847018092870712, 0.019834235310554504, 0.04448000341653824, 0.05318722128868103, -0.03430726006627083, 0.0953349620103836, -0.05253725126385689, 0.03295104205608368, 0.03422519564628601, -0.0426969900727272, 0.034505803138017654, -0.023814646527171135, 0.02353697270154953, -0.011551937088370323, -0.031100353226065636, 0.039942774921655655, -0.010288460180163383, 0.0477537102997303, -0.05174423009157181, -0.10542026162147522, 0.051719266921281815, -0.024313634261488914, -0.07742378115653992, -0.022971559315919876, -0.0562305673956871, 0.036638543009757996, -0.024174658581614494, -0.056413449347019196, 0.07527148723602295, -0.07952228933572769, 0.007455546408891678, -0.019079061225056648, 0.006760541349649429, 0.07554876059293747, 0.1158885806798935, -0.026724617928266525, 0.040438055992126465, -0.025009676814079285, -0.035359423607587814, 0.05009765923023224, -0.008372664451599121, 0.027243314310908318, 0.10285427421331406, -0.0020545274019241333, -0.07692349702119827, -0.013235737569630146, 0.09566246718168259, -0.009265249595046043, 0.027079613879323006, 0.059160180389881134, -0.018638594076037407, -0.10108422487974167, 0.03106614388525486, -0.05654160678386688, -0.014119261875748634, -0.04658035188913345, -0.13958165049552917, 0.057967785745859146, -0.025881852954626083, 0.03352317959070206, -0.026729753240942955, 0.029995257034897804, 0.021005043759942055, 0.10200681537389755, 0.009145998395979404, 0.08645966649055481, -0.007337185088545084, -0.02043651044368744, 0.009765050373971462, -0.047591134905815125, -0.029760723933577538, -0.016204291954636574, -0.018736593425273895, 0.05221101641654968, -0.13055479526519775, -0.024323975667357445, -0.01347616408020258, 0.017451679334044456, 0.022579247131943703, -0.10590041428804398, 0.015498043969273567, -0.04444701597094536, 0.05181404575705528, 0.006520730908960104, -0.022088374942541122, 0.017491457983851433, -0.05726668983697891, -0.06525722146034241, 0.06737500429153442, 0.04172085225582123, -0.06929389387369156, 0.037222422659397125, 0.017815232276916504, -0.06808555871248245, 0.02585824392735958, -0.03246118128299713, 0.1104169636964798, -0.03496010974049568, 0.018344571813941002, -0.0053138528019189835, 0.0020888231229037046, 0.01727428287267685, 0.03442782163619995, -0.016692619770765305, -0.044478531926870346, -0.0038414872251451015, -0.018692968413233757, -0.0010957049671560526, -0.015550775453448296, 0.007819327525794506, 0.00228046253323555, -0.11689499765634537, 0.00962232518941164, 0.0975693091750145, 0.04544804245233536, -0.1013449877500534, 0.00806286372244358, -0.04345575347542763]"
56,Wikipedia & Web Search for Afghanistan,"tive breed of dog known for its fast speed and its long hair; it is relatively known in the west.
Endemic fauna of Afghanistan includes the Afghan flying squirrel, Afghan snowfinch, Paradactylodon (or the ""Paghman mountain salamander""), Stigmella kasyi, Vulcaniella kabulensis, Afghan leopard gecko, Wheeleria parviflorellus, among others. Endemic flora include Iris afghanica. Afghanistan has a wide variety of birds despite its relatively arid climate – an estimated 460 species of which 235 breed within.
The forest region of Afghanistan has vegetation such as pine trees, spruce trees, fir trees and larches, whereas the steppe grassland regions consist of broadleaf trees, short grass, perennial","[-0.016098134219646454, -0.04189246892929077, -0.013039903715252876, 0.05498862266540527, 0.005662641488015652, -0.020059889182448387, -0.022999834269285202, -0.06441078335046768, 0.028859036043286324, -0.07512882351875305, 0.044840749353170395, -0.030321849510073662, 0.06884832680225372, -0.06752186268568039, -0.064669668674469, -0.015256996266543865, 0.022643735632300377, -0.04186918959021568, 0.03482314944267273, -0.03735648840665817, 0.02927251160144806, 0.03253520280122757, 0.07230976969003677, 0.0010761944577097893, -0.026184190064668655, -0.07918697595596313, -0.05340538173913956, -0.0139435064047575, -0.002689299639314413, -0.007704074494540691, 0.015815524384379387, 0.012414130382239819, -0.008369170129299164, 0.00405155448243022, -0.02815159596502781, 0.03499528765678406, 0.014620639383792877, -0.043279387056827545, 0.05650114640593529, 0.10370467603206635, 0.023078517988324165, 0.020688099786639214, 0.06861231476068497, -0.000535645813215524, -0.04618892818689346, 0.0005569918430410326, -0.12064024060964584, -0.05428534746170044, 0.02443574368953705, 0.05625179409980774, -0.006038601044565439, -0.004160628654062748, -0.01125518511980772, 0.014341878704726696, 0.08843347430229187, -0.0746898204088211, 0.038169004023075104, 0.09393525123596191, -0.02285205014050007, 0.09318048506975174, -0.011303014121949673, 0.0020291537512093782, -0.023471074178814888, -0.02405049279332161, -0.06544264405965805, -0.03509083762764931, -0.03859379515051842, -0.006768234074115753, 0.011741540394723415, -0.03617451339960098, 0.04065440222620964, 0.011653867550194263, -0.07179271429777145, 0.08254355937242508, -0.019136616960167885, -0.011978525668382645, -0.017107680439949036, 0.008649153634905815, -0.03184032067656517, 0.011841503903269768, 0.07175865024328232, 0.0035615896340459585, 0.08002050220966339, 0.03660175949335098, 0.13017220795154572, -0.04175744950771332, 0.008360792882740498, -0.0316275991499424, -0.09283975511789322, 0.049043919891119, 0.028255203738808632, 0.02068372257053852, -0.023923063650727272, 0.02379566989839077, 0.013350642286241055, 0.18064695596694946, 0.05448674038052559, -0.0777493566274643, -0.0599236823618412, 0.006394778378307819, 0.05766630172729492, -0.040739938616752625, 0.0035668800119310617, 0.025622716173529625, 0.00938576553016901, -0.005029333755373955, -0.032989904284477234, -0.09686340391635895, -0.058605484664440155, 0.05090638995170593, -0.0362544059753418, 0.005396686028689146, -0.10941389948129654, -0.028589222580194473, 0.016444461420178413, -0.13117799162864685, -0.04294814541935921, -0.023401102051138878, -0.0034295320510864258, 0.017142614349722862, -0.021235596388578415, -0.0026388750411570072, 0.04534228891134262, 0.014576633460819721, 0.142251655459404, 0.004180590622127056, -0.011578311212360859, 0.0840645581483841, 0.011349083855748177, -0.09719613939523697, -0.030496036633849144, -0.020706240087747574, -0.11227629333734512, -0.032903362065553665, 0.05675165727734566, -0.0036020867992192507, -0.0028272573836147785, 0.006657073274254799, -0.08237208425998688, 0.014448492787778378, -0.0720938891172409, -0.02918812818825245, 0.10301815718412399, 0.02345160022377968, -0.05611705780029297, 0.06713540107011795, 0.013658702373504639, -0.01471068523824215, -0.0439361035823822, 0.07500804960727692, 0.012790094129741192, -0.12464192509651184, 0.043352507054805756, -0.05718155950307846, -0.009036442264914513, -0.03663952276110649, -0.006020354572683573, 0.03599575161933899, 0.07989079505205154, -0.07780792564153671, -0.0963621661067009, -0.019872235134243965, -0.006474308669567108, -0.003365817479789257, -0.08938686549663544, -0.020228274166584015, -0.06720777601003647, 0.043774381279945374, 0.059740595519542694, 0.004924333654344082, -0.040614400058984756, -0.0388832725584507, 0.09634234011173248, 0.05939929187297821, -0.03161102533340454, -0.021405169740319252, -0.11048712581396103, 0.00472891004756093, -0.01717180199921131, 0.07909975200891495, 0.08368907123804092, 0.0656103789806366, 0.06052875518798828, 0.04718032851815224, -0.04462733864784241, 0.05847471207380295, -0.024318166077136993, 0.03291499242186546, 0.04318747669458389, 0.02535407803952694, 0.046747222542762756, -0.0061300648376345634, 0.06403826177120209, -0.07091035693883896, 0.002067698398604989, 0.015968332067131996, -0.007440440356731415, 0.09338854998350143, 0.03402377665042877, -0.109653539955616, -0.06963206827640533, -0.03504502400755882, 0.048907261341810226, -0.046417202800512314, 0.037005480378866196, -0.007770137395709753, 0.01139784324914217, -0.008402658626437187, 0.07357180863618851, 0.065445676445961, 0.0030814860947430134, 0.04472310468554497, -0.0774715393781662, 0.01334691233932972, -0.06583048403263092, 0.027997074648737907, -0.033710796386003494, -0.024049634113907814, 0.07428843528032303, 0.06737682968378067, -0.006428733002394438, -0.0103069469332695, -0.06260430067777634, 0.0083352355286479, 0.03784245625138283, -0.015994980931282043, 0.04298880696296692, 0.03144266456365585, -0.05344989895820618, 0.02122391015291214, -0.06074991449713707, -0.012530086562037468, -0.040990907698869705, 0.03318186476826668, 0.02514011785387993, -0.04665215313434601, 0.0907718613743782, 0.027396533638238907, 0.10374307632446289, 0.05260109901428223, -0.02315000258386135, -0.024737460538744926, 0.053166795521974564, -0.020213311538100243, -0.018154358491301537, -0.042651787400245667, 0.053482916206121445, 0.03395935520529747, -0.12331357598304749, 0.00838263425976038, -0.028354905545711517, -0.013628451153635979, -0.037256430834531784, -0.06597870588302612, 0.09993789345026016, -0.09900796413421631, -0.06794032454490662, 0.11321970075368881, 0.04898457229137421, -0.014108371920883656, -0.046234872192144394, 0.050688982009887695, -0.010582702234387398, -0.01966748759150505, 0.03695214167237282, 0.005362652707844973, 0.06367365270853043, -0.014205296523869038, 0.07007542997598648, -0.02977653220295906, 0.01154423225671053, 0.0476304329931736, 0.015643708407878876, -0.025052335113286972, 0.11018694192171097, 0.043621975928545, 0.000751627841964364, -0.03665518760681152, -0.03860059380531311, -0.11974534392356873, -0.0991704985499382, 0.017005231231451035, 0.07513708621263504, 0.06882547587156296, -0.07772950083017349, 0.015677323564887047, -0.013394230976700783, 0.048056092113256454, -0.10419260710477829, -0.07236786186695099, -0.03843236714601517, 0.0013954517198726535, -0.06684964895248413, 0.017605559900403023, 0.051993969827890396, -0.006437990348786116, -0.03637944534420967, 0.04680570587515831, 0.012825646437704563, 0.04351823031902313, 0.08518582582473755, 0.016054879873991013, -0.002731402637436986, 0.015910973772406578, -0.02508336864411831, 0.06458421051502228, -0.017985336482524872, -0.04229355975985527, -0.02427566796541214, -0.023197200149297714, -0.041407447308301926, 0.014400203712284565, 0.06145521625876427, -0.017412954941391945, 0.08052407205104828, 0.07530854642391205, -0.05562540143728256, -0.02193046361207962, 0.0005396719789132476, -0.004482713993638754, 0.007506557274609804, 0.013996378518640995, -0.03059634566307068, 0.06573083996772766, -0.05330232158303261, 0.06318256258964539, -0.052436791360378265, -0.03989465907216072, -0.027118010446429253, -0.005624647252261639, 0.061271898448467255, 0.0691637247800827, -0.02864733710885048, 0.06031053140759468, -0.03760530427098274, -0.018770458176732063, -0.06720221787691116, 0.009993530809879303, 0.021584004163742065, 0.0015997824957594275, -0.009283467195928097, -0.02756151743233204, 0.02596050687134266, -0.010594410821795464, -0.02954220585525036, 0.019318385049700737, -0.04458896443247795, -0.023231349885463715, 0.03922382369637489, 0.0626954734325409, -0.013109281659126282, 0.03252989798784256, -0.022591374814510345, -0.02139543555676937, 0.017792396247386932, 0.03386378288269043, -0.07962404936552048, -0.015020661987364292, -0.01926329731941223, 0.0041319336742162704, 0.0817754715681076, -0.006126616150140762, 0.011732094921171665, -0.0008884375565685332, 0.021063901484012604, -0.040100064128637314, 0.09587759524583817, -0.06760933995246887, 0.03294367343187332, 0.0038303271867334843, 0.0004731377412099391, -0.061504803597927094, -0.04689932242035866, -0.003555734409019351, -0.06067604571580887, 0.05671574920415878, -0.045722201466560364, -0.06410755962133408, -0.004389282315969467, 0.029248900711536407, -0.05015428364276886, -0.07095330953598022, 0.06922201812267303, 0.06641089916229248]"
57,Wikipedia & Web Search for Afghanistan," plants and shrublands. The colder high elevation regions are composed of hardy grasses and small flowering plants. Several regions are designated protected areas; there are three national parks: Band-e Amir, Wakhan and Nuristan. Afghanistan had a 2018 Forest Landscape Integrity Index mean score of 8.85/10, ranking it 15th globally out of 172 countries.

Government and politics
Following the effective collapse of the Islamic Republic of Afghanistan during the 2021 Taliban offensive, the Taliban declared the country an Islamic Emirate. A new caretaker government was announced on 7 September. As of July 2025, only the Russian Federation has recognized the Islamic Emirate of Afghanistan as the ","[0.04860880598425865, 0.054643627256155014, -0.003848491935059428, 0.062298644334077835, 0.07766874134540558, 0.029541365802288055, -0.03788398951292038, -0.05149984359741211, -0.014639020897448063, 0.045179206877946854, 0.009642505086958408, -0.01661812886595726, 0.12353848665952682, -0.026828719303011894, -0.02833658456802368, 0.031927164644002914, -0.03439391776919365, -0.026341063901782036, 0.037674322724342346, -0.012421758845448494, 0.012447443790733814, -0.05209497734904289, 0.04845026880502701, -0.010817752219736576, 0.046336427330970764, -0.04943066090345383, -0.05488382652401924, -0.004777753259986639, -0.0051775528118014336, -0.019497668370604515, 0.013938593678176403, 0.00276262778788805, -0.01377871073782444, 0.06382863968610764, -0.020381834357976913, 0.08108682930469513, -0.0034221403766423464, 0.0005871399189345539, 0.005907229147851467, 0.05985424667596817, 0.008085574023425579, -0.020997393876314163, 0.08844900876283646, -0.006530510261654854, 0.046687010675668716, -0.005096039734780788, -0.043051864951848984, -0.03623884171247482, -0.11119477450847626, -0.03963315114378929, 0.04769398644566536, 0.03692982345819473, -0.028370460495352745, -0.020949428901076317, -0.01658371463418007, -0.0711253359913826, 0.0005390090518631041, 0.03160639852285385, -0.045173320919275284, 0.06415190547704697, -0.002456734189763665, 0.009515122510492802, -0.06354019045829773, -0.0545213408768177, -0.011496779508888721, 0.03761320561170578, 0.024987561628222466, -0.05605058744549751, 0.007541493512690067, -0.07068268209695816, 0.0361822247505188, 0.049981869757175446, -0.009854372590780258, -0.1298719048500061, -0.030804209411144257, 0.00345691223628819, -0.041968267410993576, 0.10929545015096664, 0.007089351769536734, -0.0360427089035511, 0.1225677877664566, 0.045554861426353455, 0.05866606906056404, -0.012995167635381222, -0.010308440774679184, -0.07911638170480728, 0.014086294919252396, 0.002686684252694249, -0.0064039211720228195, -0.017875000834465027, 0.11325114220380783, 0.01804848201572895, 0.0009962694020941854, 0.0989232137799263, 0.026003612205386162, 0.07765960693359375, -0.0020379661582410336, -0.10665535926818848, -0.021265877410769463, 0.039239551872015, 0.00841636210680008, 0.006658834405243397, -0.02019048109650612, 0.03487033769488335, -0.005419318564236164, 0.03124455362558365, 0.016656484454870224, -0.06877540796995163, -0.07575461268424988, 0.016048122197389603, -0.04229014366865158, -0.076229989528656, -0.037360213696956635, 0.009354145266115665, 0.004668122157454491, -0.08283975720405579, 0.018864359706640244, 0.020758366212248802, -0.015201974660158157, -0.07786007225513458, -0.05818113312125206, -0.023589001968503, 0.10237760841846466, 0.02889099530875683, 0.13419733941555023, 0.05420535430312157, -0.050950996577739716, 0.034512631595134735, 0.0167536661028862, -0.05562808737158775, -0.04905227571725845, -0.008733688853681087, -0.08817922323942184, -0.0068590352311730385, -0.02697259560227394, -0.049169596284627914, -0.034724753350019455, 0.03436505049467087, 0.06824491918087006, 0.0352150984108448, 0.060434117913246155, 0.01226568128913641, 0.1061491072177887, 0.026019347831606865, 0.009390624240040779, 0.10330276191234589, -0.06013333424925804, -0.0032526846043765545, -0.05267710983753204, -0.007317211013287306, 0.050636764615774155, -0.1044401228427887, 0.05302181839942932, -0.009183424524962902, 0.023064035922288895, 0.0024731417652219534, -0.10488936305046082, 0.017217572778463364, 0.13303375244140625, 0.018748169764876366, -0.08118470013141632, -0.07506927847862244, -0.0055010756477713585, 0.02749703824520111, -0.07634327560663223, 0.0017907165456563234, -0.10317184776067734, -0.059709083288908005, 0.003315175650641322, -0.015100402757525444, -0.006053532008081675, -0.042226385325193405, 0.14293242990970612, 0.03557983785867691, 0.034263599663972855, -0.10646052658557892, -0.0868285521864891, -0.03561079129576683, -0.052104733884334564, 0.08022518455982208, -0.023150591179728508, 0.014751692302525043, -0.013808307237923145, 0.04674002155661583, 0.02117222733795643, 0.06478231400251389, 0.017906391993165016, 0.018855879083275795, 0.0327758751809597, -0.0013682753778994083, -0.09055789560079575, -0.055706582963466644, 0.0174881462007761, -0.015344269573688507, -0.015078151598572731, 0.02293696440756321, 0.015041946433484554, 0.12032850831747055, 0.05013308301568031, -0.0005146967596374452, -0.0008675278513692319, 0.04477424547076225, -0.10505378246307373, -0.030007753521203995, -0.014104381203651428, -0.0033980391453951597, 0.03998337313532829, -0.06519806385040283, -0.024427764117717743, 0.036974795162677765, 0.02579008974134922, -0.036006126552820206, -0.033214058727025986, -0.0448819063603878, 0.0006937039433978498, 0.00038618777762167156, -0.01539439894258976, -0.04648733511567116, -0.08386716991662979, 0.09633933752775192, 0.07365623116493225, -0.01568916067481041, -0.014699188061058521, -0.051942888647317886, 0.05393417179584503, 0.029233649373054504, -0.038067545741796494, 0.03313007578253746, -0.029345788061618805, 0.08603808283805847, 0.012736596167087555, -0.03864258527755737, -0.04590877890586853, 0.08429446816444397, -0.02127799205482006, 0.04074840992689133, 0.06197838857769966, -0.024965837597846985, 0.03862806782126427, 0.03513258323073387, -0.12328841537237167, -0.03451250493526459, 0.013942278921604156, 0.01576307974755764, 0.02571074105799198, -0.05718839168548584, -0.024657512083649635, 0.08348853886127472, -0.055088043212890625, 0.012104235589504242, -0.0482926145195961, -0.06715290248394012, -0.05495483800768852, -0.01821008324623108, 0.010456332936882973, 0.031017640605568886, -0.10109946876764297, 0.04768677055835724, 0.04027354717254639, -0.04473850503563881, -0.0017435707850381732, -0.12352519482374191, -0.07116682082414627, 0.10573995858430862, 0.07689520716667175, 0.020031623542308807, 0.05071369558572769, 0.03583002835512161, -0.03232515603303909, 0.0492144413292408, 0.06121499091386795, 0.05755016580224037, -0.0018069404177367687, -0.14766725897789001, -0.002488801022991538, 0.06646627187728882, -0.0642440915107727, -0.007404430769383907, 0.12274082750082016, -0.014784829691052437, 0.020031198859214783, 0.0725732073187828, -0.009605580009520054, -0.017040783539414406, -0.055633194744586945, -0.10356079787015915, -0.01070713996887207, 0.020602675154805183, -0.07229448109865189, 0.04000745713710785, 0.05505992844700813, -0.03263407573103905, 0.004445790313184261, 0.06310035288333893, 0.004915596917271614, -0.02834482118487358, -0.05849771946668625, 0.01925731636583805, -0.022098863497376442, 0.01645250804722309, 0.09789269417524338, 0.032825812697410583, 0.01996755599975586, 0.011355963535606861, 0.01857614889740944, 0.052171673625707626, -0.04659232869744301, -0.003975764848291874, 0.08677133172750473, -0.005752069875597954, 0.05934678763151169, -0.07502371817827225, 0.0214608833193779, -0.00752604752779007, 0.015589190647006035, 0.03215290978550911, -0.015551581978797913, -0.015988780185580254, 0.024438807740807533, -0.05328533425927162, -0.053660228848457336, 0.06786278635263443, -0.0892300233244896, 0.06822443008422852, -0.053894322365522385, 0.06595152616500854, 0.031048033386468887, -0.018854105845093727, -0.0468173585832119, 0.011614722199738026, 0.03856471925973892, 0.03396357223391533, -0.11260151118040085, 0.050898078829050064, -0.025662336498498917, -0.014617837965488434, 0.014646731317043304, 0.010618072003126144, 0.005436592735350132, 0.02725640870630741, -0.02011144906282425, 0.015620089136064053, -0.03391003981232643, -0.06878113746643066, 0.04952778294682503, 0.018537500873208046, -0.044766318053007126, 0.006832856219261885, 0.0018282297533005476, 0.03526448458433151, 0.06376039236783981, -0.013085632584989071, -0.03437270596623421, -0.015656620264053345, 0.060513291507959366, 0.081995390355587, -0.0737360417842865, 0.014690157026052475, 0.03427082300186157, -0.03694266453385353, -0.041991934180259705, -0.03625266253948212, 0.06695445626974106, 0.025580398738384247, -0.024227475747466087, 0.009269635193049908, 0.0027156744617968798, 0.028545832261443138, 0.04178579896688461, 0.04128225892782211, 0.030252333730459213, -0.06938551366329193, -0.05210151523351669, -0.020874492824077606, -0.03123251162469387, 0.011245861649513245, -0.0027580060996115208, -0.07185836881399155, 0.021821986883878708, 0.027275796979665756, -0.004795867949724197, -0.05104806274175644, -0.06526456028223038, -0.008030170574784279]"
58,Wikipedia & Web Search for Afghanistan,"de jure government of Afghanistan. In the V-Dem Democracy Indices, Afghanistan ranks amongst the lowest as a ""closed autocracy,"" ranking at 176th and 177th out of 179 countries in electoral democracy and liberal democracy indices respectively. Afghanistan operates on a centralised unitary form of government.
A traditional instrument of governance in Afghanistan is the loya jirga (grand assembly), a Pashtun consultative meeting that was mainly organized for choosing a new head of state, adopting a new constitution, or to settle national or regional issue such as war. Loya jirgas have been held since at least 1747, with the most recent one occurring from June to July 2022.

Development of Tali","[0.0073188492096960545, 0.017818095162510872, 0.007980944588780403, -0.04891911521553993, 0.012895643711090088, 0.015165668912231922, -0.012973726727068424, 0.017537197098135948, 0.011874142102897167, 0.03617236018180847, -0.03034794144332409, 0.03223288804292679, 0.11706247925758362, -0.03240787237882614, 0.019096096977591515, 0.03473026305437088, -0.06906116753816605, 0.014277617447078228, 0.019564079120755196, 0.0005870466702617705, 0.03153097629547119, -0.07226430624723434, 0.056378040462732315, -0.03048238344490528, 0.141097754240036, -0.009840582497417927, 0.06844346225261688, -0.028077395632863045, 0.006038145627826452, -0.06468237191438675, 0.03810393810272217, -0.06646203994750977, 0.026311764493584633, 0.1133597269654274, -0.024570895358920097, 0.034247055649757385, 0.02100364677608013, 0.02919265627861023, 0.06008486822247505, -0.027525044977664948, 0.0050248391926288605, -0.0230261217802763, 0.008996386080980301, 0.02436213009059429, 0.014629168435931206, -0.013240235857665539, 0.0012100780149921775, 0.019140195101499557, -0.1193215399980545, -0.03306261822581291, 0.09977500140666962, 0.08981978893280029, -0.05696550011634827, 0.08151883631944656, 0.03197210282087326, -0.04732239991426468, -0.01803201250731945, -0.03616391122341156, -0.021041974425315857, -0.03250572085380554, -0.04066082090139389, 0.04397435858845711, -0.027232494205236435, 2.0750418116222136e-05, -0.030439015477895737, 0.03266189992427826, 0.06060926988720894, -0.04058457165956497, -0.09076093882322311, -0.037729375064373016, 0.05556437745690346, -0.04553815349936485, 0.02486564591526985, 0.018237384036183357, -0.011493969708681107, -0.062319036573171616, -0.04517481476068497, 0.10933953523635864, 0.0879698097705841, 0.036377809941768646, 0.13617432117462158, 0.14494697749614716, 0.056514766067266464, 0.014285813085734844, -0.023578263819217682, -0.07066377997398376, -0.022166941314935684, -0.01119296159595251, 0.015075054951012135, -0.08037246763706207, 0.0229272972792387, 0.07070167362689972, 0.06433013826608658, 0.05189724266529083, 0.024411236867308617, 0.00424156803637743, 0.09981950372457504, 0.024289261549711227, -0.02715107798576355, 0.02743290364742279, -0.07894766330718994, 0.04220713675022125, -0.02430817298591137, 0.04090537503361702, 0.018561216071248055, 0.06334094703197479, 0.0009718564688228071, -0.1325242966413498, -0.08426642417907715, 0.02085590921342373, -0.056271713227033615, -0.03740883991122246, -0.04750740900635719, -0.01333598792552948, -0.010997886769473553, -0.07294034212827682, -0.008666998706758022, 0.059250250458717346, 0.01598208397626877, -0.05782649666070938, -0.003053675638511777, -0.028213195502758026, 0.012340715155005455, 0.01178138516843319, 0.15466926991939545, 0.07069570571184158, -0.054789382964372635, 0.031689468771219254, -0.03344547003507614, -0.14933228492736816, -0.03950381651520729, -0.01264110580086708, -0.07438096404075623, -0.002841448411345482, -0.0012715430930256844, -0.08399033546447754, -0.03995020315051079, 0.055663902312517166, 0.026247406378388405, -0.014822336845099926, -0.10218479484319687, 0.014551489613950253, 0.0482102707028389, 0.04219305142760277, -0.07841584831476212, 0.06857078522443771, -0.00652717100456357, -0.04932408034801483, -0.07643365859985352, 0.03857985883951187, 0.04135575145483017, -0.0697512999176979, 0.021275119855999947, -0.03484898805618286, -0.016524355858564377, -0.022640004754066467, -0.00509654963389039, 0.048220787197351456, 0.053374890238046646, -0.047347258776426315, -0.038650285452604294, -0.06015507131814957, -0.02695433609187603, 0.02860995940864086, -0.03208475559949875, -0.014648422598838806, -0.05990982428193092, -0.07333769649267197, -0.012983717024326324, 0.05293197184801102, -0.008357087150216103, -0.042003437876701355, 0.08211439847946167, 0.008358419872820377, 0.04054770618677139, -0.03759472817182541, -0.0032859996426850557, 0.02685820311307907, -0.0292064119130373, -0.003379659727215767, -0.00275762309320271, -0.009090926498174667, 0.0033875114750117064, 0.031828489154577255, 0.020100977271795273, 0.04655647650361061, -0.03548246994614601, 0.012564023956656456, -0.0037292614579200745, -0.06342639774084091, -0.00684419646859169, -0.0023003623355180025, -0.005959186237305403, -0.0075090192258358, -0.05582062527537346, -0.016499249264597893, 0.1049557775259018, 0.04958091676235199, 0.05629514157772064, -0.05285826325416565, -0.06739366054534912, 0.08395678550004959, -0.0554717592895031, -0.0450868159532547, 0.06163385882973671, -0.019577011466026306, 0.016914524137973785, -0.11782543361186981, 0.0015716897323727608, -0.010710740461945534, 0.07084009796380997, 0.030816342681646347, -0.03429055213928223, 0.008150442503392696, 0.018375195562839508, -0.0700344443321228, -0.0672425627708435, 0.06708953529596329, -0.09232302755117416, 0.0070687574334442616, -0.061076950281858444, 0.0366879403591156, 0.006879907101392746, -0.01835537515580654, -0.004183066077530384, -0.028871528804302216, -0.03201407939195633, 0.051268838346004486, -0.01717284694314003, 0.09524832665920258, 0.02118588238954544, -0.11410146951675415, -0.030729563906788826, 0.03915673866868019, 0.038462601602077484, -0.05709187313914299, 0.12077634036540985, 0.03135538473725319, 0.0946119949221611, -0.028101447969675064, 0.042157407850027084, -0.052820220589637756, 0.03051893599331379, 0.06304861605167389, 0.005716042127460241, 0.0304998941719532, -0.05075841769576073, 0.050810009241104126, 0.023487292230129242, -0.0290899109095335, -0.1260959804058075, 0.014210926368832588, 0.020922187715768814, -0.06835849583148956, 0.10168758779764175, -0.09553523361682892, 0.005214915610849857, 0.0632687509059906, 0.06366648524999619, -0.0866490975022316, -0.016949573531746864, -0.046251341700553894, -0.027474533766508102, 0.020640762522816658, 0.07648061960935593, -0.025948941707611084, -0.00045037796371616423, 0.01929851435124874, -0.040072958916425705, 0.01816060207784176, 0.0025043331552296877, 0.033622365444898605, 0.059166233986616135, -0.09748031944036484, -0.04041382297873497, 0.03082151524722576, 0.01781543530523777, -0.049902886152267456, 0.09736859053373337, -0.002037591300904751, -0.014869662933051586, 0.05091620236635208, 0.04050580412149429, -0.029053570702672005, -0.012737425044178963, -0.04578647017478943, 0.04640992358326912, -0.0031857406720519066, -0.06038137897849083, 0.05027618259191513, -0.0198605265468359, 0.0049794442020356655, 0.03425708785653114, 0.051638953387737274, 0.002489144681021571, -0.045889243483543396, -0.05094580352306366, -0.006992790848016739, 0.07724224776029587, 0.04191499203443527, 0.06260906159877777, 0.05277082696557045, -0.03375070542097092, -0.021636441349983215, -0.03340586647391319, 0.12160305678844452, -0.08012967556715012, -0.04380054026842117, -0.0628514364361763, 0.01319687720388174, 0.024394746869802475, -0.049011386930942535, 0.0030502378940582275, 0.03182033449411392, 0.053681887686252594, 0.005726141855120659, 0.06939215213060379, -0.03125722333788872, -0.034274157136678696, -0.06273666024208069, 0.012396628968417645, 0.046045709401369095, 0.006173198577016592, -0.053537510335445404, -0.07932444661855698, 0.04725036397576332, 0.011864881031215191, -0.06014232710003853, -0.029552074149250984, 0.013058340176939964, 0.0874616950750351, 0.036651741713285446, -0.09132426232099533, -0.005615333095192909, -0.07619738578796387, -0.022074108943343163, -0.07885408401489258, 0.04506378993391991, -0.06308179348707199, -0.02448398433625698, 0.059341348707675934, -0.03575975075364113, -0.05893207713961601, -0.01616382785141468, 0.05297400802373886, 0.04354569688439369, 0.011177397333085537, -0.020057620480656624, -0.000504554423969239, 0.05693528428673744, -0.010711927898228168, 0.007274416740983725, 0.03090120293200016, -0.01623397506773472, -0.04750475659966469, 0.04569459706544876, -0.05557958781719208, -0.004530010744929314, 0.02434270642697811, -0.018323222175240517, 0.07141710817813873, -0.03171677887439728, 0.05656706169247627, 0.008057840168476105, 0.013145728968083858, 0.05301406607031822, 0.04240468144416809, 0.024461250752210617, 0.05922313779592514, -0.004120878875255585, 0.07604515552520752, -0.08638099581003189, -0.010484139434993267, 0.012439361773431301, -0.024872008711099625, -0.018365636467933655, -0.014354725368320942, 0.01933029480278492, -0.07991756498813629, -0.03677457943558693, -0.08123178035020828, -0.03814198076725006, 0.00861936341971159, 0.013529566116631031]"
59,Wikipedia & Web Search for Afghanistan,"ban government
On 17 August 2021, the leader of the Taliban-affiliated Hezb-e-Islami Gulbuddin party, Gulbuddin Hekmatyar, met with both Hamid Karzai, the former President of Afghanistan, and Abdullah Abdullah, the former chairman of the High Council for National Reconciliation and former Chief Executive, in Doha, Qatar, with the aim of forming a national unity government. President Ashraf Ghani, having fled the country during the Taliban advance to either Tajikistan or Uzbekistan, emerged in the United Arab Emirates and said that he supported such negotiations and was in talks to return to Afghanistan. Many figures within the Taliban generally agreed that continuation of the 2004 Constituti","[-0.05144953727722168, 0.08117161691188812, 0.0031552824657410383, -0.008414940908551216, -0.009078738279640675, 0.02629142627120018, 0.02888675406575203, -0.04502689465880394, 0.030836239457130432, -0.00032007848494686186, -0.03086438775062561, 0.0139070525765419, 0.044340889900922775, -0.049781013280153275, 0.09238988906145096, 0.03151159733533859, -0.02797054871916771, -0.0010543151292949915, -0.023100614547729492, -0.06430114805698395, 0.04079850763082504, -0.043795302510261536, 0.010548022575676441, -0.0005274148425087333, 0.06483609974384308, -0.0660628229379654, 0.03203856572508812, -0.022558435797691345, 0.02305813878774643, 0.012431689538061619, 0.023579975590109825, -0.06102776154875755, -0.01751818135380745, 0.03958623483777046, 0.05529773607850075, 0.08948484808206558, 0.03285617008805275, 0.08746226876974106, 0.005843023769557476, 0.008442657999694347, 0.05551593005657196, 0.03648015484213829, 0.012118636630475521, 0.027651377022266388, -0.0010455165756866336, -0.03665903955698013, -0.017490359023213387, -0.018275907263159752, -0.08932290971279144, -0.02111918292939663, 0.06812440603971481, 0.07157281041145325, 0.013802969828248024, -0.0688023716211319, 0.05330904200673103, -0.046685002744197845, -0.02651912346482277, -0.029422741383314133, -0.0303720161318779, -0.01958043873310089, -0.08195891231298447, 0.06612595170736313, -0.07719646394252777, -0.03604591265320778, -0.08010060340166092, -0.034348271787166595, 0.03655463457107544, -0.09326248615980148, 0.03261613845825195, 0.0058559393510222435, 0.009045887738466263, 0.016008445993065834, 0.03396113961935043, 0.00399381946772337, -0.08162768930196762, -0.05661801993846893, -0.006682226900011301, 0.09832244366407394, -0.02648308128118515, 0.008484972640872002, 0.09621704369783401, 0.09135064482688904, 0.02086489088833332, -0.018180737271904945, -0.012315891683101654, 0.016593588516116142, -0.06552667170763016, 0.01744285598397255, 0.04511391744017601, -0.09191367775201797, 0.05372641608119011, 0.033891789615154266, 0.06334609538316727, 0.012826003134250641, 0.10548005998134613, 0.004534591920673847, 0.04585520550608635, -0.05195546895265579, -0.0678800567984581, 0.02340112067759037, 0.024890270084142685, 0.039847925305366516, 0.007570781745016575, 0.023371154442429543, 0.019169561564922333, 0.07305446267127991, 0.023690568283200264, 0.007053395267575979, -0.06416388601064682, -0.01684785634279251, -0.05410698801279068, -0.007089326623827219, -0.013310486450791359, -0.035009920597076416, 0.02158411033451557, 0.02578738145530224, -0.05004558339715004, 0.04519592970609665, -0.05643898993730545, -0.06845148652791977, -0.028129620477557182, 0.019057419151067734, 0.05441804975271225, -0.04327622056007385, 0.015197212807834148, 0.04582493007183075, 0.0008658616570755839, 0.02095060423016548, -0.011710068210959435, -0.05204048007726669, -0.012419677339494228, 0.027886616066098213, 0.004878506530076265, 0.015452495776116848, 0.09269817918539047, -0.090422622859478, -0.0013401226606220007, 0.044198136776685715, 0.0161335039883852, -0.05736679956316948, 0.0723176896572113, -0.019806141033768654, -0.0792781412601471, -0.0030955802649259567, 0.005916408263146877, -0.034922827035188675, 0.07010365277528763, -0.008410588838160038, 0.026745719835162163, -0.020561836659908295, 0.046908315271139145, -0.04267892614006996, 0.006954029202461243, 0.03429293632507324, -0.009927676990628242, -0.02726014144718647, 0.005518823396414518, 0.03269011154770851, 0.07023308426141739, -0.01592286489903927, -0.05795934051275253, -0.07286808639764786, -0.10485005378723145, -0.012579753994941711, -0.038873352110385895, 0.002088115783408284, -0.023686077445745468, -0.07375097274780273, -0.009782611392438412, 0.0026931832544505596, 0.02939588762819767, -0.07440608739852905, 0.050153519958257675, 0.028334692120552063, 0.0040929303504526615, -0.0190118495374918, 0.00271653663367033, 0.0065673403441905975, -0.024141019210219383, 0.026844197884202003, 0.020829612389206886, -0.0854586735367775, -0.03627599775791168, -0.024200543761253357, 0.0009481568704359233, 0.03555506095290184, 0.04903731495141983, 0.052567072212696075, 0.04898650571703911, -0.035470496863126755, -0.05662376806139946, 0.042705610394477844, -0.003528217552229762, -0.08885011076927185, -0.011681407690048218, 0.024634908884763718, -0.007368995808064938, 0.017812877893447876, 0.05849551782011986, 0.00621337816119194, -0.1022820994257927, 0.11559475213289261, -0.09144672006368637, -0.025692004710435867, -0.03711789473891258, -0.011705528013408184, 0.03384876251220703, -0.024206222966313362, 0.04474835470318794, 0.010095575824379921, 0.10039249807596207, 0.004728108178824186, -0.0659327507019043, -0.03730356693267822, 0.06825107336044312, -0.030993478372693062, -0.0032243668101727962, 0.08393777906894684, -0.10113900899887085, 0.06010879948735237, 0.0558474026620388, 0.00710171228274703, 0.008088987320661545, -0.006787172984331846, 0.023582858964800835, -0.031687065958976746, 0.01351917814463377, -0.029242482036352158, 0.034464865922927856, 0.06966987252235413, 0.03985602408647537, -0.024456029757857323, 0.007538776844739914, 0.031425442546606064, 0.02200305461883545, -0.0397932231426239, 0.10720665752887726, -0.014813943766057491, 0.03576621785759926, 0.006348354276269674, -0.006458443123847246, -0.028458649292588234, 0.031572990119457245, -0.03223666921257973, 0.01759149506688118, -0.07861631363630295, -0.1037869080901146, 0.042450275272130966, -0.04663047939538956, -0.00328998826444149, 0.052908241748809814, -0.059213362634181976, -0.0168569628149271, -0.05167810991406441, 0.007720139343291521, -0.10488887131214142, -0.0786224752664566, 0.1051492914557457, 0.1122083067893982, -0.057979099452495575, -0.09294968098402023, 0.026076391339302063, -0.016525428742170334, 0.05188601836562157, 0.04525529593229294, -0.006833510939031839, 0.051554158329963684, 0.05604427680373192, -0.02422262169420719, 0.03359469771385193, -0.0030818022787570953, -0.034517802298069, 0.008245494216680527, -0.11305034160614014, -0.022451121360063553, 0.016359562054276466, 0.05737299472093582, -0.07256002724170685, 0.0839555487036705, 0.06041715294122696, 0.06854511797428131, 0.019360778853297234, 0.10697333514690399, -0.06517870724201202, -0.05763604864478111, -0.05067523941397667, -0.00932841282337904, -0.03216635063290596, -0.05109221860766411, 0.04389117285609245, 0.06862825900316238, -0.04878823831677437, 0.13291360437870026, -0.02301846817135811, 0.051597096025943756, -0.015462989918887615, -0.10410131514072418, 0.02343151532113552, -0.030143139883875847, 0.031560398638248444, 0.01147998683154583, 0.06175956875085831, -0.004407611675560474, -0.033063855022192, 0.040825072675943375, 0.07011163979768753, -0.05133643373847008, -0.08750243484973907, 0.042543329298496246, -0.009727935306727886, 0.06473344564437866, -0.04591355100274086, 0.0687091127038002, -0.09610344469547272, 0.045031625777482986, -0.011042801663279533, 0.05635824054479599, 0.061552274972200394, 0.10621466487646103, -0.04059794917702675, 0.08286481350660324, -0.045271918177604675, -0.07566486299037933, 0.01433175802230835, -0.010443090461194515, 0.1090308278799057, 0.04835910722613335, -0.11302577704191208, -0.02554374560713768, 0.05240457132458687, 0.013442885130643845, 0.03920896351337433, -0.04953037202358246, -0.0728374794125557, -0.0459466427564621, 0.027777858078479767, -0.06573151051998138, 0.012382249347865582, 0.06114242970943451, -0.06195775046944618, -0.06566451489925385, -0.059530142694711685, -0.08600109070539474, 0.021733418107032776, -0.0062393201515078545, 0.050503961741924286, -0.03178909048438072, 0.04833366349339485, 0.06102592870593071, 0.040585801005363464, -0.025930127128958702, -0.0610642284154892, -0.07515465468168259, -0.08017987757921219, -0.06541198492050171, 0.08106566965579987, -0.07622146606445312, -0.043439559638500214, 0.11568612605333328, -0.0646568238735199, 0.06425648182630539, 0.05232506990432739, 0.07749933004379272, 0.008122229017317295, -0.021497324109077454, -0.038824472576379776, -0.044991444796323776, -0.025770189240574837, -0.035967811942100525, 0.05228715389966965, -0.003957526292651892, 0.007845370098948479, 0.02736131101846695, 0.0019184103002771735, 0.113671213388443, 0.022282321006059647, -0.10656281560659409, -0.04026796296238899, -0.03342616558074951, -0.06529612094163895, 0.020267058163881302, 0.013880969025194645, -0.015793871134519577, -0.03721660003066063]"
60,Wikipedia & Web Search for Afghanistan,"on of Afghanistan may, if correctly applied, be workable as the basis for the new religious state as their objections to the former government were political, and not religious.
Hours after the final flight of American troops left Kabul on 30 August, a Taliban official interviewed said that a new government would likely be announced as early as Friday 3 September after Jumu'ah. It was added that Hibatullah Akhundzada would be officially named Emir, with cabinet ministers being revealed at the Arg in an official ceremony. Abdul Ghani Baradar would be named head of government as Prime Minister, while other important positions would go to Sirajuddin Haqqani and Mullah Yaqoob. Beneath the suprem","[-0.06272822618484497, 0.0646345242857933, 0.030596226453781128, -0.006548044737428427, -0.03610089793801308, 0.002401648322120309, 0.011510808952152729, -0.06443095207214355, 0.028572019189596176, 0.0014226081548258662, 0.0096101313829422, 0.01931058242917061, 0.019235145300626755, -0.050183236598968506, 0.11774922162294388, -0.00948780681937933, 0.015658220276236534, -0.049435146152973175, -0.042601559311151505, -0.027345946058630943, 0.08373849838972092, -0.0048105730675160885, -0.006479492411017418, -0.018552793189883232, 0.09869518876075745, -0.10164608806371689, 0.02533252350986004, -0.016857629641890526, 0.03101472742855549, -0.05451482906937599, -0.019927818328142166, -0.0663062185049057, 0.06399565935134888, 0.07097221165895462, 0.010333205573260784, 0.09768804907798767, 0.06648951023817062, 0.08964414149522781, 0.01619427464902401, 0.04626309499144554, 0.06560995429754257, -0.05169049650430679, 0.003938174806535244, 0.03428938612341881, 0.04561914503574371, -0.02543538622558117, -0.029476884752511978, 0.07080252468585968, -0.12047090381383896, 0.050133343786001205, -0.00349014182575047, 0.05338925123214722, -0.020572470501065254, -0.04683223366737366, 0.04893798753619194, -0.07620609551668167, -0.04952521622180939, -0.05623195320367813, -0.009979980066418648, -0.006466111168265343, -0.11969143897294998, 0.10777680575847626, -0.061393383890390396, 0.011653272435069084, -0.06623481959104538, -0.04956934228539467, 0.021962791681289673, -0.12216611206531525, 0.013012303039431572, -0.016205236315727234, 0.05431447550654411, -0.03444511443376541, 0.053365472704172134, -0.038240961730480194, -0.15693242847919464, -0.08056125044822693, -0.07790955901145935, 0.09802123159170151, -0.04358766973018646, 0.03231380879878998, 0.0414331816136837, 0.04387638345360756, 0.04600523039698601, -0.01174280047416687, 0.003076204564422369, 0.0026189805939793587, -0.06764571368694305, 0.029964014887809753, -0.040784455835819244, -0.033704500645399094, 0.00824468769133091, -0.05467309057712555, 0.12414494156837463, 0.059020306915044785, 0.09229215234518051, -0.02459609881043434, 0.07325311005115509, -0.044794753193855286, -0.0671500712633133, 0.018977316096425056, -0.010333229787647724, -0.008337222971022129, -0.0031981824431568384, -0.02595801278948784, 0.004545377101749182, 0.06135706603527069, -0.00045749233686365187, -0.09551980346441269, -0.0570884570479393, -0.007187848910689354, 0.02096986584365368, -0.041132211685180664, -0.031092196702957153, -0.030653003603219986, -0.012004630640149117, 0.014461319893598557, -0.014647203497588634, 0.016847744584083557, -0.08373227715492249, -0.10439419746398926, 0.046927422285079956, -0.0341496616601944, 0.014880834147334099, 0.040295522660017014, 0.044717561453580856, 0.05944261699914932, -0.01260409876704216, -0.0007804771303199232, -0.006557340268045664, -0.055050406605005264, 0.00438639335334301, 0.028194602578878403, -0.02373506687581539, 0.04539962112903595, 0.054341867566108704, -0.08650770783424377, -0.014517882838845253, 0.043746162205934525, -0.029249776154756546, -0.023708952590823174, -0.008323688060045242, -0.0060819718055427074, -0.06522083282470703, 0.015620418824255466, -0.024674568325281143, 0.037198666483163834, 0.07566693425178528, 0.013499915599822998, 0.02115386724472046, 0.03790153190493584, 0.00468128127977252, -0.08813817799091339, -0.010123398154973984, -0.011456761509180069, 0.025039568543434143, -0.05643652006983757, -0.010071574710309505, 0.028238825500011444, 0.030912499874830246, -0.05108213424682617, -0.005554641131311655, -0.04834776371717453, -0.08852367848157883, 0.05701488256454468, 0.0108805475756526, -0.0253569595515728, -0.04430309683084488, -0.025598444044589996, -0.007281242869794369, 0.025942953303456306, -0.05076980963349342, -0.003048995044082403, 0.04604015871882439, 0.04871445149183273, -0.015457327477633953, -0.0532100684940815, 0.04649221524596214, -0.008903615176677704, -0.021077429875731468, 0.055361583828926086, 0.06081750988960266, 0.023960469290614128, -0.08245640248060226, -0.01568392477929592, -0.042208630591630936, 0.024500878527760506, 0.06495074927806854, 0.04013428837060928, 0.02576289512217045, -0.04526034742593765, -0.0015488496283069253, 0.06069231405854225, -0.04372134804725647, -0.04827560484409332, 0.03652274236083031, -0.03151547163724899, 0.052773021161556244, 0.024825485423207283, 0.015402605757117271, -0.027970802038908005, -0.1391906440258026, 0.1411444991827011, -0.04908290505409241, 0.006024867761880159, 0.02350393682718277, -0.030082251876592636, 0.01317636203020811, -0.01835167407989502, 0.024192098528146744, 0.06834395974874496, 0.0875328928232193, 0.09602472186088562, -0.013072487898170948, 0.03526150807738304, -0.003552704583853483, 0.02897397056221962, -0.01943494752049446, 0.027111534029245377, -0.10212819278240204, 0.07413413375616074, 0.04858321696519852, 0.0007452598656527698, 0.05078916624188423, -0.0019831068348139524, 0.0472559928894043, -0.06904329359531403, -0.016586290672421455, -0.024429872632026672, 0.018948553130030632, 0.03139270097017288, 0.06662990897893906, -0.017236709594726562, -0.09128423035144806, -0.028823072090744972, 0.03458812087774277, 0.0017663628095760942, 0.09580181539058685, -0.006736901588737965, 0.10744256526231766, 0.049497779458761215, -0.06626974046230316, -0.07827431708574295, 0.03962473198771477, 0.05758010968565941, 0.02870350331068039, -0.020617488771677017, -0.08977796137332916, 0.024256106466054916, 0.05287918448448181, -0.0069008939899504185, 0.009027711115777493, 0.01911626197397709, 0.05879844352602959, -0.035077355802059174, 0.009913199581205845, 0.007360342424362898, -0.0993366613984108, 0.06605842709541321, 0.11422710865736008, 0.00794697180390358, -0.0210137739777565, -0.005906399339437485, 0.018556980416178703, 0.08174536377191544, 0.02726610004901886, 9.989688260247931e-05, 0.05416480451822281, 0.04109153896570206, -0.03321328014135361, -0.0047276983968913555, 0.039004646241664886, 0.006810781545937061, -0.005893419496715069, -0.11027127504348755, -0.07741709798574448, -0.0026538788806647062, 0.0023100681137293577, -0.09129529446363449, 0.06510655581951141, -0.03492603451013565, -0.01458490826189518, -0.00013848328671883792, -0.010909808799624443, -0.051574040204286575, -0.007985016331076622, -0.04829516261816025, 0.09496982395648956, 0.03417060151696205, -0.08520565927028656, -0.0015598434256389737, 0.05497727170586586, -0.0011463992996141315, 0.05944184213876724, -0.013097141869366169, 0.101437509059906, -0.06423319876194, -0.11598684638738632, 0.0722501128911972, 0.07248485088348389, 0.027878012508153915, 0.038773927837610245, -0.012007628567516804, 0.049766283482313156, -0.014366584829986095, 0.032227981835603714, 0.08637236803770065, -0.09295183420181274, -0.031920235604047775, 0.04059978947043419, -0.026466062292456627, 0.07172334939241409, -0.029416173696517944, 0.02844996191561222, -0.027439767494797707, 0.01920045167207718, -0.00041993483318947256, 0.0480075441300869, 0.0530988983809948, 0.009516641497612, -0.06655336171388626, 0.012302781455218792, 0.0025242140982300043, -0.034883707761764526, -0.007225036155432463, -0.04652757942676544, 0.05845680460333824, 0.03835594281554222, -0.15208157896995544, 0.006870719138532877, -0.03819175064563751, 0.025928961113095284, 0.08029936254024506, -0.045300647616386414, -0.060576438903808594, -0.07393607497215271, 0.007097107823938131, -0.060631513595581055, 0.024407532066106796, -0.00032877919147722423, -0.011388769373297691, 0.02546612173318863, -0.009578154422342777, -0.0642261654138565, -0.01730787754058838, 0.004135700408369303, 0.006223936099559069, -0.03275226429104805, 0.04051460698246956, -0.05190566927194595, 0.056678760796785355, -0.024684377014636993, -0.01945563405752182, -0.06559420377016068, -0.03796752914786339, -0.006024560425430536, -0.025919128209352493, -0.1412440538406372, -0.0037358286790549755, 0.08559731394052505, -0.02390696108341217, 0.041490040719509125, -0.0035179497208446264, 0.08876185119152069, 0.018147926777601242, 0.02984139323234558, 0.004568911623209715, 0.022179942578077316, 0.0002896955411415547, 0.008608355186879635, 0.0499233677983284, 0.06466099619865417, 0.04265477880835533, -0.0012375107035040855, -0.04515942186117172, 0.018100781366229057, 0.042475324124097824, -0.07126154005527496, -0.006321298889815807, -0.0506056547164917, -0.030695848166942596, -0.03368139639496803, -0.03584900498390198, 0.002190288621932268, 0.011142764240503311]"
61,Wikipedia & Web Search for Afghanistan,"e leader, day-to-day governance will be entrusted to the cabinet.
In a report by CNN-News18, sources said the new government was going to be governed similarly to Iran with Hibatullah Akhundzada as supreme leader similar to the role of Saayid Ali Khamenei, and would be based out of Kandahar. Baradar or Yaqoob would be head of government as Prime minister. The government's ministries and agencies will be under a cabinet presided over by the Prime Minister. The Supreme Leader would preside over an executive body known as the Supreme Council with anywhere from 11 to 72 members. Abdul Hakim Haqqani is likely to be promoted to Chief justice. According to the report, the new government will take p","[-0.028384508565068245, 0.052942052483558655, 0.0182256530970335, 4.805531716556288e-06, 0.022355396300554276, -0.031125608831644058, 0.022065239027142525, -0.008217998780310154, -0.012803439982235432, 0.03646869212388992, -0.0376744270324707, 0.03267804905772209, -0.0017653154209256172, -0.057999879121780396, 0.07127930968999863, -0.02147303707897663, 0.02452981472015381, -0.0338594987988472, -0.03509483113884926, 0.012791137211024761, 0.04499080777168274, -0.007149031851440668, -0.06556994467973709, -0.014197081327438354, -0.022819923236966133, -0.08536937087774277, -0.02884659543633461, -0.025132667273283005, 0.008630698546767235, -0.026212265715003014, -0.03804520145058632, -0.12219720333814621, 0.051373191177845, 0.0326293483376503, -0.008601781912147999, 0.054640479385852814, 0.09206435084342957, 0.01841702312231064, 0.016981786116957664, -0.025678377598524094, 0.035545822232961655, -0.051995910704135895, -0.03025265783071518, 0.030292846262454987, 0.0060075693763792515, -0.020840326324105263, -0.008607284165918827, 0.018698839470744133, -0.10745473951101303, -0.008599882014095783, 0.04254521057009697, 0.0006189745618030429, -0.012302667833864689, 0.05904419347643852, -0.017604438588023186, 0.02751941978931427, 0.03265063092112541, -0.04408314824104309, 0.004386643413454294, -0.02547060325741768, -0.09652560949325562, 0.09648124128580093, -0.05012893304228783, -0.025585170835256577, -0.003232774091884494, -0.007257284130901098, 0.0068993037566542625, -0.06715316325426102, -0.08072856813669205, -0.019976798444986343, -0.02360447682440281, -0.06927983462810516, 0.006795102264732122, -0.018150242045521736, -0.06611376255750656, -0.1071351170539856, -0.01109562162309885, 0.027542101219296455, 0.0006757330265827477, -0.01619596965610981, 0.07939382642507553, 0.0701189637184143, 0.03429850935935974, 0.06162392720580101, -0.031152162700891495, 0.02363692596554756, 0.0017928159795701504, 0.007536452263593674, 0.019405746832489967, 0.030236056074500084, 0.017893847078084946, 0.004915372934192419, 0.189680278301239, 0.007963894866406918, 0.030547557398676872, -0.011358033865690231, 0.04172227159142494, -0.021743128076195717, -0.06040000542998314, 0.05036626011133194, -0.025452453643083572, 0.019831961020827293, 0.03564876690506935, -0.021027566865086555, 0.03684395179152489, 0.07817386835813522, -0.021637778729200363, -0.06587473303079605, -0.08005722612142563, -0.015710962936282158, 0.018168527632951736, -0.029342586174607277, -0.041898392140865326, -0.07293616980314255, -0.0033270721323788166, -0.041842687875032425, -0.09131504595279694, 0.022083263844251633, -0.11506593972444534, -0.09748271852731705, 0.04937800392508507, 0.01278593484312296, -0.026095561683177948, -0.04184555634856224, 0.09838542342185974, 0.1246303915977478, -0.05397889018058777, 0.011297427117824554, -0.006079756189137697, -0.049841780215501785, 0.04114432632923126, 0.00774384243413806, -0.02625490166246891, 0.019849345088005066, 0.011357223615050316, -0.02757931873202324, 0.0008649726514704525, 0.07065296918153763, 0.03679599240422249, -0.016669465228915215, -0.029032539576292038, -0.05234310030937195, -0.021485717967152596, 0.0045379516668617725, 0.006983029656112194, 0.035375453531742096, 0.030894462019205093, 0.01636272482573986, -0.027290835976600647, 0.02503829263150692, 0.00585749838501215, -0.04499480873346329, 0.15166649222373962, -0.010843569412827492, -0.05270183086395264, -0.021723074838519096, 0.009876236319541931, 0.026219455525279045, 0.038056954741477966, -0.02419918216764927, -0.08764638006687164, -0.01071959175169468, -0.08514757454395294, -0.011709174141287804, 0.0041045937687158585, -0.02466507814824581, -0.018529249355196953, -0.04273626580834389, -0.049151934683322906, 0.027436502277851105, 0.0303268413990736, -0.030623210594058037, -0.007607731968164444, 0.01915585994720459, -0.0017975750379264355, -0.01912212371826172, 0.021690310910344124, 0.030908962711691856, 0.012734001502394676, 0.020597992464900017, 0.052301373332738876, 0.023977085947990417, -0.019799131900072098, -0.05075715482234955, -0.003131885314360261, 0.025919752195477486, 0.05848407745361328, 0.035658471286296844, -0.03108161874115467, -0.08307617157697678, -0.02738875150680542, 0.08945087343454361, -0.023902680724859238, -0.03595589101314545, -0.044842515140771866, -0.061537813395261765, 0.054814744740724564, -0.01519777998328209, 0.05620643496513367, -0.029940463602542877, -0.10839489847421646, 0.1372324675321579, -0.055803947150707245, -0.020912840962409973, 0.015299196355044842, -0.04577437415719032, -0.08125468343496323, 0.06698393076658249, 0.01667177677154541, 0.043242957442998886, 0.09673656523227692, 0.031649671494960785, -0.025641312822699547, -0.014301608316600323, -0.03577517718076706, 0.001141999731771648, 0.08307768404483795, 0.08565497398376465, -0.10988756269216537, 0.017406780272722244, 0.05554269626736641, 0.059584252536296844, -0.0013001345796510577, 0.0009847040055319667, -0.007235502824187279, -0.056189075112342834, -0.03401598706841469, -0.027883917093276978, 0.024419087916612625, 0.09827195852994919, -0.005626443773508072, -0.08587860316038132, -0.1050594225525856, -0.04215921089053154, 0.011802464723587036, -0.004491603467613459, 0.14111223816871643, 0.020955951884388924, 0.00982754584401846, 0.05990307033061981, 0.03572985157370567, -0.11470716446638107, -0.018605420365929604, 0.05905425176024437, -0.0022506373934447765, 0.03578982874751091, -0.13973551988601685, 0.06223227083683014, 0.014464150182902813, -0.02835521474480629, -0.021785451099276543, 0.018232140690088272, 0.02094605751335621, -0.02667078748345375, -0.07805690169334412, -0.06485780328512192, -0.012451929040253162, 0.015489092096686363, 0.06641625612974167, -0.01732870191335678, -0.05858747288584709, -0.04223181679844856, -0.014093443751335144, 0.11389383673667908, -0.0033913454972207546, -0.07441456615924835, 0.12005916982889175, 0.04128093272447586, -0.0072020054794847965, 0.002846883377060294, -0.0031608438584953547, -0.05780254304409027, 0.03315367549657822, -0.05956006795167923, -0.032231323421001434, -0.03272724524140358, 0.031038112938404083, -0.07797588407993317, 0.07517722249031067, 0.03275468200445175, 0.09420928359031677, -0.02405875362455845, 0.02404906041920185, -0.06071087345480919, 0.028867773711681366, -0.034354932606220245, 0.12779328227043152, 0.08239661157131195, -0.07961933314800262, 0.029218627139925957, 0.04312962293624878, 0.029385000467300415, 0.10432370752096176, -0.018324673175811768, 0.07533126324415207, -0.08542591333389282, 0.012944843620061874, 0.09316487610340118, -0.007207907270640135, 0.01732836477458477, 0.08103127777576447, 0.0102066770195961, 0.008185365237295628, -0.07380907982587814, -0.02562136948108673, 0.08248645812273026, -0.009076278656721115, -0.018082140013575554, -0.060854941606521606, -0.01803850382566452, 0.03794093057513237, -0.09207052737474442, 0.06193140521645546, -0.07995443791151047, 0.0586649551987648, -0.029501838609576225, 0.08379530906677246, 0.007550437934696674, 0.10748915374279022, -0.034241367131471634, 0.042623404413461685, -0.0031362283043563366, -0.015570181421935558, -0.038191717118024826, -0.04998795688152313, 0.035181593149900436, 0.012761635705828667, -0.09494222700595856, 0.06596563756465912, 0.03592410683631897, 0.07652987539768219, -0.0034453896805644035, 0.03921288251876831, -0.04193175211548805, -0.0014747303212061524, -0.0076740155927836895, -0.0383249968290329, 0.04625414311885834, -0.023434866219758987, 0.004195156507194042, 0.004646509885787964, 0.006511309649795294, -0.04300899803638458, 0.010519064031541348, 0.007258838973939419, -0.030706286430358887, -0.05494043231010437, 0.0363907627761364, -0.013824937865138054, 0.0637589618563652, -0.056041255593299866, -0.0012741762911900878, -0.06782496720552444, -0.09843683987855911, 0.003112889127805829, 0.012956631369888783, -0.10064069926738739, -0.02536521852016449, 0.009908451698720455, -0.022818470373749733, 0.1057615876197815, 0.03340821713209152, 0.06731139123439789, 0.018914807587862015, -0.01446667779237032, -0.022909456863999367, 0.04475563019514084, 0.031179342418909073, 0.07851305603981018, 0.05787964537739754, 0.005989605560898781, 0.08978410810232162, 0.05584248900413513, -0.00610264390707016, 0.028532247990369797, 0.061211250722408295, -0.04595047980546951, -0.012052413076162338, -0.041125793009996414, -0.034869372844696045, -0.04302199184894562, -0.026689859107136726, 0.012598236091434956, 0.00202235858887434]"
62,Wikipedia & Web Search for Afghanistan,"lace within the framework of an amended 1964 Constitution of Afghanistan. Government formation was delayed due to concerns about forming a broad-based government acceptable to the international community. It was later added however that the Taliban's Rahbari Shura, the group's leadership council was divided between the hardline Haqqani Network and moderate Abdul Ghani Baradar over appointments needed to form an ""inclusive"" government. Reports claimed that this culminated in a skirmish which led to Baradar being injured and treated in Pakistan, however this was denied by Baradar himself.
As of early September 2021 the Taliban were planning the cabinet to be men-only. Journalists and other hum","[-0.08507487922906876, 0.04131404682993889, -0.034998662769794464, 0.020082419738173485, -0.0045446911826729774, 0.02595597878098488, -0.02824249304831028, -0.013941369019448757, 0.03371225297451019, 0.06566707789897919, -0.026623040437698364, 0.08120273053646088, 0.0715387836098671, -0.08089476078748703, 0.05966426059603691, -0.002815093845129013, -0.07405314594507217, -0.04219955578446388, -0.0604696162045002, 0.017662419006228447, 0.027157148346304893, -0.033308207988739014, 0.03341076150536537, -0.02181115373969078, 0.11652223020792007, -0.09378454089164734, 0.08103666454553604, -0.04789014905691147, 0.036707933992147446, -0.05091965198516846, -0.02440798655152321, -0.030158694833517075, 0.02046339586377144, 0.04927244782447815, 0.0468277782201767, 0.046049170196056366, 0.09008432924747467, 0.04541037604212761, 0.04608207941055298, 0.025517281144857407, -2.0958315872121602e-05, -0.05175125226378441, 0.009730856865644455, 0.0032283123582601547, 0.027593348175287247, 0.011594029143452644, -0.026424480602145195, 0.035018954426050186, -0.14648160338401794, 0.048580631613731384, 0.040758777409791946, 0.0899244025349617, -0.006911199074238539, -0.021651508286595345, 0.03292704001069069, -0.051036786288022995, -0.0570661686360836, 0.07426057755947113, 0.025208605453372, 0.023324644193053246, -0.04582040011882782, 0.10240241140127182, -0.06997528672218323, -0.011829227209091187, -0.05949282646179199, -0.026134828105568886, 0.018597254529595375, -0.0900837779045105, 0.022090693935751915, 0.015964070335030556, 0.03473317623138428, 0.017383655533194542, -0.011010464280843735, -0.005304443184286356, -0.009505161084234715, -0.12110504508018494, -0.02574741095304489, 0.10583450645208359, -0.01906687580049038, -0.003731556935235858, 0.08571625500917435, 0.11525963246822357, 0.04479795694351196, 0.03729785606265068, -0.04985351115465164, -0.08480466157197952, -0.006062484811991453, 0.016859132796525955, 0.03918927535414696, -0.10611861944198608, 0.07640276849269867, 0.03135233372449875, 0.06641318649053574, 0.041009288281202316, 0.06236422434449196, -0.006353335455060005, 0.035850610584020615, 0.009302837774157524, -0.056727856397628784, 0.013967062346637249, 0.006525702308863401, 0.06097562611103058, -0.006094677839428186, 0.057741161435842514, 0.036057814955711365, 0.02180561237037182, 0.012004613876342773, -0.08650800585746765, -0.05521057918667793, 0.00324242003262043, -0.01885726861655712, -0.03585009649395943, -0.04413376748561859, 0.0085004772990942, -0.004168042913079262, -0.035958219319581985, -0.047548916190862656, 0.020135626196861267, -0.07520809769630432, -0.03782336413860321, -0.012096809223294258, -0.013842877000570297, 0.028110967949032784, -0.015533754602074623, -0.004631826654076576, 0.09872950613498688, -0.004156715236604214, -0.00131479452829808, 0.008555074222385883, -0.12566295266151428, -0.07514745742082596, 0.028330639004707336, -0.05416999012231827, -0.02043340541422367, 0.09085599333047867, -0.0851629450917244, -0.03132951259613037, 0.066884845495224, -0.0081050219014287, -0.09303398430347443, 0.03074933961033821, -0.052222296595573425, 0.008586179465055466, 0.01409111637622118, -0.04185459390282631, 0.03993669152259827, 0.08900535851716995, 0.027115460485219955, -0.020074328407645226, 0.062436867505311966, 0.04232979193329811, -0.06727050989866257, 0.011707979254424572, 0.007211333140730858, -0.01667124219238758, 0.011515147984027863, -0.020186737179756165, 0.03680119290947914, 0.04854555055499077, -0.04636848345398903, -0.0048828027211129665, -0.0792553499341011, 0.007061264477670193, 0.04490186646580696, 0.021893512457609177, -0.05888810753822327, -0.04288341850042343, -0.07964877039194107, -0.008921104483306408, 0.05116671323776245, -0.005172078497707844, -0.04187837988138199, 0.08654902875423431, -0.01344745047390461, -0.02916070446372032, -0.043287135660648346, -0.055989913642406464, 0.04512277618050575, -0.011109682731330395, 0.07392075657844543, 0.10278671979904175, -0.008256901055574417, -0.05387863889336586, 0.013248707167804241, 0.02323761023581028, 0.04076411947607994, 0.05773666873574257, 0.09364183247089386, -0.01831912063062191, -0.06832931935787201, -0.035517383366823196, 0.02111664041876793, 0.015562507323920727, 0.009423868730664253, -0.016547534614801407, -0.01597803458571434, 0.07346273958683014, -0.00932296458631754, -0.02261463925242424, -0.04013742879033089, -0.16598346829414368, 0.11431305855512619, -0.011134615167975426, -0.055875133723020554, 0.013850942254066467, -0.032292354851961136, 0.003764897584915161, -0.06413039565086365, 0.05735771358013153, 0.022221073508262634, 0.12393147498369217, -0.014520891942083836, -0.043951235711574554, -0.06636127084493637, 0.009186852723360062, -0.03694533184170723, 0.008076136931777, 0.10136987268924713, -0.0837080255150795, 0.04018513113260269, 0.006588877644389868, 0.005017581861466169, 0.08214803785085678, -0.024596506729722023, 0.05770842730998993, -0.03102847747504711, -0.05103330686688423, -0.035754285752773285, 0.007878098636865616, 0.04529678821563721, -0.01917174831032753, -0.07774817198514938, -0.05797315016388893, 0.05878839269280434, 0.035748958587646484, -0.05826156213879585, 0.09509504586458206, -0.008261023089289665, 0.019989876076579094, -0.007825135253369808, -0.012646453455090523, -0.07887689769268036, 0.02424638159573078, -0.015414650551974773, 0.044937875121831894, -0.07255572825670242, -0.07027294486761093, 0.04707355424761772, 0.017973024398088455, 0.03329228237271309, -0.04420881345868111, -0.037285204976797104, 0.019748259335756302, -0.04118575528264046, 0.061030324548482895, -0.09071630984544754, -0.10135415196418762, 0.036912951618433, 0.08106976747512817, -0.01723412051796913, 0.007802475243806839, 0.04942062869668007, -0.020911671221256256, 0.028438441455364227, 0.06719156354665756, 0.01895190216600895, 0.034996647387742996, 0.01766026020050049, -0.02082841284573078, 0.056405287235975266, 0.0406634584069252, -0.012414357624948025, -0.003529051085934043, -0.09733633697032928, -0.0041842167265713215, 0.036938343197107315, 0.05216434225440025, -0.0816473737359047, 0.10977289080619812, 0.010777096264064312, 0.01627909392118454, -0.00023167736071627587, 0.0553167387843132, -0.05475534498691559, -0.0184185653924942, -0.014282161369919777, 0.017371738329529762, -0.06505309045314789, -0.01909003220498562, 0.04825625941157341, -0.008635075762867928, -0.1155899167060852, 0.10130400210618973, -0.016631869599223137, 0.06288805603981018, -0.011621285229921341, -0.07165500521659851, 0.05190016329288483, 0.059903789311647415, 0.057361893355846405, 0.05473294481635094, 0.026074089109897614, -0.04057502746582031, 0.028537767007946968, 0.02261996828019619, 0.08453033119440079, -0.0523168221116066, -0.02892693690955639, -0.01936572976410389, 0.03126974403858185, 0.08617925643920898, -0.0345759354531765, 0.01771554723381996, -0.05820922926068306, 0.048793695867061615, -0.043522242456674576, 0.012643234804272652, 0.08407783508300781, 0.06093592569231987, -0.0788741335272789, 0.013735262677073479, -0.018479978665709496, -0.11452051252126694, 0.01242094673216343, -0.04362785071134567, 0.04458475857973099, 0.035304486751556396, -0.07404310256242752, -0.03545538708567619, -0.027984609827399254, -0.020937472581863403, 0.058615539222955704, -0.048636604100465775, -0.052275896072387695, -0.05497460439801216, -0.04793420433998108, -0.0550578348338604, 0.006046125665307045, -0.026052020490169525, -0.036900844424963, 0.07219204306602478, -0.03830775246024132, -0.04973326250910759, 0.03413204848766327, -0.029520146548748016, 0.01875678077340126, -0.04948268458247185, 0.044615231454372406, -0.03202584758400917, 0.03323633223772049, -0.008042503148317337, -0.010486554354429245, 0.005668736528605223, -0.05580712482333183, -0.015785427764058113, 0.017786530777812004, -0.0143026914447546, -0.013007164932787418, 0.0936870276927948, -0.08333667367696762, 0.052563827484846115, 0.030270976945757866, 0.07792326807975769, 0.05785377696156502, -0.006183276884257793, 0.014474720694124699, -0.04759755730628967, 0.02299552597105503, -0.013690262101590633, -0.005586692597717047, 0.04995168745517731, -0.01390104927122593, -0.013491960242390633, -0.01859867200255394, 0.0751739963889122, 0.0009780427208170295, -0.06441550701856613, -0.017026470974087715, -0.07401591539382935, -0.039828091859817505, -0.0689314603805542, -0.005105458199977875, 0.025848962366580963, 0.016285240650177002]"
63,Wikipedia & Web Search for Afghanistan,"an rights activists, mostly women, protested in Herat and Kabul, calling for women to be included. The acting Cabinet announced on 7 September was men-only, and the Ministry of Women's Affairs was abolished.
As of July 2025, only Russia has recognized the Taliban government as the legitimate authorities of Afghanistan. The U.N has stated that recognition was impossible so long as restrictions on female education and employment remained. On 16 September 2024, the Taliban suspended polio vaccination campaigns in Afghanistan, as reported by the United Nations, posing a significant risk to global polio eradication efforts. In a decree by Hibatullah Akhundzada on 15 August 2025, the description o","[-0.0023264826741069555, 0.0829223096370697, -0.09310070425271988, 0.08247306197881699, 0.023279476910829544, 0.049132540822029114, -0.011910283006727695, -0.09791559725999832, 0.0016161653911694884, 0.06302908062934875, 0.025927452370524406, 0.06192536652088165, 0.03565891832113266, -0.037268612533807755, 0.05027986317873001, 0.012458777986466885, -0.022160721942782402, -0.07227282971143723, 0.023943474516272545, 0.08511479198932648, 0.020986629649996758, -0.11230017244815826, 0.029705679044127464, 0.018852224573493004, 0.04914255812764168, -0.09442728012800217, 0.03828642517328262, 0.020269641652703285, -0.04544238746166229, -0.05574585497379303, -0.07981129735708237, -0.05597996339201927, -0.013523385860025883, 0.09928131103515625, 0.04875146970152855, 0.0005819149664603174, 0.1034553274512291, 0.028512220829725266, 0.04299772530794144, 0.006831282749772072, 0.040972158312797546, -0.09789038449525833, 0.03391685336828232, 0.0752161368727684, 0.0002210768434451893, 0.010923987254500389, -0.019228605553507805, 0.051232412457466125, -0.04419894888997078, -0.08265559375286102, 0.011372415348887444, -0.00024271535221487284, -0.007883954793214798, 0.03542649373412132, 0.03969288617372513, -0.18148283660411835, -0.008885962888598442, 0.01569385454058647, 0.009038586169481277, 0.04622393101453781, -0.09926991164684296, 0.06024275720119476, -0.06781154870986938, 0.015004809014499187, -0.07212967425584793, -0.014255490154027939, 0.015403112396597862, -0.11482971906661987, 0.04937352240085602, -0.04638845473527908, 0.02228173241019249, 0.1059720367193222, -0.06861849874258041, -0.001796565717086196, 0.02714397758245468, -0.024925364181399345, -0.022357946261763573, 0.0449216365814209, 0.10147161036729813, -0.014970970340073109, 0.07807676494121552, 0.022710207849740982, 0.05190565064549446, 0.03712121769785881, 0.0020346250385046005, -0.08937309682369232, -0.03223656490445137, -0.008560446090996265, 0.0439356192946434, -0.018186956644058228, -0.003571886569261551, 0.04951169341802597, 0.04345942661166191, 0.036018006503582, 0.03921523690223694, -0.0011186369229108095, 0.024644607678055763, 0.07654368132352829, -0.0006965193897485733, -0.010241777636110783, -0.03791481629014015, 0.023392990231513977, 2.4232447685790248e-05, -0.016878550872206688, -0.042312122881412506, -0.025372600182890892, -0.026937339454889297, -0.16496491432189941, -0.06563570350408554, 0.04518444091081619, -0.11729741096496582, -0.044874027371406555, -0.010188506916165352, -0.026511529460549355, -0.010980256833136082, 0.023806758224964142, -0.04448424279689789, 0.06225085258483887, -0.06988158077001572, -0.07347358018159866, -0.046606022864580154, -0.026847071945667267, 0.03707822412252426, -0.06691401451826096, 0.10833670943975449, 0.09103142470121384, -0.020514875650405884, 0.06280350685119629, -0.01296231523156166, -0.09202596545219421, -0.07569463551044464, 0.02532746084034443, -0.13485515117645264, 0.013019993901252747, 0.016176030039787292, -0.12818123400211334, -0.017110949382185936, 0.009273163974285126, 0.041637394577264786, -0.021086489781737328, 0.02717578411102295, -0.019958721473813057, 0.044903483241796494, 0.026607630774378777, 0.03051004186272621, 0.0646156519651413, 0.029580244794487953, -0.011261560022830963, -0.017699364572763443, 0.11868644505739212, 0.04807693883776665, -0.000499784538988024, -0.022219857200980186, 0.07883123308420181, 0.015071804635226727, -0.03585563227534294, 0.026038579642772675, 0.03748592734336853, 0.012399950064718723, -0.09023211151361465, -0.014223800040781498, 0.008817081339657307, -0.043311990797519684, 0.026459665969014168, 0.028747346252202988, -0.0426785908639431, 0.0011705878423526883, -0.02408154308795929, 0.040523748844861984, -0.0075452388264238834, 0.004185462836176157, -0.07012175023555756, 0.04041501507163048, 0.04960540309548378, -0.07172492891550064, -0.04368407651782036, 0.036867398768663406, 0.012600290589034557, 0.041427697986364365, 0.01245511882007122, 0.028235701844096184, -0.029293259605765343, 0.0225103497505188, 0.045186903327703476, -0.041288603097200394, -0.014125533401966095, -0.0028134481981396675, 0.012065057642757893, 0.04225843772292137, -0.0014111449709162116, 0.006348772905766964, 0.0268258024007082, 0.02411693148314953, -0.025819290429353714, -0.027040213346481323, 0.002540040062740445, 0.025904443114995956, 0.07648167014122009, 0.0054123071022331715, 2.2286423700279556e-05, -0.10585596412420273, -0.03101354092359543, -0.006476434879004955, -0.0013725971803069115, 0.0477917343378067, -0.026391519233584404, -0.018196428194642067, -0.06639418005943298, 0.08738280832767487, 0.009529517032206059, 0.06836793571710587, 0.10699474811553955, -0.04491717368364334, -0.07486218959093094, -0.021277498453855515, 0.043605364859104156, -0.03897595778107643, 0.02301696315407753, -0.09904155135154724, 0.11504866182804108, -0.028947465121746063, 0.04260513186454773, -0.04726271703839302, -0.034426264464855194, 0.03655460849404335, -0.0666436031460762, 0.08112756907939911, 0.010707271285355091, 0.014912188053131104, 0.08155936747789383, 0.016648942604660988, -0.0378652960062027, 0.062215302139520645, 0.0852317214012146, 0.03165777400135994, -0.13196980953216553, 0.07700123637914658, 0.0557304248213768, -0.012186610139906406, 0.006362630520015955, -0.04871661588549614, -0.04633865877985954, -0.009933765977621078, 0.004521141294389963, -0.07610666006803513, -0.02693934738636017, -0.024942325428128242, 0.0594668835401535, 0.009784531779587269, 0.006607948336750269, 0.02188950963318348, -0.054251521825790405, 0.05956016108393669, -0.023957503959536552, 0.0072693973779678345, -0.0412813276052475, -0.09470802545547485, 0.10014970600605011, 0.07269716262817383, -0.04491777345538139, -0.040411222726106644, 0.03774503618478775, -0.025058908388018608, 0.04170151427388191, -0.006101418752223253, 0.009437301196157932, -0.009657325223088264, 0.030189963057637215, 0.02223360165953636, 0.02720843441784382, 0.03297002241015434, 0.01844518445432186, 0.0012388062896206975, -0.1037350669503212, 0.030831506475806236, 0.06463667005300522, -0.017300723120570183, -0.02599741332232952, 0.02265584096312523, -0.04608152061700821, -0.014986295253038406, -0.03580397367477417, 0.10248290002346039, -0.00393124483525753, -0.017743604257702827, 0.038372740149497986, 0.0003847136104013771, -0.03725869208574295, -0.043597571551799774, 0.047542717307806015, 0.003261675825342536, -0.011289534159004688, 0.06213764473795891, -0.00902375765144825, 0.10416045039892197, -0.031341180205345154, -0.06924061477184296, 0.03859817981719971, 0.034639522433280945, 0.01814398542046547, 0.0005604287725873291, 0.014879013411700726, -0.02952280081808567, 0.023081840947270393, 0.03283246234059334, 0.017266973853111267, 0.009537726640701294, -0.005993703845888376, -0.021245118230581284, 0.020763453096151352, 0.024386227130889893, -0.03627140074968338, 0.08164970576763153, -0.036280859261751175, 0.09639133512973785, -0.011131837032735348, 0.03665493428707123, 0.06402572989463806, 0.0274934321641922, -0.08724705874919891, 0.004807299003005028, 0.05294276401400566, -0.030088379979133606, -0.026345813646912575, -0.017254117876291275, 0.014603055082261562, 0.016865219920873642, -0.07693009823560715, -0.021856289356946945, 0.011943448334932327, 0.023115089163184166, 0.009993638843297958, 0.04816018417477608, -0.0582275390625, -0.07613429427146912, -0.06739810109138489, -0.0895170122385025, -0.06451789289712906, -0.034645650535821915, -0.036473195999860764, 0.0721743032336235, -0.047980159521102905, -0.06031542643904686, -0.0720597431063652, 0.009325942024588585, 0.038710977882146835, -0.0607268325984478, 0.048030588775873184, 0.0240314994007349, -0.0056282589212059975, 0.05474275350570679, -0.023155830800533295, 0.04408220946788788, -0.04914446175098419, -0.004195313435047865, 0.04197851940989494, -0.026452848687767982, 0.00965679157525301, 0.055594656616449356, -0.05884970724582672, -0.11041045933961868, -0.02373674139380455, 0.030672455206513405, 0.06384286284446716, -0.04629432410001755, 0.01297286618500948, -0.09331869333982468, 0.02409384585916996, 0.02508673258125782, 0.020941587164998055, 0.0808621197938919, -0.047130975872278214, 0.00022912317945156246, -0.027771547436714172, 0.032249704003334045, 0.01471337117254734, -0.01949380338191986, 0.02048473060131073, 0.005732307210564613, -0.022678164765238762, 0.003109478624537587, -0.07614386081695557, -0.06834840029478073, 0.04727110266685486]"
64,Wikipedia & Web Search for Afghanistan,"f the government as interim was dropped, with all ministers remaining in their posts, but on a permanent rather than acting basis.

Administrative divisions
Afghanistan is administratively divided into 34 provinces (wilayat). Each province has a governor and a capital. The country is further divided into nearly 400 provincial districts, each of which normally covers a city or several villages. Each district is represented by a district governor.
The provincial governors are now appointed by the Prime Minister of Afghanistan, and the district governors are selected by the provincial governors. The provincial governors are representatives of the central government in Kabul and are responsible ","[0.03830329328775406, 0.02497931569814682, 0.13042356073856354, -0.026732133701443672, 0.012335837818682194, 0.03390097618103027, 0.042040519416332245, 0.02661946974694729, -0.037577588111162186, -0.0013868639944121242, -0.021831730380654335, 0.019320616498589516, 0.0203151423484087, 0.0019439327297732234, 0.02232552319765091, -0.005278570111840963, -0.0015610530972480774, 0.009087232872843742, -0.010580858215689659, 0.0017888440052047372, 0.006112091708928347, -0.03137805312871933, -0.057852599769830704, -0.03536152094602585, 0.14771944284439087, -0.04156753048300743, 0.0033657599706202745, -0.019023055210709572, 0.050109975039958954, -0.0897587314248085, -0.026432469487190247, -0.038659147918224335, -0.017419489100575447, 0.07995063811540604, 0.03183148428797722, 0.05724138393998146, -0.023671293631196022, 0.00896534975618124, 0.03231567516922951, -0.00590089475736022, 0.07157371193170547, -0.03601011261343956, -0.0046700299717485905, -0.009235412813723087, 0.010575933381915092, -0.0009282156825065613, -0.018582748249173164, 0.004056560806930065, -0.0937492772936821, -0.014220146462321281, 0.07576828449964523, 0.06662408262491226, 0.021384859457612038, 0.13740958273410797, -0.08825084567070007, -0.06718207895755768, -0.020070532336831093, 0.024157332256436348, 0.034790899604558945, 0.0005201789317652583, -0.10417696088552475, 0.03816066309809685, -0.08388850092887878, -0.01806947961449623, -0.07124077528715134, 0.010605012066662312, 0.031130898743867874, -0.11614471673965454, 0.007463008631020784, -0.05117093026638031, 0.04281587898731232, 0.02632022276520729, -0.05817972496151924, -0.020744917914271355, -0.0832551121711731, -0.061655931174755096, 0.006431947462260723, 0.15397769212722778, 0.0643758699297905, -0.03115089423954487, 0.046156395226716995, 0.06447762250900269, 0.05866996571421623, 0.01506055984646082, -0.048123572021722794, -0.11942833662033081, -0.022037170827388763, 0.03897745907306671, -0.024604281410574913, -0.05231751874089241, 0.09545896202325821, 0.051945529878139496, 0.1267094612121582, 0.07841091603040695, -0.0025464913342148066, -0.008791699074208736, 0.09962057322263718, 0.0061104390770196915, -0.012835729867219925, 0.05244754999876022, 0.0020435377955436707, 0.02157667651772499, -0.005555892828851938, 0.05490309000015259, 0.012550536543130875, 0.019605422392487526, -0.08459269255399704, -0.12605644762516022, 0.006845306139439344, -0.01648540422320366, -0.026129335165023804, -0.04161064326763153, -0.06108441576361656, -0.044415563344955444, 0.010190878063440323, -0.03802337497472763, -0.006437759380787611, 0.07888755202293396, -0.008944804780185223, -0.09968890994787216, -0.038876987993717194, -0.0319020077586174, 0.02693214640021324, 0.003731440519914031, 0.12234635651111603, 0.08317217230796814, -0.07634921371936798, -0.0257664006203413, -0.0064776139333844185, -0.11279095709323883, -0.019817320629954338, 0.014861145056784153, -0.13356606662273407, 0.007417983375489712, 0.010812817141413689, -0.03345021605491638, 0.01687515899538994, -0.06311068683862686, -0.026697831228375435, 0.012629293836653233, -0.03957805782556534, -0.003935517743229866, 0.04572374373674393, 0.019373178482055664, -0.07162889838218689, 0.07546237111091614, 0.025327591225504875, 0.016018031165003777, -0.017600977793335915, 0.09145813435316086, 0.003443771507591009, -0.07060888409614563, 0.054392531514167786, 0.017082853242754936, 0.011684971861541271, -0.0866185650229454, -0.05339962989091873, 0.012453886680305004, 0.07490123808383942, -0.03409557044506073, -0.012356588616967201, -0.014997594989836216, -0.036114972084760666, 0.034455008804798126, 0.0028035107534378767, 0.03333396464586258, -0.07554057985544205, -0.058799248188734055, 0.03223395347595215, 0.0244272630661726, 0.004032629542052746, -0.06826106458902359, 0.10252344608306885, -0.038257647305727005, 0.032934609800577164, -0.04042437672615051, -0.039159439504146576, 0.0049551064148545265, 0.0356859415769577, 0.010702275671064854, 0.03354306146502495, 0.028013207018375397, -0.054131247103214264, 0.08664003759622574, -0.032535478472709656, 0.0162269938737154, 0.055295541882514954, 0.018227921798825264, 0.04576456546783447, -0.021320512518286705, 0.004791459068655968, 0.06415198743343353, 0.04166501760482788, -0.03359151631593704, -0.007772830314934254, 0.018299436196684837, 0.06831026822328568, 0.07704255729913712, 0.04182267561554909, -0.062360603362321854, -0.010424965061247349, 0.08737252652645111, -0.06765594333410263, -0.08776865154504776, -0.0005133816739544272, -0.014758304692804813, -0.06740661710500717, -0.06744333356618881, 0.009382952935993671, -0.012382933869957924, 0.015818694606423378, 0.037728920578956604, 0.039114631712436676, -0.007279353681951761, 0.05470019578933716, 0.0007666046149097383, -0.05468166992068291, 0.03719169646501541, -0.11544056981801987, 0.01590912416577339, 0.00976983830332756, 0.07619915157556534, 0.05470616742968559, 0.0018739931983873248, 0.04989586025476456, -0.02287730760872364, -0.0717039555311203, 0.022254513576626778, -0.05658426880836487, 0.038128722459077835, -0.005582315381616354, -0.050192784518003464, -0.10172655433416367, 0.017742536962032318, -0.09737293422222137, -0.0546305887401104, 0.10535790771245956, 0.05221518874168396, -0.042859386652708054, 0.04910660907626152, -0.005527645815163851, -0.0651087686419487, 0.0024237697944045067, 0.010583503171801567, -0.019780177623033524, -0.024553004652261734, -0.07204084098339081, 0.07976865768432617, 0.04709164798259735, -0.042236004024744034, -0.044636331498622894, 0.015378790907561779, -0.011525404639542103, -0.040137868374586105, 0.03196535259485245, -0.05535173788666725, -0.051980528980493546, 0.08902577310800552, 0.03509616106748581, -0.12044399976730347, 0.0024001137353479862, -0.046740174293518066, 0.020238865166902542, 0.08664792031049728, 0.08029266446828842, -0.04248541221022606, 0.012689664959907532, 0.04808398708701134, 0.015339397825300694, -0.0028391520027071238, 0.05375649407505989, -0.04153832793235779, -0.08943654596805573, -0.07422078400850296, -0.03942537307739258, -0.04612075909972191, -0.020566275343298912, -0.04078628122806549, 0.061749305576086044, -0.05633760988712311, 0.03954826295375824, 0.028780439868569374, 0.02902183309197426, 0.027508478611707687, 0.007340013515204191, -0.049059879034757614, 0.03497672080993652, 0.0010135177290067077, -0.11034853011369705, 0.04255949333310127, -0.009253736585378647, -0.01952526532113552, 0.0206445399671793, -0.0014318573521450162, 0.059675320982933044, -0.023301491513848305, -0.07735300809144974, -0.001978283980861306, 0.03625549003481865, 0.062237657606601715, 0.13223811984062195, -0.017228182405233383, -0.029558522626757622, -0.004739423748105764, -0.046719394624233246, 0.06451783329248428, -0.02352513186633587, -0.03952016681432724, -0.0523843951523304, 0.03186343237757683, 0.014370727352797985, -0.006965490523725748, 0.004332303069531918, 0.008178383111953735, 0.05506984144449234, 0.06445055454969406, 0.10086075216531754, 0.04862893745303154, 0.007708022370934486, 0.010074999183416367, -0.005571312736719847, 0.02215765416622162, -0.06013483554124832, -0.03810069337487221, -0.027840353548526764, 0.01529630646109581, 0.007585363928228617, -0.045547839254140854, 0.023713480681180954, -0.003537239972501993, 0.07778112590312958, 0.03407890722155571, -0.08264727890491486, -0.01084024179726839, -0.032079342752695084, -0.049902062863111496, -0.07759425044059753, 0.06623177975416183, -0.040318503975868225, 0.06416960805654526, 0.037007201462984085, -0.004977869335561991, -0.09711867570877075, 0.002351221162825823, 0.007697427179664373, 0.03104315511882305, 0.030323810875415802, 0.0585467666387558, -0.024345681071281433, 0.06256064772605896, 0.016051819548010826, 0.006380913779139519, -0.015713635832071304, 0.0025874788407236338, 0.025913001969456673, 0.035699669271707535, 0.004834296647459269, -0.045113932341337204, 0.04431530833244324, -0.02542836405336857, -0.017204448580741882, -0.068278968334198, 0.10723111033439636, 0.006095119286328554, -0.01555259432643652, -0.028850989416241646, -0.007378323934972286, 0.046464141458272934, 0.11578778922557831, 0.013148568570613861, 0.0040168301202356815, -0.024155767634510994, -0.046229515224695206, 0.009172125719487667, 0.04645361378788948, -0.022676067426800728, -0.027415616437792778, 0.036048755049705505, -0.016812996938824654, -0.03529059886932373, -0.08068767935037613, -0.02446744777262211, -0.019034354016184807, 0.033665966242551804]"
65,Wikipedia & Web Search for Afghanistan,"for all administrative and formal issues within their provinces. There are also provincial councils that are elected through direct and general elections for four years. The functions of provincial councils are to take part in provincial development planning and to participate in the monitoring and appraisal of other provincial governance institutions.
According to article 140 of the constitution and the presidential decree on electoral law, mayors of cities should be elected through free and direct elections for a four-year term. In practice however, mayors are appointed by the government.

The 34 provinces in alphabetical order are:

Foreign relations
Afghanistan became a member of the Uni","[0.030941113829612732, -0.01871618628501892, 0.08927835524082184, 0.017238091677427292, -0.03528949245810509, 0.0270491074770689, -0.012351161800324917, 0.023113112896680832, -0.053689274936914444, 0.09409830719232559, -0.04222650080919266, -0.02597922459244728, -0.027982870116829872, 0.015767782926559448, 0.022702567279338837, 0.024711312726140022, 0.035008858889341354, -0.014928799122571945, 0.013894675299525261, 0.05013095587491989, 0.08118908107280731, -0.057238463312387466, -0.12315651029348373, -0.09665394574403763, 0.06686098873615265, -0.04149395599961281, -0.0038518738001585007, -0.04773261770606041, 0.058054063469171524, -0.010325135663151741, -0.0369463786482811, -0.05136830359697342, 0.06261717528104782, -0.0004817475564777851, -0.0033613492269068956, 0.06498686224222183, 0.10879908502101898, 0.022433385252952576, 0.07227588444948196, -0.0015528093790635467, 0.038915909826755524, -0.03960117697715759, 0.020683182403445244, 0.03494948521256447, -0.018313931301236153, -0.052079055458307266, -0.08238819986581802, -0.07238628715276718, -0.1011337861418724, -0.07705017924308777, 0.044734545052051544, -0.018458746373653412, 0.04765293002128601, -0.010276107117533684, -0.061839889734983444, -0.09592531621456146, 0.0022673767525702715, 0.005660881754010916, 0.1299409121274948, 0.012212144210934639, -0.07698807865381241, 0.10328978300094604, -0.03553742542862892, -0.02977849915623665, -0.010855818167328835, 0.018171781674027443, -0.0024177636951208115, 0.006279076915234327, -0.0008618162828497589, -9.241010411642492e-05, 0.008032466284930706, -0.019676292315125465, -0.08995687961578369, -0.05138818174600601, -0.08296728879213333, -0.03391897678375244, -0.0056710937060415745, 0.03961370512843132, -0.0017442320240661502, -0.005492113996297121, 0.038257088512182236, 0.013646576553583145, -0.025213588029146194, -0.0021932797972112894, -0.013288430869579315, -0.04540470615029335, -0.009783618152141571, 0.08653447777032852, 0.00014406483387574553, -0.0379159040749073, 0.11264440417289734, 0.06442440301179886, 0.07819785177707672, -0.002777938498184085, -0.01483114156872034, -0.05076812952756882, 0.05688095837831497, -0.04399282857775688, -0.006229864899069071, 0.021395379677414894, -0.03257306292653084, 0.07059235870838165, -0.022866204380989075, -0.02000805176794529, 0.018690191209316254, -0.0005516011733561754, -0.03448132798075676, -0.1416959911584854, -0.03395530954003334, 0.018679911270737648, 0.03194817900657654, -0.002368585206568241, -0.06055878847837448, 0.030862662941217422, -0.035944864153862, -0.007685817312449217, -0.05502505227923393, 0.05179872736334801, 0.011365620419383049, -0.040624406188726425, 0.01293068565428257, 0.04488721489906311, -0.027259020134806633, -0.025942914187908173, 0.06835674494504929, 0.13271696865558624, -0.0035347435623407364, 0.0032808769028633833, -0.0461929515004158, -0.12997972965240479, 0.014465483836829662, 0.025827348232269287, -0.08243007212877274, 0.014664921909570694, 0.046371154487133026, -0.06927195191383362, 0.07596000283956528, 0.02019253745675087, 0.011090346612036228, 0.060266442596912384, 0.06679259240627289, -0.03546058014035225, 0.07379332184791565, 0.06937794387340546, 0.016690846532583237, 0.013288339599967003, 0.07292252779006958, 0.029348155483603477, -0.037079840898513794, 0.02235153503715992, 0.05706518888473511, -0.06338847428560257, 0.06154654175043106, -0.03985735774040222, -0.02973925694823265, -0.058102864772081375, -0.027846427634358406, 0.026081983000040054, 0.05320330336689949, -0.08250781148672104, -0.0910051241517067, 0.035611655563116074, -0.02754192240536213, 0.0441388376057148, -0.037197504192590714, -0.04104655981063843, -0.00011463659757282585, -0.04939647391438484, -0.010715874843299389, -0.07446093112230301, -0.022109441459178925, 0.006867649964988232, 0.007632064167410135, -0.0007467591785825789, -0.05627657100558281, -0.08209501206874847, -0.06176699325442314, -0.010356012731790543, 0.050111573189496994, -0.0032672295346856117, 0.006052338518202305, 0.023272667080163956, -0.0045166015625, 0.039647240191698074, -0.003958440851420164, -0.031175842508673668, 0.06608880311250687, -0.018672067672014236, 0.06766325980424881, -0.007417295593768358, 0.012173783034086227, -0.024796759709715843, 0.0018195811426267028, -0.005174459423869848, -0.010187926702201366, -0.012605754658579826, 0.02692609466612339, -0.0880078375339508, 0.03164616599678993, -0.04146433621644974, -0.02329055778682232, 0.007066972088068724, 0.017110062763094902, 0.007378211244940758, -0.017651287838816643, -0.02492528222501278, -0.0025803197640925646, 0.03844006359577179, 0.019167371094226837, -0.01274852268397808, 0.011642301455140114, -0.021676089614629745, 0.1304825246334076, -0.0957508459687233, 0.011414175853133202, 0.020653627812862396, -0.009402391500771046, 0.07004299759864807, -0.020656418055295944, -0.002776004606857896, 0.020820891484618187, 0.07368597388267517, 0.005503195337951183, 0.020978868007659912, -0.03419193625450134, -0.02644357457756996, 0.019583696499466896, 0.01929294317960739, -0.038438692688941956, 0.0849553644657135, -0.036819394677877426, -0.04711396247148514, -0.011044739745557308, -0.07066962122917175, -0.049385327845811844, -0.036210495978593826, 0.05590938404202461, 0.03892417252063751, -0.01951121725142002, 0.08141504973173141, -0.011171484366059303, -0.003974712919443846, -0.060716696083545685, -0.018934132531285286, -0.09001991152763367, 0.005627347622066736, -0.06147355958819389, 0.10839308053255081, 0.004889082629233599, -0.05867059901356697, -0.066966213285923, -0.03701983392238617, 0.014759593643248081, -0.05557066574692726, -0.07923721522092819, -0.08417068421840668, -0.03139549866318703, 0.05816331133246422, -0.02915661595761776, 0.0014556662645190954, 0.021849719807505608, -0.005760263651609421, 0.029275327920913696, 0.1357050985097885, -0.031301259994506836, -0.06659499555826187, 0.09830733388662338, -0.007887516170740128, 0.019312595948576927, -0.007092148531228304, 0.04833615571260452, 0.009860682301223278, -0.13396471738815308, -0.04286506026983261, 0.002797930035740137, -0.002562988782301545, -0.057592906057834625, -0.04081542789936066, 0.07623280584812164, 0.0021973387338221073, 0.08287091553211212, 0.02766934223473072, 0.005773783661425114, -0.024429485201835632, 0.01454598642885685, 0.0443849191069603, 0.0643656924366951, -0.010570409707725048, -0.0638783648610115, 0.07970280945301056, 0.0014539577532559633, -0.03615375980734825, 0.12016137689352036, -0.04111830145120621, 0.05324014276266098, -0.001127665163949132, -0.18786384165287018, 0.006149436812847853, -0.03677371144294739, 0.02444985881447792, 0.10602709650993347, 0.02410178817808628, -0.03685809299349785, -0.0025101543869823217, -0.019303690642118454, 0.1300896853208542, -0.011831922456622124, 0.023747561499476433, -0.07914794236421585, -0.0158474650233984, 0.06431465595960617, -0.06404397636651993, 0.10305267572402954, -0.01360455434769392, 0.0584835521876812, 0.02024100534617901, 0.04712723568081856, 0.1246938556432724, 0.08861301094293594, 0.012160412035882473, -0.015146962366998196, 0.05908863991498947, -0.06039825454354286, -0.09321974962949753, 0.005116209387779236, -0.07000328600406647, 0.006861662492156029, -0.07536862790584564, 0.04965977743268013, 0.05733022466301918, 0.06143826246261597, -0.025420766323804855, -0.015154650434851646, -0.03687990829348564, -0.04435374587774277, -0.03723113238811493, 0.012678995728492737, 0.07057014107704163, -0.03287605196237564, 0.03335785120725632, 0.0695016086101532, -0.027675244957208633, -0.011561649851500988, 0.030528053641319275, -0.006825526710599661, -0.03831939399242401, -0.005166520364582539, 0.03315677121281624, -0.04967682063579559, 0.02672276645898819, -0.0031973463483154774, 0.009011728689074516, -0.08019938319921494, 0.011254246346652508, 0.026550156995654106, 0.0026094806380569935, 0.0026929108425974846, -0.046114299446344376, 0.06393303722143173, 0.03149334713816643, 0.006028367206454277, 0.0037845787592232227, 0.06214635446667671, -0.022590961307287216, -0.032467782497406006, -0.08988157659769058, -0.013990996405482292, 0.07425647228956223, 0.041500214487314224, 0.020785344764590263, -0.042183637619018555, 0.04472630098462105, -0.07815580815076828, 0.06570692360401154, 0.04060116410255432, 0.045833803713321686, -0.027935193851590157, 0.07169898599386215, -0.03314731642603874, 0.018803149461746216, -0.07069514691829681, 0.0040860483422875404, 0.023548508062958717, -0.002588088158518076]"
66,Wikipedia & Web Search for Afghanistan,"ted Nations in 1946. Historically, Afghanistan had strong relations with Germany, one of the first countries to recognize Afghanistan's independence in 1919; the Soviet Union, which provided much aid and military training for Afghanistan's forces and includes the signing of a Treaty of Friendship in 1921 and 1978; and India, with which a friendship treaty was signed in 1950. Relations with Pakistan have often been tense for various reasons such as the Durand Line border issue and alleged Pakistani involvement in Afghan insurgent groups.
The present Islamic Emirate of Afghanistan is currently partially recognized, but has had notable unofficial ties with China, Pakistan, and Qatar. Under the ","[-0.07577820122241974, 0.0065301465801894665, 0.02132529206573963, 0.02984749898314476, -0.044731736183166504, 0.056442536413669586, 0.021389085799455643, -0.03830444812774658, -0.008238381706178188, -0.0020543986465781927, -0.007286659441888332, 0.018380653113126755, 0.08188245445489883, -0.016759077087044716, -0.021143075078725815, 0.05193018168210983, -0.08755776286125183, -0.08081533759832382, 0.007124481722712517, -0.09269015491008759, -0.06001003831624985, -0.06896640360355377, 0.023530839011073112, -0.008647841401398182, 0.14866261184215546, -0.0015898521523922682, 0.09278213977813721, -0.016442015767097473, -0.014173169620335102, -0.0015412872890010476, -0.03612034395337105, -0.028114009648561478, -0.003620292991399765, 0.0935998260974884, -0.027003159746527672, 0.10066982358694077, 0.03176417574286461, -0.0029858562629669905, 0.06403176486492157, -0.0008831723826006055, 0.07570652663707733, -0.027792319655418396, 0.09392604231834412, 0.04656219854950905, 0.021077848970890045, 0.06151667982339859, 0.041437193751335144, -0.01558324508368969, -0.07238724827766418, -0.003937243949621916, 0.11130378395318985, 0.0909235030412674, -0.028166208416223526, -0.05278725177049637, 0.08388826251029968, -0.014499835669994354, -0.09538722783327103, 0.031561579555273056, -0.02023065835237503, 0.057958584278821945, -0.09179200232028961, 0.0153856435790658, -0.035708531737327576, 0.010123423300683498, -0.06908293068408966, 0.011714007705450058, 0.10665304958820343, 0.013671766966581345, -0.047848038375377655, -0.01825363002717495, 0.004950821399688721, 0.024627812206745148, -0.047370996326208115, -0.017413675785064697, -0.027498530223965645, -0.017599156126379967, 0.037969063967466354, 0.09087949246168137, -0.017306214198470116, 0.012461787089705467, 0.06918342411518097, 0.1495799571275711, 0.10157529264688492, 0.02215517684817314, -0.022393742576241493, -0.08168938010931015, -0.03687477484345436, -0.05589308217167854, 0.016723183915019035, -0.020853286609053612, 0.0110463323071599, 0.036267176270484924, -0.027105679735541344, 0.06103496998548508, 0.056555505841970444, 0.0422620065510273, 0.06536705046892166, 0.04439442977309227, -0.055081434547901154, -0.016549434512853622, 0.01604444719851017, 0.007972454652190208, -0.03270212933421135, 0.009092645719647408, -0.0073384130373597145, 0.016362451016902924, -0.0800437331199646, -0.07526327669620514, -0.08249024301767349, -0.022993236780166626, -0.026297777891159058, -0.055512864142656326, -0.03611333295702934, -0.017460521310567856, -0.0008161441655829549, -0.0176721028983593, 0.03324640169739723, 0.03147367388010025, 0.010259152390062809, -0.06035078316926956, -0.03066701628267765, -0.014404836110770702, 0.041329484432935715, 0.023722214624285698, -9.095035056816414e-05, 0.08317043632268906, 0.016531430184841156, -0.012083365581929684, -0.0005580266006290913, -0.1068122610449791, -0.05485069751739502, 0.04663167521357536, -0.1610477864742279, 0.011424893513321877, 0.12636879086494446, -0.015938544645905495, -0.09799395501613617, -0.03428920730948448, -0.05897029861807823, 0.0017696450231596828, 0.010776241309940815, -0.03019852750003338, 0.01428391132503748, -0.008171367458999157, -0.10514292120933533, 0.0719112902879715, 0.03029702790081501, 0.06569089740514755, -0.01819007657468319, 0.05143677443265915, 0.07291019707918167, -0.07121609896421432, -0.03358663246035576, -0.019680162891745567, 0.0343388132750988, -0.06791377812623978, 0.016496067866683006, 0.013237214647233486, 0.054856013506650925, -0.03977186605334282, -0.03291921690106392, -0.07726249098777771, -0.02405705489218235, -0.012807409279048443, -0.017886988818645477, -0.06558087468147278, -0.055467862635850906, -0.08434803783893585, 0.05292065814137459, -0.008348205126821995, -0.09847280383110046, -0.05954304337501526, 0.13752324879169464, 0.04823598265647888, -0.030282817780971527, 0.0024974991101771593, -0.016816699877381325, -0.001334150554612279, -0.02878318913280964, -0.01735037937760353, -0.0022429469972848892, -0.03692614659667015, -0.04567612335085869, 0.05645173415541649, 0.014885088428854942, 0.07895693182945251, -0.006151851732283831, 0.05731644853949547, 0.009719978086650372, 0.018111661076545715, -0.017424901947379112, 0.00865006074309349, 0.050326839089393616, 0.025908788666129112, -0.019162433221936226, 0.04618005082011223, 0.029149653390049934, 0.035427771508693695, 0.026753781363368034, -0.037377383559942245, -0.09564758092164993, -0.013905426487326622, -0.03780500218272209, 0.035143475979566574, 0.05131891742348671, -0.066095270216465, 0.06305541098117828, -0.006599408108741045, -0.02826354093849659, 0.00943529512733221, 0.06602024286985397, 0.02726966142654419, -0.06601224839687347, -0.006968352477997541, -0.0031872480176389217, 0.004463690333068371, -0.039028704166412354, 0.014766501262784004, -0.07985549420118332, 0.0953226312994957, 0.0031006415374577045, -0.011516660451889038, 0.06295822560787201, -0.017509594559669495, 0.08785441517829895, -0.06208732724189758, -0.012008070945739746, 0.04009164124727249, -0.004777668043971062, 0.03664936125278473, -0.011051852256059647, -0.04442846402525902, -0.03049120306968689, 0.12096509337425232, 0.08736435323953629, -0.03524911776185036, 0.03714619576931, 0.007057648617774248, 0.008335434831678867, -0.025639593601226807, 0.01845736615359783, -0.033786892890930176, 0.053006935864686966, 0.009065164253115654, -0.0038434762973338366, -0.055475253611803055, 0.008831136859953403, -0.011467300355434418, -0.045455530285835266, -0.045812688767910004, -0.024268895387649536, -0.0956529974937439, -0.018120070919394493, -0.017223991453647614, 0.08940423280000687, -0.03131831809878349, -0.03984406962990761, 0.03521455079317093, 0.10758557170629501, -0.0383320152759552, -0.05496574565768242, 0.030478378757834435, 0.021398762241005898, 0.019066041335463524, 0.0033583720214664936, 0.034207358956336975, -0.0013535713078454137, -0.0065171364694833755, -0.0005217824946157634, 0.05080655217170715, -0.003275099443271756, 0.028558533638715744, -0.00752499932423234, -0.08109568804502487, 0.00015682948287576437, 0.0502556711435318, 0.002470721723511815, -0.08270839601755142, 0.07742093503475189, -0.02300666645169258, -0.06985526531934738, 0.043712764978408813, 0.11283814907073975, -0.029223773628473282, -0.07903235405683517, -0.0535007007420063, 0.021146060898900032, 0.02168429270386696, -0.020237935706973076, -0.007950752042233944, -0.004747761879116297, -0.066183902323246, 0.028020450845360756, 0.09998064488172531, 0.012342944741249084, -0.011113873682916164, -0.09073371440172195, 0.04526689276099205, 0.0537189319729805, 0.1332685649394989, 0.08016327768564224, -0.03638271987438202, -0.09099207818508148, 0.04674404114484787, -0.07261823862791061, 0.15375784039497375, -0.03823196515440941, -0.027466800063848495, -0.0486929751932621, -0.0100447041913867, 0.015562119893729687, 0.024869302287697792, 0.04462460055947304, 0.014509115368127823, 0.040997087955474854, -0.032755475491285324, 0.002704526064917445, 0.04102079197764397, -0.013212516903877258, -0.03234202787280083, -0.024595843628048897, 0.07587884366512299, -0.029693379998207092, 0.03406335413455963, -0.06840211153030396, 0.07140592485666275, 0.008947121910750866, -0.0577562116086483, -0.06334320455789566, 0.03628417104482651, -0.03044203855097294, 0.03315471112728119, -0.06512776762247086, -0.026850759983062744, -0.024538539350032806, -0.07568971812725067, -0.05040581524372101, -0.03812718018889427, 0.01783100515604019, 0.010570753365755081, 0.061927925795316696, 0.0013807996874675155, -0.04726150259375572, 0.014882072806358337, 0.019411131739616394, 0.05749496817588806, 0.03036671318113804, -0.010742949321866035, 0.0026859089266508818, 0.007242300547659397, 0.062141481786966324, -0.02503860369324684, -0.005908784456551075, -0.02242758311331272, 0.027807733044028282, 0.040912777185440063, -0.07121182978153229, -0.054280076175928116, 0.006386605557054281, -0.07102305442094803, -0.0438133180141449, 0.028622707352042198, 0.09002548456192017, 0.020182408392429352, 0.0664592981338501, 0.07518214732408524, -0.00954610388725996, -0.04391251131892204, -0.05315030366182327, -0.04480317607522011, 0.08808328211307526, -0.025135206058621407, -0.06194492056965828, -0.009627670980989933, -0.005345038138329983, 0.011145123280584812, -0.02061428688466549, -4.9143960495712236e-05, 0.013022861443459988, -0.06562653928995132, -0.050067342817783356, 0.03475048020482063, -0.023695211857557297, -0.02797253616154194]"
67,Wikipedia & Web Search for Afghanistan,"previous Islamic Republic of Afghanistan, it enjoyed cordial relations with a number of NATO and allied nations, particularly the United States, Canada, United Kingdom, Germany, Australia, and Turkey. In 2012, the United States and the then-republic in Afghanistan signed their Strategic Partnership Agreement in which Afghanistan became a major non-NATO ally. Such qualification was rescinded by US President Joe Biden in July 2022.

Military
The Armed Forces of the Islamic Emirate of Afghanistan captured a large amount of weapons, hardware, vehicles, aerocrafts, and equipment from the Afghan National Security Forces following the 2021 Taliban offensive and the Fall of Kabul. The total value of","[-0.009048630483448505, 0.03945223242044449, 9.133871935773641e-05, -0.042024292051792145, -0.028139039874076843, 0.06625942140817642, -0.0029868592973798513, -0.03625180199742317, -0.0008880809182301164, -0.004194968845695257, -0.028962256386876106, 0.013144126161932945, 0.09764448553323746, -0.05297184735536575, 0.0002695051080081612, 0.011242352426052094, -0.09783924371004105, -0.0686417669057846, 0.0028061545453965664, -0.08682465553283691, -0.07193654030561447, -0.04161796346306801, 0.0808563232421875, 0.011737702414393425, 0.10750044137239456, -0.03846028447151184, 0.030042555183172226, -0.027960902079939842, -0.026745140552520752, -0.027760805562138557, -0.058474306017160416, -0.006563524249941111, -0.028456812724471092, 0.07379572093486786, -0.028766870498657227, 0.07200052589178085, 0.003518225159496069, -0.009908308275043964, 0.017158502712845802, 0.0267473217099905, 0.0444813035428524, -0.03318961337208748, 0.060051850974559784, 0.013957761228084564, 0.013474459759891033, 0.0746031329035759, -0.006515807472169399, -0.00955383013933897, -0.03821071237325668, 0.030015667900443077, 0.12528017163276672, 0.07285957038402557, -0.028544330969452858, -0.019421881064772606, 0.10775776207447052, -0.0441756509244442, -0.03944754600524902, 0.07363149523735046, -0.021176280453801155, 0.00316518172621727, -0.029634613543748856, 0.014900783076882362, -0.04466792568564415, 0.0024238084442913532, -0.09888800233602524, -0.07929304987192154, 0.07434844970703125, -0.005287873558700085, -0.047237250953912735, -0.013936388306319714, 0.03759295120835304, 0.03483843430876732, -0.08535000681877136, -0.026631226763129234, -0.061512190848588943, 0.0017205763142555952, 0.02516665682196617, 0.06201566383242607, -0.02716333419084549, 0.01933075487613678, 0.09254753589630127, 0.14467720687389374, 0.09088578820228577, -0.027832156047225, 0.014574992470443249, -0.045712582767009735, -0.0560755580663681, 0.008844916708767414, 0.02970646135509014, -0.030070550739765167, -0.014546063728630543, 0.04561949893832207, 0.016188962385058403, 0.052224915474653244, 0.05564570054411888, 0.01710747554898262, 0.0436214841902256, 0.020090917125344276, -0.09222299605607986, 0.0001848338870331645, -0.02466379851102829, 0.00032408908009529114, -0.008665859699249268, -0.0075361886993050575, -0.001323822420090437, 0.06726441532373428, -0.09993939846754074, -0.08501213043928146, -0.04284441098570824, -0.02264409512281418, -0.07830411940813065, -0.01752571575343609, -0.061964698135852814, -0.05111633241176605, -0.038498248904943466, -0.028854820877313614, -0.051490746438503265, 0.03004084900021553, 0.003609614446759224, -0.06479766964912415, -0.04328002408146858, -0.08721334487199783, 0.04702877998352051, 0.014183609746396542, 0.02141062170267105, 0.042797159403562546, 0.005938578397035599, 0.0115819638594985, -0.017873315140604973, -0.09746797382831573, -0.040351271629333496, 0.027272673323750496, -0.15283605456352234, -0.018002573400735855, 0.11303096264600754, -0.00449404027312994, -0.07002032548189163, -0.048091690987348557, -0.06317882984876633, 0.047187674790620804, 0.0010443208739161491, 0.016155457124114037, 0.0547473318874836, -0.03381450101733208, -0.045835383236408234, 0.08802414685487747, 0.05943262577056885, 0.0726315826177597, 0.014236372895538807, 0.03588084504008293, 0.07256309688091278, -0.02487516589462757, 0.009367362596094608, -0.020986301824450493, 0.05245336517691612, 0.008246778510510921, 0.031336717307567596, 0.037483327090740204, 0.03163915500044823, -0.011902011930942535, -0.03879643231630325, -0.10282742977142334, 0.027646508067846298, 0.013858238235116005, -0.04115675762295723, -0.0663221925497055, -0.0713917538523674, -0.0461077019572258, 0.11396060883998871, 0.03721512481570244, -0.07935982942581177, -0.032277680933475494, 0.13411162793636322, 0.022222274914383888, -0.028894472867250443, -0.02232094295322895, 0.000603560998570174, -0.0006113092531450093, 0.0067062415182590485, 0.034909531474113464, -0.03302054852247238, -0.051561228930950165, 0.029355015605688095, 0.03315887972712517, 0.037570204585790634, 0.08156541734933853, 0.02227446250617504, 0.06336327642202377, -0.016601290553808212, 0.0031393691897392273, 0.0014466014690697193, 0.016673490405082703, 0.04655660316348076, 0.009061419405043125, -0.007441597990691662, 0.039842382073402405, -0.007618966046720743, 0.03867429122328758, 0.02029862441122532, -0.03555673733353615, -0.07534454762935638, 0.020945420488715172, -0.009168141521513462, 0.026067882776260376, 0.05237509682774544, -0.05909812077879906, 0.04428573325276375, -0.01130000688135624, -0.029683835804462433, 0.04241319000720978, 0.07831310480833054, 0.05171237513422966, -0.08179299533367157, 0.03434571996331215, -0.011385281570255756, -0.024764420464634895, 0.0030475761741399765, 0.0287507064640522, -0.12207082659006119, 0.015161552466452122, -0.019716789945960045, 0.02909756638109684, 0.05917609855532646, -0.022651683539152145, 0.0403883196413517, -0.08146998286247253, -0.0010308162309229374, 0.02080501988530159, 0.03555384278297424, 0.020711638033390045, 0.02188980020582676, -0.02072305604815483, -0.03741149604320526, 0.11616917699575424, 0.11315782368183136, -0.07329019904136658, 0.04411384463310242, -0.0061188810504972935, 0.08191284537315369, -0.018409185111522675, -0.0379190519452095, -0.04795174300670624, 0.037053368985652924, -0.026215337216854095, 0.08598566800355911, -0.03182602301239967, 0.027129855006933212, 0.02310219407081604, -0.03225763514637947, -0.010365555994212627, -0.04303949326276779, -0.06923028081655502, 0.026177724823355675, -0.05172521993517876, 0.15353326499462128, -0.06413248926401138, -0.06427531689405441, 0.12194354087114334, 0.14559079706668854, -0.06101906672120094, 0.003607724793255329, 0.03750380873680115, -0.014738257974386215, -0.008777860552072525, 0.04756845533847809, 0.029599592089653015, 0.02799520269036293, 0.054534997791051865, -0.005500914063304663, 0.00034953569411300123, 0.0011856209021061659, 0.006106865592300892, 0.06876038014888763, -0.06545513868331909, 0.0069761015474796295, 0.016029998660087585, -0.02516171708703041, -0.09085255116224289, 0.07353731244802475, 0.06468592584133148, -0.04267314076423645, 0.018241096287965775, 0.10056737810373306, -0.07078400999307632, -0.027173088863492012, -0.09680184721946716, 0.0356672927737236, -0.025850234553217888, -0.046683330088853836, 0.007573587354272604, 0.008803248405456543, -0.031485073268413544, -0.022308362647891045, 0.10897035896778107, 0.0002956111857201904, -0.030283233150839806, -0.039046213030815125, 0.05372054502367973, 0.06649282574653625, 0.07051558792591095, 0.01785578392446041, -0.03591619059443474, -0.01995724067091942, 0.0260150209069252, -0.003573779482394457, 0.07880929112434387, -0.09451854974031448, -0.02032640390098095, -0.03639698773622513, -0.006647596135735512, 0.028628552332520485, -0.04939959943294525, 0.013493883423507214, -0.04633184149861336, 0.03442855179309845, 0.01963047683238983, 0.01932978816330433, 0.06816686689853668, -0.013593128882348537, -0.0459795743227005, -0.03133068606257439, 0.03863045573234558, -0.031642328947782516, 0.05167979747056961, -0.051261138170957565, 0.07011140882968903, 0.021603010594844818, -0.057055193930864334, 0.018920261412858963, -0.022715691477060318, 0.0033763530664145947, 0.0269777812063694, -0.0462532676756382, -0.0045091924257576466, -0.057558346539735794, -0.06282160431146622, -0.05941203236579895, -0.02425656095147133, -0.007871209643781185, -0.042485419660806656, 0.07969307154417038, 0.01457516010850668, -0.02793169766664505, -0.02191619575023651, -0.034829702228307724, 0.06429994106292725, 0.008421173319220543, -0.003967670723795891, 0.0480690523982048, 0.032276127487421036, 0.03253662586212158, -0.0334036722779274, -0.02630215510725975, -0.019437577575445175, -0.024088846519589424, 0.04530203342437744, -0.08888116478919983, -0.05108978971838951, -0.013805350288748741, -0.10632975399494171, 0.01997692510485649, 0.08201070129871368, 0.0953390896320343, 0.06639768928289413, 0.0329245962202549, 0.036976493895053864, -0.015146870166063309, -0.07896682620048523, -0.061362944543361664, 0.0012337106745690107, 0.07895620167255402, -0.05087173357605934, -0.027303868904709816, -0.018378891050815582, -0.003062672447413206, -0.003043771954253316, -0.013312352821230888, -0.008884797804057598, 0.020947985351085663, -0.08621865510940552, -0.0772329792380333, -0.07309985160827637, -0.023793790489435196, -0.0052664997056126595]"
68,Wikipedia & Web Search for Afghanistan," the captured equipment has been estimated at US$83 billion.

Human rights
Homosexuality is taboo in Afghan society; according to the Penal Code, homosexual intimacy is punished by up to a year in prison. Under Sharia law offenders can be punished by death. However, an ancient tradition involving male homosexual acts between children and older men (typically wealthy warlords or elite people) called bacha bazi persists albeit punishable by the death penalty under Taliban law.
Religious minorities such as Sikhs, Hindus, and Christians have reportedly faced persecution.
Since May 2022, all women in Afghanistan have been required by law to wear full-body coverings when in public (either a burqa ","[0.03536006435751915, 0.004573020618408918, -0.11688319593667984, -0.0394732691347599, 0.005730100907385349, 0.07297885417938232, -0.013199327513575554, -0.03515016660094261, 0.15345001220703125, 0.0652756467461586, 0.07563000172376633, 0.050674278289079666, 0.06761092692613602, -0.018049055710434914, 0.03679897263646126, -0.032394714653491974, 0.002466262551024556, -0.07125414162874222, 0.00394673366099596, 0.029664790257811546, 0.014075562357902527, -0.1402863711118698, 0.05476976931095123, -0.03707899898290634, -0.055016208440065384, -0.07204195111989975, 0.0030464129522442818, -0.0699852854013443, -0.01515805721282959, 0.036004312336444855, 0.0008763071964494884, -0.05743330717086792, 0.03500738739967346, 0.00769839296117425, -0.046075239777565, -0.04329817742109299, 0.060071323066949844, 0.009202920831739902, 0.0470581091940403, 0.060533661395311356, -0.016259392723441124, 0.0772411972284317, -0.040835410356521606, 0.007157850544899702, -0.005569365806877613, 0.017046846449375153, -0.033534083515405655, -0.029625002294778824, -0.03828058019280434, -0.047317054122686386, 0.009348943829536438, 0.097504161298275, 0.047089941799640656, 0.05759178847074509, -0.030993573367595673, -0.1602066457271576, -0.030236637219786644, -0.06468573212623596, -0.0969715490937233, 0.0940965786576271, -0.06934285163879395, 0.01587752252817154, -0.01928701624274254, -0.08353875577449799, -0.07635797560214996, -0.10632462799549103, -0.006807596888393164, -0.0637674555182457, 0.045980650931596756, -0.039571043103933334, -0.03073892742395401, 0.01247191522270441, -0.09841687232255936, 0.0448034405708313, -0.019528958946466446, -0.06856919825077057, -2.7991422030027024e-05, 0.041016679257154465, -0.026666520163416862, -0.09162060171365738, 0.0261888038367033, -0.025311952456831932, 0.13296718895435333, -0.04593872278928757, 0.004957939963787794, 0.005337166134268045, 0.028815174475312233, 0.04673629254102707, -0.010940562933683395, 0.03499768301844597, 0.011935563758015633, 0.024772092700004578, 0.06839412450790405, 0.002779790200293064, 0.07547824084758759, 0.06254178285598755, -0.03635764867067337, -0.00043845409527421, -0.0287037193775177, -0.026293812319636345, 0.015053041279315948, 0.008153553120791912, 0.020051168277859688, -0.001601225114427507, 0.08040490746498108, 0.024124646559357643, 0.04499250277876854, 0.004243464209139347, -0.05301463603973389, -0.01813965104520321, -0.04076350852847099, 0.016482392325997353, -0.005877010524272919, 0.09610309451818466, -0.022134488448500633, 0.04139373078942299, 0.058087244629859924, 0.10544982552528381, 0.05827011913061142, -0.014569437131285667, -0.03592245653271675, -0.0023024845868349075, 0.09931077063083649, -0.023741163313388824, 0.04772306978702545, 0.08136063814163208, 0.03769838064908981, 0.06538259238004684, -0.04593908414244652, -0.11214730888605118, -0.09776006639003754, -0.05254223197698593, -0.03511795774102211, 0.011226275004446507, 0.012888261117041111, -0.03016607277095318, 0.005123100709170103, 0.017610758543014526, -0.014152148738503456, -0.046133968979120255, 0.023890739306807518, 0.06242997199296951, 0.048141248524188995, 0.037607625126838684, 0.012783003970980644, 0.08084424585103989, 0.06442990154027939, -0.04301897808909416, 0.003584299935027957, 0.03011748194694519, 0.0869920626282692, -0.017129912972450256, -0.028322657570242882, -0.017284376546740532, 0.03837323933839798, -0.04517939314246178, 0.006560191977769136, 0.03945538029074669, 0.057324424386024475, 0.01697135716676712, 0.003017368959262967, -0.03910832479596138, 0.07261397689580917, 0.08375601470470428, 0.00013650952314492315, 0.018077842891216278, -0.04534680396318436, 0.002244860865175724, 0.017573591321706772, -0.10356803983449936, 0.03924364224076271, 0.0013267979957163334, -0.01945515349507332, 0.06283079832792282, -0.041055090725421906, -0.06822056323289871, -0.10130265355110168, 0.043903566896915436, -0.059416551142930984, 0.09472128003835678, -0.037190791219472885, -0.10310094058513641, -0.11922504007816315, 0.05119696632027626, 0.037309881299734116, 0.03182699531316757, 0.0291146170347929, 0.058078162372112274, 0.009427732788026333, 0.01711677946150303, -0.007317833136767149, -0.01890919730067253, -0.022391749545931816, -0.043187230825424194, 0.026615837588906288, -0.06917647272348404, 0.006401196587830782, 0.006205476354807615, 0.02273677848279476, -0.0075894431211054325, -0.061941906809806824, 0.006014540791511536, -0.023490507155656815, -0.04722251743078232, 0.015283589251339436, 0.013116267509758472, 0.0634324848651886, 0.011579781770706177, 0.05258871987462044, 0.06423807889223099, 0.11804059892892838, -0.009781543165445328, -0.012376288883388042, 0.033726148307323456, 0.0821516215801239, 0.003295755945146084, -0.056164100766181946, 0.029569929465651512, 0.002762837568297982, 0.05613289400935173, 0.020489197224378586, -0.0004056342295370996, 0.03851260989904404, -0.02204742655158043, 0.014731130562722683, -0.01326549332588911, -0.017033929005265236, 0.04334074258804321, -0.06936626881361008, 0.06203528866171837, -0.06165667995810509, 0.01124846376478672, -0.019724750891327858, 0.03399704024195671, 0.0075765554793179035, -0.05287911370396614, 0.0851236879825592, 0.017492901533842087, 0.04042700678110123, -0.004197452217340469, -0.03647664934396744, 0.0175787266343832, -0.010583893395960331, -0.0669349655508995, -0.04560692608356476, -0.041825681924819946, 0.031457044184207916, 0.10358141362667084, -0.033447202295064926, -0.006739708594977856, -0.0506976880133152, -0.016099993139505386, -0.009609045460820198, -0.0942259430885315, 0.08260909467935562, 0.017260413616895676, -0.08901248872280121, -0.009181337431073189, 0.011029611341655254, -0.10875862091779709, -0.029369443655014038, 0.05378350988030434, -0.037501994520425797, 0.06141849234700203, 0.022123781964182854, 0.05458812415599823, -0.01617625169456005, 0.05270425230264664, -0.02734386920928955, 0.008443202823400497, 0.03204059228301048, -0.018071141093969345, -0.004239251837134361, -0.022819561883807182, 0.03866977617144585, 0.027420928701758385, 0.0023949425667524338, -0.0876731425523758, -0.0047192564234137535, 0.001108578173443675, -0.022656956687569618, 0.0035306448116898537, 0.06711501628160477, -0.01675739884376526, 0.022903095930814743, 0.08724275231361389, -0.02306000329554081, 0.019712479785084724, -0.005032199900597334, 0.01902637630701065, 0.04800572991371155, -0.046633295714855194, -0.024262722581624985, 0.033335670828819275, 0.11300832033157349, 0.018987072631716728, -0.07018961012363434, -0.011263929307460785, 0.006068762391805649, 0.021247602999210358, 0.028351129963994026, 0.05352722853422165, -0.03441381826996803, -0.007647339720278978, 0.05281645432114601, -0.004870342090725899, -0.04999038949608803, -0.019982293248176575, 0.023944534361362457, -0.0363604836165905, 0.053031083196401596, -0.08149854093790054, -0.024058885872364044, -0.08154888451099396, 0.0015000897692516446, 0.006354260724037886, -0.045553483068943024, -0.041663363575935364, 0.048285964876413345, -0.08461503684520721, -0.05200347676873207, -0.02984117902815342, 0.03436410054564476, 0.06151480972766876, -0.07269260287284851, 0.11653722822666168, -0.025325685739517212, -0.06682853400707245, -0.03566425293684006, 0.014034624211490154, 4.069897113367915e-05, 0.039494916796684265, -0.0008136483957059681, 0.023296823725104332, -0.083933524787426, 0.015639526769518852, -0.03848737105727196, 0.009027880616486073, 0.03156844526529312, -0.0015309036243706942, 0.05290134251117706, -0.006311430130153894, 0.11452724784612656, 0.0005384674877859652, 0.013104417361319065, 0.12478706240653992, -0.027040166780352592, 0.06342344731092453, -0.015444631688296795, -0.04791116714477539, 0.05086049437522888, -0.0945974811911583, 0.005334936082363129, 0.04603735730051994, 0.0349055752158165, -0.06063287705183029, -0.07865853607654572, -0.025010209530591965, 0.05289330333471298, -0.029733913019299507, 0.021422097459435463, -0.08656596392393112, 0.03898636996746063, 0.029824864119291306, -0.04491079971194267, 0.006009367760270834, -0.1251366138458252, 0.007244093809276819, -0.03716590628027916, 0.04881523177027702, 0.11336081475019455, -0.017332058399915695, -0.011316650547087193, -0.03305007889866829, -0.0271295253187418, -0.016061533242464066, -0.007776104379445314, 0.016797928139567375, -0.06488963216543198, -0.007194180972874165, -0.009441300295293331, -0.11366395652294159, -0.006452611647546291, -0.03164404630661011]"
69,Wikipedia & Web Search for Afghanistan,"or an abaya paired with a niqāb, which leaves only the eyes uncovered). First Deputy Leader Sirajuddin Haqqani claimed the decree is only advisory and no form of hijab is compulsory in Afghanistan, though this contradicts the reality. It has been speculated that there is a genuine internal policy division over women's rights between hardliners, including leader Hibatullah Akhundzada, and pragmatists, though they publicly present a united front. Another decree was issued shortly after the first, requiring female TV presenters to cover their faces during broadcasts. Since the Taliban takeover, suicides among women have become more common, and the country could now be one of the few where the r","[-0.027104312554001808, 0.11263919621706009, -0.07095582038164139, 0.021462148055434227, 0.0337618887424469, 0.04469570517539978, -0.04849710687994957, -0.10716434568166733, 0.033813126385211945, 0.05598919466137886, -0.008731188252568245, 0.06233730912208557, 0.05993793532252312, -0.03137855976819992, 0.09947550296783447, 0.03570239618420601, -0.0230321753770113, -0.04724239185452461, 0.03765758499503136, 0.06415609270334244, 0.024379592388868332, -0.014224391430616379, -0.002085917629301548, -0.016439635306596756, 0.07580607384443283, -0.1415812373161316, 0.057983554899692535, -0.0011570854112505913, -0.0324968658387661, -0.07216238975524902, -0.022644314914941788, 0.027097802609205246, 0.04186718910932541, 0.03987687826156616, -0.019601553678512573, 0.029821161180734634, 0.1203005239367485, -0.03731531277298927, -0.01981719583272934, 0.03380501642823219, -0.018805528059601784, -0.09578291326761246, 0.004355606157332659, -0.0139495013281703, 0.0650799572467804, 0.08518825471401215, 0.025687066838145256, 0.03699605166912079, -0.0624065063893795, 0.0446658618748188, 0.03171825036406517, -0.0056076655164361, -0.0001238784025190398, 0.06960973888635635, 0.03516406938433647, -0.06132804974913597, 0.016176816076040268, -0.04200250282883644, -0.016056783497333527, 0.04404202103614807, -0.04952244833111763, 0.06609208881855011, -0.05862671509385109, -0.044085245579481125, -0.051741451025009155, -0.03272514045238495, 0.00017462704272475094, -0.09158314019441605, 0.003140656277537346, 0.015998797491192818, 0.01722654141485691, -0.0009402208379469812, 0.01647377386689186, 0.06809794157743454, -0.021098710596561432, -0.05657048895955086, 0.016194161027669907, 0.029660802334547043, 0.0343625582754612, -0.026913823559880257, -0.0364471934735775, 0.06974299252033234, 0.09687837213277817, 0.027164438739418983, 0.024029387161135674, -0.04696259647607803, -0.032755572348833084, -0.05514359846711159, -0.010546310804784298, 0.007922722026705742, -0.013430106453597546, -0.03561932221055031, 0.10213997215032578, -0.009748047217726707, 0.08059463649988174, 0.010564732365310192, 0.02360728569328785, 0.021348312497138977, -0.055514004081487656, 0.00839789118617773, -0.018219035118818283, 0.04101772606372833, 0.024038057774305344, -0.01874123513698578, 0.05552268400788307, 0.004220921080559492, 0.020247746258974075, -0.10834839195013046, -0.07293594628572464, 0.08449573814868927, -0.08042462170124054, -0.004554346203804016, -0.014884212985634804, -0.0449402891099453, -0.070729099214077, 0.04519176110625267, -0.01877496764063835, 0.043418269604444504, -0.061075445264577866, -0.08335482329130173, -0.07650910317897797, -0.06820069253444672, 0.08185330778360367, 0.008820662274956703, 0.052813731133937836, -0.008576598018407822, -0.06879638135433197, -0.006072928197681904, -0.013820444233715534, -0.09276052564382553, -0.06927131861448288, -0.03226902335882187, -0.048321425914764404, -0.007061413489282131, 0.0903254896402359, -0.03981572017073631, 0.028178641572594643, 0.003897950751706958, -0.0029398701153695583, 0.01150649692863226, 0.05066500976681709, 0.007481092121452093, -0.0041311862878501415, 0.03375811129808426, -0.04780559986829758, 0.02619149349629879, 0.03379247337579727, -0.02315666154026985, -0.06702377647161484, 0.05288715660572052, 0.013659756630659103, -0.032993216067552567, -0.010518865659832954, -0.00993296504020691, 0.0792333334684372, -0.005156844854354858, 0.010346028953790665, 0.03609395772218704, 0.013209723867475986, -0.019866080954670906, -0.023541437461972237, -0.03266702964901924, -0.07596141844987869, 0.032545678317546844, 0.006544496398419142, -0.05224302038550377, -0.028146766126155853, -0.020902272313833237, 0.0021846171002835035, -0.006739929784089327, 0.0035789553076028824, -0.07129157334566116, 0.0802612155675888, -0.003199552418664098, -0.06621184945106506, -0.0510820671916008, -0.011724528856575489, 0.01703404262661934, -0.019757147878408432, 0.02102593332529068, 0.025997325778007507, 0.004632847383618355, -0.020619479939341545, 0.053512733429670334, -0.0421411395072937, 0.06901004165410995, 0.005355058703571558, 0.06132802367210388, 0.003448369912803173, 0.006274345796555281, -0.0501687191426754, 0.061298687011003494, -0.025184761732816696, 0.08075380325317383, 0.02649032324552536, -0.013064694590866566, 0.06969626247882843, -0.006801325362175703, 0.04329850524663925, 0.023849554359912872, -0.1586235910654068, 0.1027432233095169, 0.018533218652009964, 0.004586629569530487, 0.031392570585012436, -0.0710706114768982, 0.039337996393442154, -0.03217639774084091, -0.005293508525937796, 0.028584491461515427, 0.14238335192203522, 0.09899407625198364, -0.09838312119245529, 0.0084785595536232, 0.007383197080343962, 0.017593594267964363, -0.007101675029844046, 0.020841103047132492, -0.108634352684021, 0.06090698018670082, -0.019907349720597267, -0.03498244658112526, 0.06506936997175217, -0.05123892053961754, 0.06318408250808716, -0.04309916868805885, -0.005610676947981119, 0.006744708865880966, 0.02055474743247032, 0.06735074520111084, 0.0015807204181328416, -0.12959253787994385, -0.08140154927968979, 0.07697029411792755, 0.05202226713299751, -0.12250670790672302, 0.005275854375213385, 0.01218954287469387, 0.0854947492480278, -0.06338876485824585, -0.047968097031116486, -0.07858254760503769, -0.008357245475053787, 0.08628389984369278, -0.019481252878904343, -0.05269962176680565, 0.033933863043785095, -0.007190481759607792, -0.019124096259474754, 0.036704108119010925, 0.03266743943095207, -0.006604140158742666, 0.07730169594287872, 0.040425654500722885, 0.010008051991462708, -0.03447538986802101, -0.16435278952121735, 0.036616843193769455, 0.05844264104962349, -0.12176261097192764, -0.06542869657278061, 0.050575681030750275, -0.06078507751226425, 0.03658419847488403, 0.046029284596443176, 0.02533085271716118, 0.014991492964327335, 0.014644429087638855, -0.02254875935614109, -0.0542789064347744, -0.0395648330450058, -0.003830596338957548, 0.045039501041173935, -0.07408536225557327, -0.027265353128314018, 0.04372921958565712, 0.04373867064714432, -0.06305140256881714, 0.010583809576928616, -0.09239009022712708, -0.004470592364668846, -0.005179548170417547, 0.11284254491329193, -0.019055379554629326, 0.026625946164131165, 0.024225717410445213, 0.021319769322872162, 0.0052230581641197205, 0.018413444980978966, 0.03373099863529205, -0.0013129533035680652, 0.0025587647687643766, 0.06534884124994278, -0.027975870296359062, 0.07814512401819229, -0.08693049848079681, 0.021513961255550385, 0.04482802003622055, 0.06913739442825317, 0.05121280997991562, 0.07557865977287292, -0.06352244317531586, 0.03163724020123482, -0.03440919890999794, 0.04765051230788231, 0.007716194726526737, -0.07159300148487091, 0.015528064221143723, -0.017220264300704002, 0.009219327010214329, -0.011160416528582573, -0.09114936739206314, 0.009620726108551025, 0.021845310926437378, 0.04146153852343559, 0.08297598361968994, 0.028323618695139885, 0.045499157160520554, 0.0643005222082138, -0.07761400192975998, -0.0034795324318110943, -0.01506207138299942, 0.000555792183149606, -0.04754229262471199, -0.06588591635227203, 0.05862337723374367, -0.06063862517476082, -0.12328353524208069, -0.04976432025432587, 0.021314824000000954, 0.025127427652478218, 0.08534065634012222, -0.013381154276430607, -0.08402535319328308, -0.027299849316477776, -0.07347796112298965, 0.0072669703513383865, 0.006470550782978535, -0.022812919691205025, -0.03204505145549774, 0.06382143497467041, -0.03461015596985817, -0.057059649378061295, 0.03023071028292179, 0.02477855235338211, 0.06401155143976212, -0.0793282762169838, 0.045809295028448105, -0.001756111509166658, 0.00725818844512105, 0.026340411975979805, 0.025549961254000664, -0.03513038903474808, -0.0104573555290699, 0.013550592586398125, -0.01615959219634533, -0.04959358274936676, 0.02564915083348751, 0.029402725398540497, -0.10335434228181839, -0.029980964958667755, 0.0018378059612587094, 0.043363574892282486, 0.02958979271352291, -0.017709702253341675, -0.007865514606237411, -0.05786263942718506, -0.006580029148608446, 0.004339729435741901, 0.04712163656949997, 0.06841858476400375, -0.01904117688536644, 0.058215588331222534, 0.02589166909456253, -0.04851417616009712, 0.03820028156042099, -0.007586231920868158, -0.08301596343517303, -0.013857566751539707, 0.05926763266324997, 0.03681889921426773, -0.0674750804901123, 0.05908697843551636, 0.050536006689071655]"
70,Wikipedia & Web Search for Afghanistan,"ate of suicide among women surpasses that among men.
In May 2022, the Taliban dissolved Afghanistan's Human Rights Commission along with four other government departments, citing the country's budget deficit.
In January 2025, the International Criminal Court issued two warrants against the Taliban supreme leader Haibatullah Akhundzada and the Chief judge, Abdul Hakim Haqqani, for committing crimes against humanity with the oppression and persecution of Afghan women and girls, and deprived of their freedom of movement, the rights to control their bodies, to education, and to a private and family life, while the alleged resistance and opposition were brutally suppressed with murder, imprisonme","[-0.03289683535695076, 0.04725370183587074, -0.03645086660981178, 0.05555610731244087, 0.0234691109508276, 0.028947880491614342, 0.013557111844420433, -0.08410710841417313, 0.0590926930308342, 0.03483811765909195, 0.048778485506772995, 0.048204582184553146, 0.03541430085897446, -0.03744937852025032, 0.02677205018699169, 0.031123697757720947, -0.04200701788067818, -0.04441988468170166, -0.02377908118069172, 0.07160937786102295, -0.010787422768771648, -0.043810874223709106, 0.04130648821592331, 0.02502821944653988, 0.10234998166561127, -0.09824556112289429, 0.019575582817196846, -0.05223672091960907, -0.038897402584552765, -0.008902769535779953, -0.04263612627983093, -0.04826819524168968, -0.044202908873558044, 0.0795811116695404, 0.07228792458772659, -0.04082661122083664, 0.07800556719303131, 0.037318482995033264, 0.052195966243743896, -0.0022660251706838608, 0.05362904071807861, 0.015023230575025082, -0.014950503595173359, 0.03279183804988861, 0.057301439344882965, 0.0347038097679615, -0.042284030467271805, 0.030388277024030685, -0.056518182158470154, 0.0016433948185294867, 0.06752338260412216, 0.029531246051192284, 0.028025390580296516, 0.046415165066719055, 0.04864666238427162, -0.16858574748039246, -0.029998093843460083, 0.02839454635977745, -0.031362805515527725, 0.08978588134050369, -0.08195608854293823, 0.07602233439683914, -0.06947562843561172, -0.014171741902828217, -0.024034874513745308, -0.009370436891913414, 0.08214420825242996, -0.08095954358577728, -0.005182104650884867, -0.01916399784386158, 0.03300585597753525, 0.05136086046695709, -0.04058707132935524, -0.03192168101668358, -0.05147596821188927, -0.059903115034103394, -0.027931511402130127, 0.05170461907982826, 0.006007686723023653, 0.0031492235139012337, 0.06358256191015244, 0.09678303450345993, 0.1274968832731247, 0.002901290077716112, -0.056471336632966995, -0.09119264036417007, -0.06581979990005493, 0.027466025203466415, 0.013186847791075706, -0.016062505543231964, -0.027371974661946297, 0.06288747489452362, 0.06864984333515167, 0.0289357528090477, 0.06276900321245193, 0.09332133084535599, -0.010964160785079002, -0.0010089960414916277, 0.014131288975477219, -0.01048771571367979, 0.0229280274361372, 0.059567976742982864, -0.028955470770597458, -0.019143151119351387, -0.0034320331178605556, 0.04948077350854874, 0.032462168484926224, -0.10835229605436325, -0.04598762094974518, 0.021773485466837883, -0.07477729767560959, -0.007651485502719879, -0.022152919322252274, -0.04791869968175888, 0.008603332564234734, 0.007835563272237778, -0.03931885585188866, 0.10154078900814056, -0.02534123882651329, -0.03469982370734215, 0.016111882403492928, -0.009745178744196892, 0.0012618022738024592, -0.039299752563238144, 0.12629434466362, 0.045202866196632385, -0.010370515286922455, 0.05517959222197533, 0.0435895174741745, -0.13462316989898682, -0.04391799867153168, 0.006596399936825037, -0.12429555505514145, -0.028883803635835648, 0.021007567644119263, -0.10272910445928574, -0.0378703810274601, 0.06166563183069229, -0.0054455650970339775, -0.05442088097333908, -0.043714627623558044, -0.006462680641561747, -0.0014252042165026069, 0.00576040567830205, 0.01909436658024788, 0.09836211800575256, 0.06842094659805298, -0.008893191814422607, 0.01450290996581316, 0.051179587841033936, 0.09594616293907166, -0.0026292616967111826, 0.03594895079731941, 0.027753666043281555, -0.0445551797747612, -0.01853669248521328, 0.028539756312966347, 0.01346508041024208, 0.015952104702591896, -0.022119391709566116, -0.03212679177522659, -0.006786452606320381, -0.023160738870501518, 0.029781771823763847, 0.0001931365841301158, 0.018528971821069717, -0.037195172160863876, -0.024884594604372978, -0.008151382207870483, 0.006970337126404047, -0.025064708665013313, -0.08145196735858917, 0.0187749732285738, 0.004344262182712555, -0.02411162108182907, 0.0004474981687963009, -0.00579296238720417, 0.06511672586202621, 0.0073046376928687096, -0.013540682382881641, -0.0346212238073349, 0.02818251959979534, -0.07669233530759811, 0.040099430829286575, -0.05427030473947525, -0.03750065714120865, -0.023025929927825928, 0.011193406768143177, 0.01607104390859604, 0.005565417464822531, -0.06422273814678192, -0.03131427615880966, 0.04658091440796852, 0.013151388615369797, 0.020080501213669777, -0.023872269317507744, 0.008970029652118683, 0.037429071962833405, -0.008694515563547611, -0.031775593757629395, -0.11943923681974411, -0.006136538926512003, 0.002631635870784521, -0.05045722424983978, 0.07552823424339294, -0.050090204924345016, 0.014266219921410084, -0.05971028283238411, 0.09027473628520966, -0.04700733348727226, 0.039041485637426376, 0.030512701719999313, -0.04710061848163605, -0.01625613123178482, 0.03351828455924988, -0.009552458301186562, -0.06863832473754883, 0.0428321436047554, -0.000599507475271821, 0.110338494181633, 0.02522738091647625, -0.0011609576176851988, -0.02929251827299595, -0.04704540595412254, 0.042036499828100204, -0.058812666684389114, -0.012210228480398655, 0.03386427089571953, 0.02358545921742916, 0.02219245955348015, -0.002461392432451248, 0.0015291551826521754, 0.028856024146080017, 0.12916633486747742, 0.04502462223172188, -0.10508032143115997, 0.04704489931464195, 0.05403570458292961, -0.04855702072381973, -0.01414855383336544, -0.022141151130199432, -0.03392676264047623, 0.10273504257202148, -0.03898346424102783, -0.0620102658867836, -0.01088600791990757, -0.0468628965318203, 0.03363869711756706, 0.021741485223174095, -0.026099957525730133, -0.05748172476887703, -0.06512720882892609, 0.03694334626197815, -0.07893341034650803, 0.0826668068766594, -0.05750659108161926, -0.03820032998919487, 0.02530783973634243, 0.09438011050224304, -0.12677961587905884, -0.10573504120111465, 0.06526219844818115, -0.034548208117485046, 0.017916742712259293, -0.01964905485510826, -0.01820685900747776, 0.020511412993073463, -0.00628999900072813, 0.03713247552514076, -0.0037373800296336412, 0.03958342596888542, -0.012253565713763237, 0.10929587483406067, -0.0866878479719162, 0.050205543637275696, 0.06042253598570824, 0.017727335914969444, -0.02946503460407257, 0.04185596480965614, -0.032429859042167664, 0.008630051277577877, -0.012959696352481842, 0.06694357097148895, 0.0030717705376446247, -0.019141189754009247, 0.05891891568899155, 0.04182645305991173, 0.020479215309023857, -0.04615609720349312, 0.06520629674196243, 0.01886688359081745, -0.02888772264122963, -0.014039549045264721, 0.045493535697460175, 0.05795648321509361, -0.020297937095165253, -0.07117430865764618, -0.0017132932553067803, 0.035178594291210175, 0.009104377590119839, 0.028981225565075874, 0.07067419588565826, -0.05049457028508186, -0.003061902243643999, 0.00477980449795723, 0.054229117929935455, -0.017568081617355347, -0.0018945507472380996, 0.006391453091055155, -0.02392023615539074, 0.01617533713579178, -0.061099302023649216, 0.01802530698478222, -0.055962953716516495, 0.09010743349790573, -0.08489718288183212, 0.052167344838380814, -0.013500798493623734, -0.022478770464658737, -0.07987438887357712, -0.020852267742156982, -0.0002915876975748688, -0.030035192146897316, 0.015709079802036285, -0.013322096318006516, 0.057186976075172424, 0.08819335699081421, -0.03531661257147789, -0.02690078876912594, 0.03137938678264618, 0.06213298439979553, 0.0447717159986496, 0.030742919072508812, -0.06012442708015442, -0.09983091056346893, -0.08234398066997528, -0.1278081238269806, -0.08150510489940643, -0.018803423270583153, -0.126850888133049, 0.06962010264396667, -0.07246290147304535, -0.048256125301122665, -0.03605462238192558, 0.02777530997991562, 0.05660189688205719, 0.02479022555053234, 0.053175050765275955, -0.007707645185291767, -0.05650807172060013, 0.09638794511556625, 0.001146372058428824, 0.041794709861278534, -0.056937236338853836, 0.016286678612232208, 0.0011080671101808548, -0.03899316117167473, 0.05902937799692154, 0.0713072195649147, -0.02814953587949276, -0.08390126377344131, 0.05784446373581886, 0.07993011176586151, 0.0676882416009903, -0.019416064023971558, -0.06316067278385162, -0.04642292112112045, 0.03399646282196045, 0.00043307230225764215, -0.00789122749119997, 0.0814037099480629, -0.02526162564754486, -0.060039348900318146, -0.018691621720790863, 0.06806158274412155, -0.020502639934420586, -0.02408844418823719, 0.04661668464541435, -0.09675376862287521, -0.014833775348961353, 0.03386871889233589, -0.08666031062602997, -0.03715015947818756, -0.007549171801656485]"
71,Wikipedia & Web Search for Afghanistan,"nt, torture, rape, and other forms of sexual violence, since 2021. ICC member states are obliged to arrest wanted persons if they are on their territory.

Economy
Afghanistan's nominal GDP was $20.1 billion in 2020, or $81 billion by purchasing power parity (PPP). Its GDP per capita is $2,459 (PPP) and $611 by nominal. Despite having $1 trillion or more in mineral deposits, it remains one of the world's least developed countries. Its economic output per capita is among the lowest of any country as of 2026. Afghanistan's rough physical geography and its landlocked status has been cited as reasons why the country has always been among the least developed in the modern era – a factor where prog","[-0.0012778803938999772, -0.047692958265542984, -0.008681037463247776, -0.008980541490018368, 0.11252281814813614, 0.08258409798145294, 0.00859082955867052, 0.031211936846375465, 0.08462567627429962, 0.054232727736234665, 0.10744722932577133, -0.04328051209449768, 0.02994537726044655, 0.004536330699920654, -0.01774170994758606, -0.015325235202908516, -0.046673521399497986, -0.11005587875843048, 0.038882505148649216, -0.0027466709725558758, 0.02186165191233158, -0.10705973953008652, 0.06281714886426926, -0.09369271993637085, 0.12660163640975952, -0.02328394167125225, 0.010574785992503166, -0.10147703438997269, -0.024864045903086662, 0.05248279124498367, 0.04914665222167969, -0.07023482769727707, 0.010742681100964546, 0.08523731678724289, -0.014559606090188026, -0.0442911721765995, -0.013338918797671795, 0.05726683884859085, 0.050035085529088974, 0.08392564207315445, 0.054387059062719345, 0.0616534985601902, -0.034478604793548584, -0.025158587843179703, -0.03679205849766731, 0.046023719012737274, 0.002254319377243519, -0.011327268555760384, -0.05300211161375046, 0.0009293814073316753, 0.0438319556415081, 0.01863183081150055, 0.010949539951980114, 0.07700122892856598, 0.030262989923357964, -0.1189490556716919, -0.002424438949674368, -0.07636388391256332, -0.042992644011974335, 0.018337344750761986, -0.05884671211242676, -0.003960310947149992, -0.008753093890845776, -0.04004279524087906, 0.0007849509711377323, -0.0953698605298996, 0.03801652789115906, -0.02969321981072426, -0.013886242173612118, 0.03275776281952858, 0.029568087309598923, -0.04813624918460846, -0.11660842597484589, 0.0018359599635004997, -0.013950230553746223, -0.037284005433321, 0.03499138727784157, 0.14124660193920135, 0.07717840373516083, -0.0021446978207677603, 0.1112082228064537, 0.07394217699766159, 0.08965504169464111, -0.05491941422224045, -0.030281584709882736, -0.05510100722312927, 0.04708881676197052, 0.07502219080924988, 0.024969464167952538, -0.035390596836805344, -0.052115634083747864, 0.09780365228652954, 0.06371638178825378, 0.02851780131459236, 0.05472247302532196, 0.12736618518829346, 0.013518871739506721, 0.002256824867799878, -0.03222666308283806, -0.014301713556051254, 0.030045777559280396, 0.008785433135926723, 0.011610916815698147, 0.03378294035792351, -0.03007654845714569, 0.04267897084355354, -0.039225298911333084, -0.02277488075196743, -0.007858220487833023, 0.010043875314295292, -0.030124979093670845, 0.004284611903131008, -0.035011306405067444, 0.04120134562253952, 0.027352292090654373, -0.023460760712623596, 0.0571347214281559, 0.040337372571229935, 0.0015342729166150093, -0.056656792759895325, 0.019684402272105217, -0.03305419534444809, 0.04110131412744522, -0.01583792269229889, 0.0875043272972107, 0.07067198306322098, 0.010453430935740471, 0.04595496878027916, -0.023979507386684418, -0.08360634744167328, -0.04926178976893425, -0.0515604130923748, -0.10109813511371613, -0.008641856722533703, 0.0018976842984557152, -0.00953701976686716, -0.015611350536346436, -0.021802732720971107, -0.11909376829862595, 0.003735796082764864, -0.01738276146352291, 0.040466200560331345, -0.007563459686934948, -0.009300598874688148, -0.0036160615272819996, 0.16312269866466522, -0.004413144197314978, 0.038655173033475876, 0.051180459558963776, -0.02093484438955784, 0.11619270592927933, -0.019481835886836052, -0.008743158541619778, -0.031519029289484024, 0.012370346114039421, -0.0703955590724945, 0.007782853674143553, -0.02419382333755493, 0.08811097592115402, 0.035854555666446686, -0.028841976076364517, -0.1050976812839508, -0.007652722764760256, -0.03639841079711914, -0.05251852795481682, 0.021368544548749924, -0.08540109544992447, -0.04133335500955582, -0.032474447041749954, 0.011397186666727066, -0.017748108133673668, -0.016703709959983826, 0.013529610820114613, 0.033753521740436554, 0.025419604033231735, -0.04548366740345955, -0.09050290286540985, 0.014751487411558628, 0.011587332934141159, 0.008652500808238983, -0.06075010076165199, -0.08694279193878174, -0.025694886222481728, 0.04306785389780998, -0.01813158392906189, 0.0014726445078849792, 0.02086555026471615, 0.02459842897951603, -0.012959948740899563, -0.07133932411670685, -0.014296823181211948, -0.01824191026389599, 0.022348487749695778, 0.001096121734008193, 0.0028016159776598215, -0.0645386278629303, 0.06624741107225418, 0.07957103848457336, 0.08035508543252945, -0.020598269999027252, -0.07751678675413132, 0.008011759258806705, -0.040533002465963364, 0.0054931980557739735, 0.1159711629152298, -0.002688303589820862, 0.0016659643733873963, 0.03884487599134445, -0.020450647920370102, 0.032429032027721405, 0.08808085322380066, -0.016478782519698143, 0.05932360514998436, 0.0064316364005208015, 0.07601206749677658, -0.040296800434589386, -0.09469463676214218, -0.029235446825623512, -0.04232918843626976, 0.021684996783733368, -0.04044061899185181, 0.054113660007715225, 0.038475606590509415, -0.04673789441585541, -0.005381724797189236, -0.003876369446516037, -0.06486024707555771, 0.03895346075296402, 0.0364827997982502, 0.05314268916845322, -0.01373006496578455, 0.026726724579930305, 0.005765197798609734, 0.04988428205251694, 0.02132425643503666, -0.04657776653766632, 0.012805198319256306, 0.1036844253540039, 0.010863419622182846, 0.0008329985430464149, 0.01002192497253418, -0.015846792608499527, 0.015661541372537613, -0.004213869571685791, -0.008331908844411373, -0.02252008020877838, -0.0021003822330385447, 0.09020567685365677, -0.07232189923524857, -0.037638548761606216, -0.06799285858869553, -0.10822057723999023, -0.05680462718009949, -0.11739002168178558, 0.07422398775815964, 0.059453174471855164, -0.04744543880224228, 0.05505593493580818, 0.00015627764514647424, -0.07309404015541077, -0.033417485654354095, -0.014635954983532429, 0.000517385546118021, 0.06381428241729736, 0.030115168541669846, -0.017034467309713364, -0.04982917755842209, 0.00796414166688919, -0.09256155043840408, -0.03440463915467262, 0.07500309497117996, -0.00042016088264063, 0.06626313179731369, -0.04771283641457558, 0.047901734709739685, 0.061912164092063904, -0.0036934157833456993, -0.002836177358403802, -0.0035339004825800657, -0.026064123958349228, -0.006138671189546585, 0.051554299890995026, 0.07083465158939362, -0.051019955426454544, -0.0878414511680603, -0.005336900241672993, -0.013427535071969032, 0.040404245257377625, -0.07912950962781906, 0.04398193210363388, 0.02318401448428631, -0.01523206289857626, -0.029366476461291313, 0.0424591489136219, 0.05625921115279198, -0.009257967583835125, -0.05703647434711456, -0.0009340813267044723, -0.00806883443146944, 0.0751199722290039, 0.04749879613518715, 0.06965363025665283, 0.02230914682149887, 0.009520525112748146, 0.001414181781001389, 0.06682945787906647, 0.020765192806720734, -0.04955893009901047, 0.00045213772682473063, -0.06459300965070724, 0.021664585918188095, -0.06735829263925552, -0.04235660284757614, -0.033093277364969254, -0.03774705156683922, 0.008076475001871586, 0.05076860263943672, 0.045784760266542435, 0.017790406942367554, -0.05096619576215744, -0.019779140129685402, 0.040408480912446976, 0.03768517076969147, 0.007244915701448917, -0.06024998798966408, 0.09223265200853348, -0.049695875495672226, -0.033609043806791306, 0.03371978551149368, 0.03822021931409836, 0.05407748743891716, 0.05629705637693405, 0.02055993862450123, 0.01925741322338581, -0.11977040022611618, 0.030082130804657936, -0.07312606275081635, -0.0073359208181500435, 0.021541286259889603, -0.02690332755446434, 0.06446672976016998, 0.06755238026380539, -0.022339295595884323, 0.002293684985488653, 0.04114742949604988, 0.10174567252397537, 0.012913791462779045, 0.01512171421200037, -0.0635625347495079, 0.005189396440982819, 0.06338361650705338, -0.05934413895010948, -0.030925411731004715, -0.024362074211239815, -0.009000484831631184, -0.00583177013322711, -0.04988309368491173, -0.03556552529335022, -0.026643311604857445, -0.02899261564016342, -0.03496706485748291, -0.0150647833943367, 0.09438952803611755, -0.03948758542537689, -0.011906096711754799, 0.0495360791683197, -0.11237133294343948, -0.039295751601457596, 0.03974577412009239, -0.05516417697072029, 0.08604851365089417, -0.054260075092315674, -0.03414497524499893, -0.060728419572114944, -0.039397068321704865, -0.03230811282992363, -0.022802334278821945, 0.0293539147824049, -0.08067164570093155, -0.048794638365507126, -0.021013474091887474, -0.06843488663434982, 0.017835287377238274, -0.05737800523638725]"
72,Wikipedia & Web Search for Afghanistan,"ress is also slowed by contemporary conflict and political instability. The country imports over $7 billion worth of goods but exports only $784 million, mainly fruits and nuts. It has $2.8 billion in external debt. The service sector contributed the most to the GDP (55.9%) followed by agriculture (23%) and industry (21.1%).
Da Afghanistan Bank serves as the central bank of the nation and the Afghani (AFN) is the national currency, with an exchange rate of about 75 Afghanis to 1 US dollar. A number of local and foreign banks operate in the country, including the Afghanistan International Bank, New Kabul Bank, Azizi Bank, Pashtany Bank, Standard Chartered Bank, and the First Micro Finance Ban","[-0.019190162420272827, -0.07903452962636948, -0.022940276190638542, -0.0034811513032764196, 0.09898687899112701, -0.04339979588985443, 0.019355162978172302, -0.006720688659697771, 0.04484209418296814, 0.002082406310364604, 0.01693318597972393, 0.011592949740588665, 0.036719780415296555, -0.033266015350818634, -0.08247076719999313, -0.027456309646368027, 0.005566980689764023, -0.09610847383737564, -0.00706076854839921, -0.0011725086951628327, -0.05173885077238083, -0.0761411115527153, -0.012001046910881996, -0.025174608454108238, 0.12394839525222778, 0.026048071682453156, 0.027638740837574005, -0.07682175934314728, 0.013046273030340672, -0.05618685483932495, 0.05851365998387337, 0.020552614703774452, -0.0006657449994236231, 0.03542749583721161, -0.014799166470766068, 0.03770601376891136, 0.0035856713075190783, 0.002845653798431158, 0.09980890154838562, 0.03671140596270561, 0.03646673262119293, 0.03735031560063362, -0.0044984291307628155, -0.015559196472167969, 0.056775398552417755, 0.042329274117946625, 0.025660479441285133, -0.03274579718708992, 0.030511818826198578, 0.03200376406311989, 0.0671997144818306, 0.07023531943559647, -0.05268152058124542, 0.040495630353689194, 0.027971314266324043, -0.05557556822896004, 0.05650288611650467, -0.011205700226128101, -0.023446910083293915, 0.02513410523533821, -0.020553454756736755, 0.021318966522812843, 0.0039505851455032825, -0.04287217557430267, -0.03364903852343559, -0.075649693608284, 0.05351472273468971, -0.019697343930602074, -0.07281415164470673, 0.04419809952378273, 0.007333012763410807, 0.007793492171913385, -0.04377876594662666, -0.04639904201030731, -0.010026938281953335, -0.02501460164785385, 0.08845128118991852, 0.1066611036658287, 0.03142068162560463, 0.020311152562499046, 0.09643702954053879, 0.05885704606771469, 0.041800789535045624, -0.07288386672735214, -0.027301298454403877, 0.008684109896421432, 0.0490034781396389, 0.025731736794114113, 0.06586353480815887, -0.08339216560125351, 0.09309487789869308, 0.08217401057481766, 0.05493823438882828, 0.05644756555557251, 0.02905317395925522, 0.046455904841423035, 0.04272298514842987, 0.014414853416383266, -0.03392714262008667, -0.0004746797785628587, 0.0449146144092083, 0.12076061964035034, 0.023103581741452217, 0.024693146347999573, -0.060768648982048035, 0.010709637776017189, -0.056736502796411514, 0.0240740105509758, -0.005531569942831993, -0.0002508091856725514, -0.003747644368559122, -0.020983228459954262, -0.09628774970769882, 0.005243453662842512, -0.022449692711234093, -0.053367938846349716, 0.026562994346022606, -0.050006382167339325, 0.02205977775156498, -0.024521326646208763, 0.04404468089342117, 0.04272595793008804, 0.06529422849416733, -0.03345279395580292, 0.0007869320106692612, 0.06769107282161713, 0.024182328954339027, 0.02907233126461506, -0.08410807698965073, -0.0548209622502327, -0.028954951092600822, -0.036629389971494675, -0.15247949957847595, -0.0221489816904068, 0.020483694970607758, 0.029727380722761154, -0.016895124688744545, -0.016476452350616455, -0.10902305692434311, 0.03959197551012039, -0.0491047240793705, 0.05039682239294052, 0.029124867171049118, -3.9329293940681964e-05, -0.09295567870140076, 0.07634100317955017, 0.08746401220560074, -0.0021099799778312445, 0.03647612780332565, -0.04908733069896698, 0.0404118150472641, -0.04284622147679329, 0.04547375440597534, -0.07304099947214127, 0.04218689724802971, 0.0207931287586689, 0.0669642835855484, -0.02664519101381302, 0.03890228644013405, 0.0690883919596672, -0.021631643176078796, -0.053213924169540405, -0.028694480657577515, -0.03511534631252289, 0.01590650901198387, 0.053544387221336365, -0.08572858572006226, -0.020297739654779434, -0.021406246349215508, 0.019832223653793335, -0.013311963528394699, 0.015529203228652477, 0.05690859630703926, 0.009938417002558708, 0.04866887256503105, -0.035936783999204636, -0.0971483513712883, 0.02161450870335102, -0.053767647594213486, 0.022014379501342773, -0.030936814844608307, -0.016862299293279648, -0.015728680416941643, 0.053112924098968506, 0.022271420806646347, -0.04265119880437851, -0.027457134798169136, 0.00485686119645834, -0.06927483528852463, -0.04111308231949806, 0.060799941420555115, 0.051589593291282654, -0.012512004934251308, 0.009070150554180145, -0.0288576427847147, -0.04199682176113129, 0.012105466797947884, 0.0982755795121193, 0.02272118628025055, -0.017416320741176605, -0.03563236445188522, 0.01957569643855095, -0.0415228046476841, -0.0640665739774704, 0.07556801289319992, 0.013553095981478691, 0.024737710133194923, 0.0348830409348011, -0.038988277316093445, 0.004471883177757263, 0.07218784838914871, 0.04569212347269058, 0.0196254700422287, 0.08135800808668137, 0.03664223477244377, -0.013168955221772194, 0.014265689067542553, -0.05276021733880043, -0.06462068110704422, 0.027596663683652878, -0.07314153015613556, -0.023564020171761513, 0.07919853925704956, -0.04229672625660896, -0.020431440323591232, 0.01283949613571167, -0.05194380506873131, 0.08913140743970871, -0.05981581285595894, 0.016763323917984962, -0.0009670793078839779, 0.09303177893161774, 0.03205869346857071, 0.09546966105699539, -0.00011254794662818313, 0.043534621596336365, -0.005338144022971392, 0.05129169672727585, 0.016399765387177467, -0.034188900142908096, 0.049480587244033813, 0.00841488130390644, 0.060460541397333145, -0.03358694911003113, -0.027477819472551346, 0.025221016258001328, 0.06301908940076828, 0.020283669233322144, -0.054388344287872314, -0.05365932360291481, -0.08999930322170258, -0.11468811333179474, -0.02731618657708168, -0.05758122354745865, 0.12175710499286652, 0.046786174178123474, -0.013784818351268768, 0.09221045672893524, 0.013542398810386658, -0.07620732486248016, -0.03493434563279152, -0.061650168150663376, 0.0737377256155014, 0.03499799221754074, 0.055414117872714996, -0.008264150470495224, 0.02254880964756012, -0.027516381815075874, -0.027707425877451897, -0.03311929479241371, 0.014411305077373981, -0.03214772045612335, 0.034230805933475494, -0.08508671075105667, 0.14712722599506378, 0.06428385525941849, -0.059655528515577316, -0.015882311388850212, -0.03638165444135666, 0.0543210469186306, 0.02193792350590229, 0.00548218097537756, 0.009072269313037395, -0.04178478568792343, -0.02483469434082508, -0.07248830795288086, -0.03223682940006256, -0.010033211670815945, -0.031209398061037064, 0.047956790775060654, 0.058154188096523285, -0.033505938947200775, 0.05033761262893677, 0.027254212647676468, 0.03259334713220596, -0.0447794534265995, -0.08455205708742142, 0.05955309793353081, -0.019518986344337463, 0.13406027853488922, -0.01009292807430029, 0.05441476032137871, 0.003090183949097991, 0.0027553257532417774, -0.04741836339235306, 0.06828223168849945, 0.005287765525281429, -0.04130641743540764, -0.05706685781478882, -0.09501054137945175, -0.01877189613878727, -0.07046858966350555, 0.0019033006392419338, -0.038185227662324905, -0.038907017558813095, -0.02183765359222889, 0.044766221195459366, 0.05848412215709686, 0.01720961555838585, -0.02961825020611286, -0.008252150379121304, -0.06977343559265137, -0.0007784113404341042, 0.10182470083236694, -0.10068313777446747, 0.023000434041023254, 0.011639169417321682, -0.014037016779184341, 0.03224258869886398, 0.07627330720424652, 0.026522716507315636, 0.0793749988079071, -0.09827695786952972, 0.046371061354875565, -0.086722232401371, 0.024572519585490227, -0.08749154955148697, 0.04417005181312561, -0.016374662518501282, -0.02270202338695526, 0.058906204998493195, 0.059364188462495804, 0.027603385969996452, -0.020108375698328018, 0.01814841851592064, 0.03801131248474121, 0.03450748696923256, 0.0496034175157547, -0.027974452823400497, -0.04602859914302826, -0.0025720924604684114, -0.05707769840955734, -0.0371636226773262, -0.021848291158676147, -0.05281486734747887, -0.024987397715449333, -0.015931261703372, 0.010671309195458889, -0.006158407777547836, -0.03698809817433357, 0.01870536431670189, -0.039404697716236115, 0.022113200277090073, -0.026087259873747826, -0.07628637552261353, -0.03877943754196167, -0.12773041427135468, -0.03618936613202095, 0.09264031052589417, -0.060404129326343536, 0.12201664596796036, -0.09707487374544144, -0.024284670129418373, -0.08609528839588165, -0.0003694653569255024, -0.09899022430181503, -0.06358117610216141, 0.0002805119438562542, -0.04539548605680466, -0.0814945176243782, -0.06219928711652756, -0.04409803822636604, 0.054257072508335114, -0.039129599928855896]"
73,Wikipedia & Web Search for Afghanistan,"k.

In 2010, one of the main drivers for the economic recovery was the return of over 5 million expatriates, who brought with them entrepreneurship and wealth-creating skills as well as much needed funds to start up businesses. Many Afghans got involved in construction, which was one of the largest industries in the country at the time. Some of the major national construction projects include the $35 billion New Kabul City next to the capital, the Aino Mena project in Kandahar, and the Ghazi Amanullah Khan Town near Jalalabad. Similar development projects have also begun in Herat, Mazar-e-Sharif, and other cities. An estimated 400,000 people enter the labor market each year.
Several small co","[-0.002635512501001358, 0.0024440318811684847, -0.0035351733677089214, 0.05255620554089546, 0.02009132131934166, 0.007516174577176571, 0.05204908549785614, 0.0003874827525578439, -0.019212890416383743, -0.0003066354838665575, 0.02395538054406643, 0.005218206439167261, 0.04294762387871742, -0.08763125538825989, -0.017793143168091774, 0.05929197371006012, -0.020455269142985344, -0.03949043154716492, -0.017428694292902946, -0.04304813966155052, -0.0998527929186821, -0.10473305732011795, 0.04172421246767044, -0.028591565787792206, 0.1482488214969635, 0.026604583486914635, 0.0386853963136673, 0.02588813006877899, -0.022752413526177406, -0.047756560146808624, -0.01655091531574726, -0.03067910112440586, 0.037391167134046555, 0.08107397705316544, 0.015085258521139622, 0.1748836487531662, 0.01584542915225029, 0.060992829501628876, 0.044190242886543274, -0.023975631222128868, 0.022371463477611542, 0.027171559631824493, 0.053462203592061996, -0.00698285736143589, 0.030292635783553123, -0.016815384849905968, -0.007963722571730614, -0.07360532879829407, -0.014630403369665146, 0.029515035450458527, 0.06633718311786652, 0.06621401757001877, -0.04176970571279526, -0.05598864704370499, 0.07202818989753723, -0.06499680876731873, -0.005743108224123716, 0.019536921754479408, 0.0008249825914390385, 0.0026375039014965296, 0.003022765973582864, 0.027935871854424477, -0.04343554750084877, -0.05053505674004555, -0.010908265598118305, -0.03847983106970787, 0.06233242526650429, -0.033377837389707565, 0.01585020124912262, 0.03424076363444328, 0.033155668526887894, 0.018511150032281876, -0.025034954771399498, -0.1054578348994255, -0.06456515192985535, -0.10018070787191391, -0.015458672307431698, 0.07576718181371689, -0.01575038954615593, 0.033827733248472214, 0.1019725650548935, 0.02807501330971718, 0.0031249362509697676, 0.012854401022195816, -0.011920900084078312, 0.01714961975812912, -0.009629528969526291, -0.009330255910754204, 0.08753341436386108, -0.03884598985314369, 0.059447258710861206, 0.07125882804393768, 0.027367018163204193, 0.005823933985084295, 0.06983570009469986, -0.0009472991805523634, 0.08012504875659943, -0.01849779672920704, 0.021513618528842926, 0.03541598841547966, 0.06398491561412811, 0.06256294250488281, 0.08200567960739136, -0.06937452405691147, -0.0705990195274353, 0.0004455832822714001, -0.038187045603990555, -0.02943897433578968, -0.08982442319393158, 0.026952465996146202, -0.007455903571099043, 0.005620353389531374, -0.03508009389042854, 0.060189053416252136, 0.025470292195677757, -0.025190915912389755, -0.04071784019470215, -0.027427148073911667, -0.062212876975536346, 0.0002071982016786933, 0.038408681750297546, 0.017697619274258614, 0.087453693151474, -0.06876330822706223, -0.017568642273545265, -0.04948752000927925, -0.016176339238882065, 0.006523399148136377, 0.014748980291187763, 0.0010326526826247573, -0.04413851350545883, 0.06865420937538147, -0.04852811619639397, -0.07186159491539001, 0.008038713596761227, -0.05864166095852852, 0.009732103906571865, -0.09414009004831314, -0.08848313242197037, 0.003505698638036847, 0.05227184295654297, 0.01973976194858551, 0.058034252375364304, 0.0029242655728012323, -0.10991164296865463, 0.04046861454844475, 0.06600259244441986, -0.001929526450112462, 0.025658586993813515, -0.012325368821620941, 0.04041537269949913, -0.046130429953336716, -0.027457892894744873, -0.01269015483558178, 0.10460235923528671, -0.024832749739289284, 0.029291842132806778, 0.013087527826428413, 0.06650543957948685, 0.07335688173770905, -0.027909686788916588, -0.09644462168216705, -0.14029961824417114, -0.014120116829872131, -0.0645766481757164, -0.006156567484140396, -0.12091582268476486, -0.026480386033654213, 0.040457919239997864, -0.031443603336811066, -0.05235060676932335, -0.0407022126019001, 0.06700816005468369, 0.025213895365595818, 0.04427026957273483, -0.03170982748270035, -0.03657515347003937, -0.03607119992375374, -0.06732615828514099, 0.051184508949518204, 0.014356083236634731, -0.08859804272651672, -0.053996700793504715, 0.014700477942824364, -0.030478110536932945, -0.02031289041042328, -0.0012986308429390192, 0.08695338666439056, 0.062390025705099106, 0.014526437036693096, -0.0239220280200243, 0.09194276481866837, -0.014541688375175, -0.0705072358250618, 0.035618409514427185, 0.06312637031078339, 0.01172611489892006, 0.09825311601161957, 0.04731850326061249, -0.05093355104327202, -0.1103370189666748, -0.021978793665766716, -0.0953323170542717, -0.06807663291692734, -0.010063037276268005, 0.05515884980559349, 0.027488717809319496, -0.010191483423113823, 0.024643637239933014, -0.00688362680375576, 0.062349651008844376, 0.026964491233229637, 0.07547936588525772, 0.10271909832954407, 0.04309980943799019, -0.08338197320699692, -0.04366634786128998, 0.014950516633689404, -0.05605940520763397, -0.0076323519460856915, -0.004198344424366951, -0.06010598689317703, 0.033936757594347, -0.04998929426074028, -0.05166659131646156, -0.010840237140655518, -0.020263703539967537, -0.010264844633638859, 0.020401155576109886, 0.0009038088610395789, -0.016723034903407097, -0.015884971246123314, 0.006924449000507593, 0.06604167073965073, -0.02035858854651451, 0.018435316160321236, 0.050278615206480026, 0.028331732377409935, -0.022088518366217613, -0.0428750179708004, 0.03748872131109238, -0.02608272060751915, -0.01232957560569048, -0.025650134310126305, 0.012829318642616272, -0.03960847482085228, 0.02846466936171055, 0.02929616905748844, -0.02484838105738163, 0.023225178942084312, -0.0821748897433281, -0.05032116174697876, -0.004694207571446896, -0.016705257818102837, 0.06643302738666534, 0.03553773835301399, -0.08871551603078842, 0.11007305234670639, 0.033349573612213135, 0.010741463862359524, -0.07733971625566483, -0.021158557385206223, -0.007831272669136524, 0.07457306236028671, 0.027514996007084846, -0.04920176789164543, 0.06569819897413254, 0.012765598483383656, 0.01425266359001398, -0.00556907569989562, 0.010855887085199356, -0.03254781663417816, 0.01116599515080452, -0.06749602407217026, 0.09621550887823105, 0.056317057460546494, -0.06481463462114334, -0.060005929321050644, 0.058765362948179245, 0.04691221937537193, 0.044224340468645096, 0.019316861405968666, 0.03129125386476517, -0.019907087087631226, -0.11912181973457336, -0.03386610001325607, 0.06850887089967728, 0.07007283717393875, -0.08680150657892227, -0.0045009758323431015, 0.03774486109614372, -0.03571978211402893, 0.002351013943552971, -0.052433546632528305, 0.02867725118994713, -0.006239625159651041, -0.040852516889572144, 0.036784954369068146, -0.025074928998947144, 0.11226940900087357, -0.008709374815225601, 0.07121887058019638, -0.005764528643339872, -0.016973868012428284, -0.03450394794344902, 0.06631205976009369, -0.004012373276054859, 0.012647269293665886, 0.06055194139480591, -0.07985074818134308, -0.04642155021429062, -0.12256430089473724, 0.022788330912590027, 0.021112892776727676, -0.04796018451452255, 0.03223101794719696, -0.01760205067694187, 0.06663263589143753, 0.06464424729347229, -0.0814872682094574, 0.005863290745764971, 0.03223830461502075, -0.04905438423156738, 0.0524342842400074, -0.04068334773182869, 0.0423017293214798, 0.051514506340026855, 0.027370648458600044, 0.01253831572830677, -0.025157850235700607, -0.019740797579288483, 0.05260629579424858, -0.03587532043457031, 0.07084919512271881, -0.10474443435668945, 0.05391847342252731, -0.06556372344493866, 0.06301853805780411, 0.022555667906999588, -0.0893976166844368, 0.10758299380540848, 0.0019541976507753134, 0.0068665784783661366, 0.031375449150800705, 0.02280784584581852, 0.03367779776453972, -0.043320730328559875, 0.05162487179040909, -0.033439502120018005, 0.016970543190836906, 0.07212308794260025, -0.06956461817026138, -0.00978969968855381, -0.04005938768386841, 0.009936384856700897, 0.020910311490297318, -0.011313808150589466, 0.040720127522945404, -0.02113151177763939, -0.07736583799123764, -0.027828672900795937, -0.024534912779927254, 0.030678266659379005, 0.06237776204943657, -0.031720247119665146, -0.02463347651064396, -0.17315828800201416, 0.033425066620111465, -0.0024020574055612087, -0.033698588609695435, 0.048797607421875, -0.024885976687073708, -0.0254773311316967, -0.029393039643764496, 0.04052082821726799, -0.013795971870422363, -0.06998930871486664, 0.05195121094584465, -0.015904705971479416, -0.11673307418823242, 0.02761826105415821, 0.006800178438425064, 0.029644975438714027, -0.0037293361965566874]"
74,Wikipedia & Web Search for Afghanistan,"mpanies and factories began operating in different parts of the country, which not only provide revenues to the government but also create new jobs. Improvements to the business environment have resulted in more than $1.5 billion in telecom investment and created more than 100,000 jobs since 2003. Afghan rugs are becoming popular again, allowing many carpet dealers around the country to hire more workers; in 2016–17 it was the fourth most exported group of items.
Afghanistan is a member of WTO, SAARC, ECO, and OIC. It holds an observer status in SCO. In 2018, a majority of imports come from either Iran, China, Pakistan and Kazakhstan, while 84% of exports are to Pakistan and India.
Since the","[-0.01960725337266922, -0.06275511533021927, 0.00494318176060915, -0.009504376910626888, -0.016837075352668762, 0.042192284017801285, -0.009754483588039875, -0.002694496186450124, 0.016834648326039314, 0.03506478667259216, 0.06334811449050903, 0.07342001050710678, 0.06363040953874588, -0.016643758863210678, -0.009572377428412437, 0.04899930581450462, 0.0035660627763718367, -0.0805584266781807, 0.009110787883400917, -0.08328530192375183, -0.04730938374996185, -0.15153734385967255, 0.031265731900930405, -0.07646092772483826, 0.08155140280723572, -0.03171613812446594, -0.06758687645196915, -0.051954109221696854, -0.030993953347206116, -0.004595892038196325, 0.0031328005716204643, 0.010938316583633423, 0.03337303549051285, 0.05099230632185936, -0.0025382658932358027, 0.055832501500844955, 0.0013984419638291001, 0.006258263252675533, 0.07155276089906693, 0.057192377746105194, -0.0038888135459274054, -0.024577872827649117, -0.010106758214533329, 0.030038433149456978, -0.06606340408325195, -0.04606328532099724, -0.012773348018527031, 0.012437994591891766, -0.005513905081897974, -0.0085905147716403, 0.018181251361966133, 0.03237557038664818, -0.03450721129775047, -0.05647511035203934, -0.01148976106196642, -0.10634768009185791, -0.04890192672610283, 0.07706417143344879, 0.01369700487703085, 0.032377518713474274, 0.05200682953000069, -0.011732067912817001, -0.05545319244265556, 0.020800430327653885, -0.00986473262310028, -0.07818847894668579, 0.0690639540553093, -0.0664585754275322, -0.0871119499206543, -0.05190712586045265, 0.02794518880546093, -0.0718708336353302, -0.058838631957769394, -0.04366840422153473, -0.06566516309976578, 0.02676311321556568, 0.04249776154756546, 0.06428945809602737, 0.037026628851890564, -0.0051613845862448215, 0.0788177102804184, 0.05293261259794235, 0.054524391889572144, 0.07072743028402328, -0.06274418532848358, -0.023426786065101624, 0.049125101417303085, 0.024824438616633415, 0.05659575015306473, -0.07469555735588074, 0.049270495772361755, 0.062131352722644806, -0.013072220608592033, 0.08354396373033524, 0.06391692161560059, 0.05682608112692833, 0.03935485705733299, 0.0988064855337143, 0.05588290095329285, -0.03298937901854515, 0.06055634468793869, -0.003997497726231813, 0.05725561082363129, -0.049211155623197556, -0.061134226620197296, -0.016977692022919655, -0.021773532032966614, -0.010329337790608406, -0.00356724439188838, 0.02967413142323494, -0.07493632286787033, 0.0032685534097254276, -0.11792173236608505, -0.031345248222351074, -0.08872184157371521, -0.014053812250494957, -0.018248718231916428, 0.005237491801381111, 0.01682663895189762, 0.02468327432870865, -0.008340846747159958, 0.026605024933815002, 0.05907469242811203, -0.06461226940155029, 0.027838826179504395, 0.014268714934587479, -0.0027702688239514828, 0.06295421719551086, -0.04457846283912659, 0.025452258065342903, -0.013387143611907959, -0.0029221437871456146, -0.09025277942419052, 0.05941813066601753, 0.011114338412880898, 0.011137465015053749, -0.012233276851475239, 0.001386272837407887, -0.10167250782251358, 0.06996636837720871, -0.043704938143491745, 0.08954166620969772, 0.12467541545629501, 0.011608343571424484, 0.0013213627971708775, 0.04600725322961807, 0.022861430421471596, -0.02217450551688671, -0.041001636534929276, -0.060961514711380005, 0.038544896990060806, -0.04705192521214485, 0.032331809401512146, 0.04892035201191902, 0.10899000614881516, -0.029173746705055237, 0.01911931112408638, 0.07506631314754486, 0.11071382462978363, -0.016079828143119812, -0.03493421524763107, -0.07988516241312027, -0.05591873079538345, 0.012041562236845493, -0.08217300474643707, -0.045205894857645035, -0.14654509723186493, 0.02125672996044159, -0.029451802372932434, -0.032962117344141006, -0.04273025318980217, -0.025516195222735405, 0.061618685722351074, -0.003929074387997389, 0.021263252943754196, -0.005225709639489651, -0.025050638243556023, 0.0338321216404438, -0.03990878537297249, 0.04390496760606766, 0.0010230318875983357, -0.0109922606498003, 0.022076893597841263, -0.010345051996409893, 0.017858615145087242, -0.026741953566670418, -0.004482606425881386, 0.048591844737529755, -0.05086674913764, -0.02047637104988098, -0.020142652094364166, 0.11293365806341171, 0.02483341097831726, -0.0063769700936973095, 0.0191072728484869, -0.01798478700220585, 0.02979104220867157, 0.1111765131354332, 0.04885081574320793, -0.04107744246721268, -0.08940577507019043, -0.03725321590900421, -0.09668590128421783, -0.010282992385327816, 0.004841736052185297, 0.05066458135843277, 0.00400930643081665, 0.06368401646614075, 0.03015834651887417, 0.04836127907037735, 0.06825463473796844, -0.013800329528748989, -0.02161610871553421, 0.06592393666505814, 0.03949151188135147, 0.05999352037906647, -0.08064291626214981, 0.013606644235551357, -0.04663162678480148, 0.037213876843452454, -0.041290123015642166, -0.017011325806379318, -0.022728491574525833, -0.06675174087285995, -0.11468111723661423, 0.032591287046670914, 0.03372690826654434, -0.014954503625631332, -0.030164895579218864, 0.0271817184984684, -5.317304749041796e-05, 0.015461156144738197, 0.014436569064855576, 0.09648331999778748, -0.00022112794977147132, -0.02144273743033409, 0.09258827567100525, 0.04880812019109726, -0.03664344549179077, 0.04326150566339493, 0.037041086703538895, -0.00014198958524502814, -0.035286299884319305, 0.004853606689721346, 0.03642408549785614, -0.01282027643173933, 0.05576702207326889, 0.06914646923542023, -0.03304057568311691, -0.024653973057866096, -0.09348632395267487, -0.07251910120248795, 0.015206503681838512, 0.018354332074522972, 0.0888623520731926, 0.026229899376630783, -0.04788918048143387, 0.12055367231369019, 0.06733431667089462, 0.021238161250948906, -0.026225456967949867, -0.013806754723191261, 0.039122194051742554, -0.018087588250637054, 0.05943939834833145, -0.015720035880804062, 0.03428221121430397, 0.01881854049861431, -0.0289081409573555, -0.05739684775471687, -0.027777019888162613, -0.020449262112379074, -0.04112007096409798, -0.12952370941638947, 0.055861398577690125, 0.04836441949009895, -0.0472540408372879, -0.07443738728761673, -0.03817345201969147, 0.0894409716129303, -0.040234342217445374, 0.027784528210759163, -0.024375813081860542, -0.06706973910331726, 0.020045055076479912, 0.008775857277214527, 0.08199121803045273, 0.009485295973718166, -0.054621439427137375, 0.02971023879945278, 0.029830733314156532, -0.044767651706933975, -0.0165221206843853, 0.009694362990558147, 0.07868988066911697, 0.00427631288766861, -0.08678111433982849, 0.01474243775010109, -0.0853734090924263, 0.0505799874663353, 0.00674307718873024, 0.03874955698847771, -0.04148033633828163, 0.05011503025889397, -0.06452994793653488, 0.06631352752447128, 0.046512421220541, -0.04536003619432449, 0.007257214747369289, -0.02717464417219162, 0.0024713650345802307, -0.09291567653417587, -0.003087432822212577, 0.0033486047759652138, -0.030083267018198967, 0.07965578883886337, -0.011856451630592346, 0.0796843022108078, 0.02976378984749317, -0.052421778440475464, -0.041315723210573196, -0.006570945959538221, 0.044765014201402664, -0.002944745123386383, -0.09070855379104614, -0.014524141326546669, 0.03231620416045189, 0.031569529324769974, 0.018513070419430733, 0.018337339162826538, -0.006697450298815966, 0.003435846883803606, -0.0898306593298912, 0.05097334831953049, -0.04196500778198242, 0.07940861582756042, -0.06565435975790024, 0.07223957777023315, -0.0034989644773304462, -0.006064200308173895, 0.12495816498994827, 0.07303480803966522, 0.06637687236070633, 0.039866529405117035, -0.013315419666469097, 0.05890697240829468, 0.016080673784017563, 0.06416279077529907, 0.02649545483291149, 0.029520483687520027, 0.023094499483704567, -0.033801689743995667, -0.031882692128419876, -0.05068625509738922, -0.0544709637761116, -0.016002638265490532, -0.06885280460119247, -0.057899314910173416, -0.06402628868818283, -0.053912825882434845, -0.01587129384279251, -0.07434415072202682, 0.0660366490483284, 0.06644231081008911, 0.02119007334113121, -0.046634335070848465, -0.08971821516752243, -0.02463364601135254, -0.026747483760118484, -0.012690483592450619, 0.08857649564743042, -0.02210633084177971, -0.026411227881908417, 0.004860909190028906, -0.027512691915035248, -0.05142991989850998, 0.021053289994597435, -0.054125431925058365, 0.02291320078074932, -0.03277812525629997, -0.1173117458820343, -0.085518017411232, 0.08702018857002258, 0.0007911131251603365]"
75,Wikipedia & Web Search for Afghanistan," Taliban's takeover of the country in August 2021, the United States has frozen about $9 billion in assets belonging to the Afghan central bank, blocking the Taliban from accessing billions of dollars held in US bank accounts.
The GDP of Afghanistan is estimated to have dropped by 20% following the Taliban return to power. Following this, after months of free-fall, the Afghan economy began stabilizing, as a result of the Taliban's restrictions on smuggled imports, limits on banking transactions, and UN aid. In 2023, the Afghan economy began seeing signs of revival. This has also been followed by stable exchange rates, low inflation, stable revenue collection, and the rise of trade in exports","[-0.04305177181959152, -0.0009734738268889487, -0.0484633632004261, -0.008921748027205467, -0.011028331704437733, -0.05126114562153816, 0.024610096588730812, -0.048767443746328354, 0.010495763272047043, -0.011913709342479706, -0.010700581595301628, 0.04806767776608467, 0.07553210109472275, -0.04869823902845383, -0.04828411713242531, 1.973574580915738e-05, -0.025304291397333145, -0.08321555703878403, -0.03792316094040871, -0.029399599879980087, -0.03670531138777733, -0.08026421070098877, 0.04869978502392769, 0.002980087650939822, 0.08175036311149597, -0.0413077287375927, 0.03409415856003761, -0.054934948682785034, -0.007833716459572315, -0.05036550387740135, 0.002199605107307434, -0.0549386665225029, -0.08974616229534149, 0.07086792588233948, 0.061032798141241074, 0.030406448990106583, -0.016098298132419586, 0.044441066682338715, 0.08083546906709671, -0.0018575586145743728, 0.07679631561040878, 0.038994207978248596, -0.0343610905110836, 0.02140842378139496, 0.045873016119003296, 0.03979077190160751, -0.07368067651987076, -0.013242670334875584, -0.04474523663520813, 0.030027946457266808, 0.12181029468774796, 0.03324463218450546, -0.0010748746572062373, 0.03002993017435074, 0.03362911939620972, -0.0914710983633995, -0.012718006037175655, -0.011533821001648903, 0.0030540821608155966, 0.05019547790288925, -0.050566572695970535, 0.08868956565856934, -0.034654390066862106, -0.01725742220878601, -0.031467732042074203, -0.00840299017727375, 0.09791301935911179, -0.0543803796172142, -0.06669311225414276, 0.028979744762182236, 0.08529213815927505, 0.02082701027393341, -0.07077878713607788, -0.05044480785727501, 0.007729757111519575, -0.03121400624513626, 0.07316670566797256, 0.09633780270814896, -0.010596245527267456, 0.053392160683870316, 0.10676109045743942, 0.032560355961322784, 0.06553350389003754, -0.08306027203798294, -0.02093352936208248, -0.0006263625109568238, -0.05152000114321709, 0.025703420862555504, 0.018564855679869652, -0.06775915622711182, -0.01729774661362171, 0.03793056309223175, 0.005552598740905523, 0.05359235778450966, 0.05436718836426735, 0.04359046742320061, 0.021340947598218918, 0.007783535867929459, -0.006071118172258139, -0.018170492723584175, 0.07523525506258011, 0.06043604761362076, 0.02097841538488865, -0.028360852971673012, -0.027031179517507553, 0.052249789237976074, 0.02652699500322342, -0.029818406328558922, -0.011273577809333801, -0.025422684848308563, -0.011916179209947586, 0.020201347768306732, -0.001048876321874559, 0.027381593361496925, -0.020350439473986626, -0.0755147859454155, 0.011584526859223843, 0.03875759616494179, 0.03776015341281891, -0.05755296349525452, 0.04924251511693001, 0.08721457421779633, 0.042564507573843, -0.008923325687646866, -0.012652432546019554, 0.07491854578256607, 0.004310897551476955, 0.05799910053610802, -0.06276274472475052, -0.10166755318641663, -0.056620512157678604, -0.013986712321639061, -0.13304421305656433, -0.03920753300189972, 0.05186640843749046, -0.022189754992723465, -0.13427917659282684, 0.04472651705145836, -0.08140312880277634, -0.03377661108970642, -0.08540491759777069, 0.050092317163944244, 0.030224507674574852, -0.05524185299873352, -0.03210234269499779, 0.11394469439983368, 0.13296672701835632, 0.02422909438610077, 0.034430138766765594, -0.02067459747195244, 0.0487888939678669, -0.032769009470939636, 0.0536605529487133, -0.07725504040718079, -0.04898836463689804, -0.019817225635051727, -0.014831552281975746, -0.016916265711188316, -0.010589035227894783, 0.0651121437549591, -0.05759818106889725, -0.07984548062086105, 0.012935706414282322, 0.015610934235155582, 0.03272932767868042, 0.025202492251992226, -0.05611269921064377, -0.05046782270073891, 0.009938983246684074, 0.013475457206368446, -0.025796713307499886, 0.012894423678517342, 0.03308393433690071, 0.05747094005346298, 0.02272813580930233, -0.03750515729188919, -0.032987527549266815, -0.06647789478302002, -0.009669849649071693, 0.03144362196326256, -0.08192463964223862, -0.0037951504345983267, -0.05883929133415222, 0.037246059626340866, 0.007461708504706621, -0.0652695968747139, 0.037418216466903687, 0.017921455204486847, 0.04070686548948288, -0.022855237126350403, -0.015324520878493786, 0.005964488722383976, -0.008963711559772491, -0.024779237806797028, 0.0035922713577747345, 0.02052069455385208, 0.019977925345301628, 0.044660940766334534, 0.011664582416415215, -0.06242384761571884, -0.057303715497255325, 0.021266110241413116, -0.06818898022174835, -0.044880639761686325, 0.027703238651156425, 0.07911524176597595, 0.0834696963429451, 0.037035781890153885, -0.007801414001733065, -0.016514072194695473, 0.1422099471092224, 0.0689488872885704, -0.0034146420657634735, 0.03956977277994156, 0.05237038433551788, -0.012042718008160591, -0.025235354900360107, -0.017006058245897293, -0.07117132097482681, 0.08637956529855728, 0.0061163753271102905, 0.01254737563431263, 0.06111473962664604, 2.6688629077398218e-05, 0.01514033880084753, -0.07167020440101624, 0.014670494012534618, 0.0433085635304451, 0.007639121264219284, -0.013739312998950481, -0.006647645030170679, 0.04607470706105232, -0.0007774835103191435, 0.07581028342247009, 0.005776587408035994, 0.04637320712208748, 0.02809870056807995, 0.01796616055071354, 0.0071096657775342464, -0.031114377081394196, 0.04453251510858536, -0.05154230073094368, 0.07089103013277054, -0.07966116815805435, 0.008995064534246922, -0.043707363307476044, -0.013704282231628895, 0.030543429777026176, 0.04191813990473747, -0.053110506385564804, -0.05262019857764244, -0.04443956911563873, 0.0373961441218853, -0.04892463609576225, 0.10692203789949417, 0.0070726205594837666, -0.015831617638468742, 0.06306429207324982, 0.04139551520347595, -0.061220161616802216, 0.02718777023255825, 0.0029702915344387293, 0.05139951780438423, -0.021181916818022728, 0.06488890945911407, -0.021189935505390167, -0.011398127302527428, -0.009198697283864021, -0.014052165672183037, 0.007903029210865498, 0.10160038620233536, -0.024585789069533348, 0.04186483472585678, -0.06413845717906952, 0.10732046514749527, 0.06207292154431343, -0.09072154015302658, -0.05327846109867096, 3.978667882620357e-05, 0.042859047651290894, 0.038870736956596375, -0.03170449659228325, 0.10946601629257202, -0.018430478870868683, -0.038396503776311874, -0.0333784781396389, 0.017582938075065613, -0.004174231085926294, -0.0587407611310482, -0.008946957066655159, 0.03972049057483673, -0.11602771282196045, -0.005464554764330387, 0.020211871713399887, 0.023828746750950813, -0.0004363790503703058, -0.06985639780759811, 0.03423962742090225, 0.04526744410395622, 0.11374282091856003, 0.07065338641405106, -0.004159711766988039, 0.004417067859321833, 0.034443095326423645, 0.018044734373688698, 0.08208151161670685, -0.08613374829292297, 0.0029073646292090416, 0.08592808246612549, -0.0738050788640976, -0.0280220378190279, -0.06266504526138306, -0.07316595315933228, -0.089089035987854, 0.03516090661287308, -0.07207117229700089, -0.012973112054169178, 0.03825075924396515, -0.039995018392801285, -0.01968296431005001, 0.01612689346075058, -0.018582269549369812, -0.01822913996875286, 0.10554603487253189, -0.061270758509635925, 0.05746207758784294, 0.0900857001543045, -0.012480979785323143, 0.039361622184515, -0.0031698152888566256, 0.021915555000305176, 0.0012704895343631506, -0.05253799259662628, -0.04252959042787552, -0.10685223340988159, 0.028984973207116127, -0.0822841003537178, -0.010575500316917896, -0.01776486076414585, -0.02689668908715248, 0.0434122309088707, 0.00236524292267859, -0.0500846765935421, -0.05196497589349747, 0.018588712438941002, 0.030348483473062515, 0.03048660047352314, 0.10212239623069763, 0.046292200684547424, -0.022184615954756737, 0.026485690847039223, -0.06100568547844887, -0.014438518323004246, -0.0018442000728100538, -0.011494575999677181, 0.01616140827536583, -0.049563776701688766, 0.02534232661128044, 0.0642404854297638, -0.07816962897777557, -0.01425827294588089, 0.04266791418194771, 0.08409825712442398, 0.0003507708024699241, -0.09339926391839981, -0.005409721750766039, -0.08105470985174179, 0.00019020239415112883, 0.050857290625572205, -0.017994185909628868, 0.12448018044233322, -0.08755122870206833, -0.036859408020973206, -0.06192758306860924, 0.05973514914512634, -0.025814278051257133, -0.014339130371809006, -0.0501968152821064, -0.022317923605442047, -0.11376805603504181, -0.04438023269176483, -0.11440510302782059, 0.021790996193885803, -0.040116503834724426]"
76,Wikipedia & Web Search for Afghanistan,". In the third quarter of 2023, the Afghani rose to be the best performing currency in the world, climbing over 9% against the US dollar.

Agriculture
Agricultural production is the backbone of Afghanistan's economy and has traditionally dominated the economy, employing about 40% of the workforce as of 2018. The country is known for producing pomegranates, grapes, apricots, melons, and several other fresh and dry fruits. Afghanistan also became the world's top producer of cannabis in 2010. In March 2023, however, cannabis production was banned by a decree from Hibatullah Akhundzada.
Saffron, the most expensive spice, grows in Afghanistan, particularly Herat Province. In recent years, there h","[-0.02577555738389492, 0.0032444968819618225, -0.0019555578473955393, 0.014344925060868263, 0.057120781391859055, -0.0654638484120369, 0.010261757299304008, -0.053873755037784576, -0.0009766336297616363, 0.01903352700173855, 0.03355417773127556, -0.02991294488310814, 0.010148046538233757, -0.009369943290948868, -0.04027643799781799, -0.03654887154698372, 0.0006858914857730269, -0.06646799296140671, -0.019421352073550224, -0.09276705235242844, -0.007085998076945543, -0.039946526288986206, 0.05397799238562584, -0.060542065650224686, 0.122713103890419, 0.021551448851823807, 0.05279393494129181, -0.05598613619804382, 0.017123010009527206, -0.0419309176504612, 0.05470947176218033, 0.015791084617376328, 0.07386680692434311, 0.07476022094488144, -0.04292015731334686, 0.057517942041158676, -0.005651591345667839, -0.009394670836627483, 0.13033545017242432, 0.044854313135147095, 0.036933474242687225, 0.011451945640146732, -0.0012467106571421027, -0.018502654507756233, 0.019404670223593712, 0.020613238215446472, 0.03107186034321785, -0.03165530413389206, -0.04195787012577057, 0.05039168894290924, 0.11493868380784988, 0.008507800288498402, -0.04194657504558563, -0.021975843235850334, 0.050016894936561584, -0.06611166894435883, -0.03310379758477211, -0.012342079542577267, -0.015179888345301151, 0.05483097583055496, -0.0531703382730484, 0.059261586517095566, -7.419257599394768e-05, -0.008726047351956367, -0.03588148579001427, -0.075105220079422, 0.09201379120349884, -0.02623569779098034, -0.0848846435546875, -2.7763162506744266e-05, 0.0923493281006813, -0.03983275964856148, 0.018192224204540253, -0.06554953008890152, -0.022252120077610016, -0.02959114871919155, 0.08957239240407944, 0.05202104523777962, 0.0467575304210186, 0.029053160920739174, 0.06969979405403137, 0.049992818385362625, 0.07054317742586136, -0.08278615772724152, 0.033396437764167786, -0.07766155898571014, 0.0028692418709397316, 0.014222006313502789, 0.03992677479982376, -0.06286358833312988, 0.02816765010356903, 0.0567345917224884, -0.02033652737736702, 0.014359377324581146, 0.04882214590907097, 0.10378215461969376, 0.03491983190178871, -0.02282557263970375, -0.0394742451608181, -0.012805534526705742, -0.017473261803388596, 0.02575923688709736, -0.010768025182187557, -0.03786497935652733, -0.02949417196214199, 0.017014719545841217, -0.0348568819463253, 0.02943386510014534, -0.029131988063454628, 0.016483983024954796, -0.027494380250573158, -0.025868384167551994, -0.09528344869613647, 0.024847397580742836, -0.026888171210885048, -0.0701654776930809, 0.019568590447306633, -0.033525798469781876, 0.02164677157998085, -0.053613483905792236, 0.014589343219995499, 0.020287727937102318, 0.01564570888876915, -0.007307460065931082, 0.03150144964456558, 0.08756828308105469, 0.045105595141649246, 0.044038403779268265, -0.11691798269748688, -0.05017094314098358, -0.003494321135804057, -0.050221677869558334, -0.15111543238162994, -0.01035307440906763, -0.0053128707222640514, -0.013439862057566643, -0.02508045732975006, 0.029456663876771927, -0.07647347450256348, 0.02656196802854538, -0.06861589103937149, 0.06592939049005508, 0.01292386744171381, -0.02802594006061554, -0.09775419533252716, 0.05593292415142059, 0.021869605407118797, 0.0312618725001812, -0.009519209153950214, -0.0330478772521019, 0.0006755300564691424, -0.1081831306219101, -0.0076781585812568665, 0.0056151701137423515, 0.06474973261356354, -0.10880547016859055, 0.037714120000600815, -0.0045502991415560246, 0.11956503242254257, -0.011905841529369354, -0.10055024921894073, -0.0333428829908371, -0.11748529225587845, -0.009705495089292526, -0.08247110247612, -0.008625124581158161, -0.10541795194149017, 0.017709650099277496, 0.00825432501733303, -0.0367739200592041, 0.06587885320186615, 0.01629294455051422, 0.047136977314949036, 0.11753957718610764, 0.0582527220249176, -0.024812372401356697, -0.0507858507335186, -0.015445985831320286, -0.03557073697447777, 0.054649945348501205, 0.035315386950969696, -0.046228889375925064, 0.03397290036082268, 0.03477545827627182, 0.04694780334830284, -0.0023823678493499756, -0.035590000450611115, 0.01490993332117796, -0.03947276622056961, -0.01905393972992897, 0.01991574652493, 0.008954731747508049, -0.10429149121046066, -0.006838691420853138, -0.019582943990826607, -0.010053981095552444, 0.026762839406728745, 0.13659481704235077, 0.06746929883956909, -0.017179353162646294, -0.06989970803260803, 0.007220566738396883, -0.03005160391330719, -0.035534605383872986, 0.08104602247476578, 0.022025229409337044, 0.03258683532476425, 0.021507766097784042, 0.00711569981649518, 0.022546712309122086, 0.032245878130197525, 0.005469831172376871, 0.023629365488886833, 0.09443391114473343, -0.0028845584020018578, 0.014539249241352081, 0.038813721388578415, 0.046874888241291046, -0.06700605154037476, 0.0602572001516819, -0.032777320593595505, -0.052787911146879196, 0.014449148438870907, -0.05202160030603409, -0.018678978085517883, 0.07813850045204163, 0.02458220161497593, 0.10561836510896683, -0.018992826342582703, -0.019346097484230995, -0.012754352763295174, 0.029742810875177383, -0.013146214187145233, 0.09705617278814316, 0.0348568856716156, 0.001454473938792944, 0.06618224829435349, 0.05011095851659775, 0.02526426874101162, 0.0025451548863202333, 0.00761302700266242, -0.020391404628753662, 0.10038018226623535, -0.02187715843319893, -0.013597612269222736, 0.03787670284509659, 0.010216902010142803, 0.04509149119257927, -0.0754162073135376, -0.03484485298395157, -0.05340106412768364, -0.03938748314976692, 0.018495870754122734, -0.06765052676200867, 0.0967976376414299, -0.01194950845092535, -0.018649976700544357, 0.08868518471717834, 0.09354778379201889, -0.03500642627477646, -0.05056717246770859, -0.06634213775396347, -0.012933763675391674, 0.05979451164603233, 0.06247490271925926, -0.018994653597474098, -0.030828338116407394, 0.06777481734752655, -0.09160684794187546, -0.013848227448761463, 0.02440032549202442, 0.050281550735235214, 0.045148320496082306, -0.04450186714529991, 0.09430702775716782, 0.05007236823439598, -0.060556989163160324, -0.06291516870260239, 0.010939368978142738, -0.020541727542877197, 0.03787686303257942, 0.00681975856423378, -0.006525682285428047, -0.02580859139561653, -0.08136662095785141, -0.019254231825470924, 0.0810764878988266, 0.0022920817136764526, -0.06280969828367233, 0.026893237605690956, 0.0745665431022644, -0.024783190339803696, 0.04395885393023491, 0.07559189945459366, 0.03302666172385216, -0.008457577787339687, -0.06749127060174942, 0.020336825400590897, 0.029026342555880547, 0.13048118352890015, 0.015165578573942184, 0.0398416705429554, 0.027754195034503937, -0.050558775663375854, -0.026012852787971497, 0.11768487095832825, -0.03665544092655182, -0.0928327888250351, -0.0075118280947208405, -0.08645645529031754, -0.02853246219456196, -0.030461089685559273, -0.013554302975535393, 0.008685003966093063, -0.016435420140624046, 0.027053803205490112, -0.03617103025317192, 0.06237237900495529, -0.009981367737054825, -0.027169952169060707, -0.0638662725687027, 0.0391022153198719, -0.02980193682014942, 0.07570541650056839, -0.08552317321300507, 0.06537212431430817, 0.04452540725469589, -0.02100299671292305, 0.05146319419145584, 0.008330567739903927, 0.013235185295343399, 0.05321532487869263, -0.07178924232721329, 0.016002388671040535, -0.028288040310144424, 0.011108625680208206, -0.13266059756278992, 0.02496885508298874, 0.006514532957226038, -0.01609342359006405, 0.034178994596004486, 0.04250653460621834, -0.05152879282832146, -0.03861229121685028, 0.024840258061885834, 0.03129834309220314, -7.159535471146228e-06, 0.0523688942193985, -0.01656649261713028, 0.01514917891472578, 0.07071488350629807, -0.05452319234609604, -0.0157882459461689, -0.028951188549399376, -0.017546065151691437, -0.008727895095944405, -0.11101078987121582, -0.023651806637644768, 0.016312159597873688, -0.035019490867853165, -0.07037289440631866, -0.03658254072070122, 0.01949978619813919, 0.011832504533231258, -0.07336508482694626, -0.041936058551073074, -0.06164821609854698, 0.03876722231507301, 0.0627986341714859, -0.054869357496500015, 0.08858342468738556, -0.07271388173103333, -0.01170593872666359, -0.08636093139648438, -0.0132714519277215, -0.012672722339630127, -0.03616989403963089, -0.041658952832221985, -0.01115179993212223, -0.056985124945640564, -0.018379230052232742, -0.08962740749120712, 0.08943769335746765, -0.002679239958524704]"
77,Wikipedia & Web Search for Afghanistan,"as been an uptick in saffron production, which authorities and farmers are using to try to replace poppy cultivation. Between 2012 and 2019, the saffron cultivated and produced in Afghanistan was consecutively ranked the world's best by the International Taste and Quality Institute. Production hit record high in 2019 (19,469 kg of saffron), and one kilogram is sold domestically between $634 and $1147.
The availability of cheap diesel-powered water pumps imported from China and Pakistan, and in the 2010s, of cheap solar power to pump water, resulted in expansion of agriculture and population in the southwestern deserts of Afghanistan in Kandahar, Helmand and Nimruz provinces in the 2010s. Wel","[-0.07901401817798615, 0.023206379264593124, -0.031000064685940742, 0.03408021107316017, 0.038848571479320526, -0.08464478701353073, 0.037645574659109116, -0.046050574630498886, 0.009533925913274288, -0.0952160656452179, 0.007790114730596542, 0.03785422444343567, 0.0509583055973053, 0.005009840242564678, -0.00848215539008379, -0.06009458377957344, 0.0032993988133966923, -0.06762129068374634, 0.03115464374423027, -0.041538339108228683, 0.028144847601652145, -0.08119877427816391, -0.00773767102509737, 0.01928163319826126, 0.01689332164824009, 0.03095402754843235, 0.013931896537542343, -0.06994137912988663, -0.0285318773239851, -0.005628135986626148, 0.006302926689386368, 0.020204540342092514, -0.05927376449108124, -0.01020708866417408, 0.03733837977051735, -0.017039593309164047, -0.05528254434466362, 0.014208412729203701, 0.057830002158880234, 0.06656552106142044, -0.022501323372125626, -0.04470866546034813, 0.01117707509547472, 0.03410348668694496, -0.031179673969745636, 0.048866886645555496, -0.029768282547593117, -0.03843486309051514, 0.038603633642196655, 0.09509168565273285, 0.0045790052972733974, 0.022442864254117012, -0.05213372781872749, -0.023882446810603142, -0.024011041969060898, -0.1343669295310974, -0.008088069967925549, -0.052632030099630356, 0.04562025144696236, -0.00016500192577950656, -0.0038020045030862093, 0.011015929281711578, -0.028328536078333855, -0.031167570501565933, -0.08915235102176666, -0.08812544494867325, 0.08247019350528717, -0.040471773594617844, -0.007009261753410101, -0.04782218486070633, 0.03919851407408714, -0.017700349912047386, 0.010395651683211327, -0.04972047731280327, -0.046686723828315735, -0.04778991639614105, 0.07990813255310059, 0.06997878849506378, -0.02284582518041134, -0.004581506364047527, 0.09065593779087067, 0.036555372178554535, 0.005799941252917051, -0.002404594561085105, 0.050098467618227005, 0.044757090508937836, 0.04934559017419815, 0.039407722651958466, 0.1243223175406456, -0.05245322361588478, 0.05046692118048668, 0.07154082506895065, -0.04120596870779991, 0.018402181565761566, -0.005985481198877096, 0.06753072887659073, -0.011411327868700027, -0.06898119300603867, 0.014965490438044071, -0.03758173808455467, -0.010469716973602772, 0.022306207567453384, 0.060350555926561356, 0.00640396773815155, -0.028561316430568695, -0.05329566448926926, -0.028920361772179604, 0.08668409287929535, 0.03067414090037346, 0.016251886263489723, -0.010469844564795494, 0.01480028685182333, -0.08298904448747635, 0.053082942962646484, -0.09180665016174316, -0.005560686346143484, -0.008583574555814266, -0.035725824534893036, 0.04571058973670006, -0.015760255977511406, -0.03524704650044441, 0.04907252639532089, 0.046850960701704025, 0.0014970316551625729, -0.021841546520590782, 0.035870980471372604, -0.07035522907972336, 0.0548306442797184, -0.11841456592082977, -0.012812565080821514, 0.006991355214267969, -0.03146657720208168, -0.20795927941799164, 0.0421251617372036, 0.008054733276367188, -0.02019280195236206, -0.07917734235525131, -0.031214557588100433, -0.0370873287320137, -0.005418645683676004, -0.0694337859749794, 0.02422480098903179, 0.042419470846652985, -0.0253821462392807, 0.024029908701777458, 0.03923256695270538, 0.0582430474460125, -0.003691048128530383, -0.03158101439476013, 0.023517973721027374, 0.03864152729511261, -0.08476556837558746, 0.01198501419275999, 0.03992375731468201, 0.0795380026102066, -0.0003925751952920109, 0.03520437330007553, 0.06480249762535095, 0.09678272157907486, 0.047989971935749054, -0.02991841919720173, -0.038070157170295715, -0.002839267486706376, -0.05726052448153496, -0.1213875487446785, -0.02374238520860672, -0.0736621618270874, 0.008011738769710064, 0.031458355486392975, 0.015926934778690338, 0.04461614042520523, -0.059339866042137146, 0.07149163633584976, 0.031452078372240067, -0.024727439507842064, -0.05016966164112091, 0.022245869040489197, -0.0582115538418293, -0.022497661411762238, 0.15289181470870972, -0.0005073215579614043, 0.05491507053375244, 0.05509765073657036, 0.029342031106352806, 0.0908358246088028, -0.006123876199126244, -0.014786260202527046, -0.04944891110062599, -0.07782873511314392, -0.03983647748827934, -0.029397856444120407, -0.045072004199028015, 0.04188426584005356, -0.05036650225520134, -0.03349126875400543, 0.006672642659395933, -0.015556582249701023, 0.045289311558008194, 0.04496479779481888, 0.008059117011725903, -0.03366071730852127, -0.01801164261996746, 0.06783415377140045, 0.01774931326508522, 0.0647004023194313, -0.024883326143026352, 0.002615035744383931, 0.02713717333972454, -0.00800417736172676, 0.04146740958094597, 0.044118482619524, -0.0018270128639414907, -0.0023438693024218082, 0.04968927055597305, 0.001928870566189289, 0.03851710259914398, -0.027831846848130226, -0.09699331223964691, 0.02847469225525856, 0.04080597683787346, -0.039980966597795486, -0.09260926395654678, -0.03965335711836815, -0.04229611158370972, -0.02904510125517845, 0.06853887438774109, 0.06186893954873085, 0.10697811841964722, -0.0140378437936306, 0.0390128567814827, 0.002273540711030364, -0.019418908283114433, 0.04373275488615036, 0.0988210141658783, 0.014032622799277306, -0.026288660243153572, -0.006721790414303541, -0.01937716268002987, -1.9639768652268685e-05, 0.11707734316587448, 0.017620595172047615, -0.018613873049616814, 0.07164957374334335, -0.007043569348752499, -0.022795792669057846, 0.0562872551381588, 0.07103831321001053, 0.07725320011377335, -0.10848402976989746, -0.07903825491666794, -0.007475101388990879, -0.0445818193256855, -0.007052741013467312, -0.04776296764612198, 0.07893810421228409, 0.02728397026658058, -0.02268701232969761, 0.08803769201040268, 0.052961528301239014, -0.058540645986795425, 0.03106509894132614, -0.016658678650856018, -0.04478907585144043, 0.02617511712014675, -0.018717370927333832, -0.018751977011561394, 0.017698928713798523, 0.02168521285057068, -0.05888945236802101, -0.1430632472038269, 0.018592452630400658, -0.02974829077720642, 0.034347113221883774, -0.02044365555047989, 0.04840359091758728, 0.003587234765291214, -0.01757604442536831, -0.07595506310462952, 0.043225668370723724, -0.047317251563072205, 0.061225540935993195, 0.05013370141386986, -0.02888079546391964, -0.04573417082428932, 0.04168003052473068, -0.00789329968392849, 0.06422775238752365, -0.03771910443902016, -0.09688834846019745, 0.05121276527643204, 0.051544398069381714, 0.09285932779312134, -0.002212327439337969, 0.013223739340901375, 0.02674623392522335, 0.001724677043966949, 0.04338430240750313, -0.005889846011996269, -0.04178404062986374, 0.05971822142601013, 0.04284513369202614, 0.049842994660139084, 0.085016630589962, -0.040777333080768585, 0.00020156386017333716, 0.1104905977845192, -0.034521717578172684, -0.004148711916059256, 0.025414202362298965, -0.08358778059482574, -0.04457893222570419, -0.08668750524520874, 0.0752977505326271, -0.0604972206056118, -0.008807027712464333, 0.05333137512207031, 0.04905148223042488, 0.1221388578414917, 0.0033895373344421387, -0.024371393024921417, -0.031217660754919052, -0.016853300854563713, 0.0059803687036037445, 0.06449464708566666, -0.04120558872818947, 0.051538486033678055, 0.03173598647117615, -0.004349270835518837, 0.05369843915104866, 0.02857407182455063, -0.011779366061091423, 0.020311148837208748, -0.0047784363850951195, 0.0037891578394919634, -0.051499124616384506, -0.0020106621086597443, -0.05531326308846474, 0.015534433536231518, -0.014754990115761757, 0.007015641778707504, 0.024823151528835297, 0.10250059515237808, 0.07208994776010513, 0.0179578997194767, -0.08540746569633484, 0.02589522674679756, 0.06368661671876907, 0.005106230732053518, 0.01912485435605049, -0.048988185822963715, -0.053734567016363144, -0.05999545380473137, -0.0338844358921051, 0.03545473888516426, -0.045385390520095825, 0.004203263204544783, -0.07343350350856781, 0.023401184007525444, 0.012191283516585827, 0.0028108563274145126, 0.030572999268770218, -0.06921391934156418, -0.014115802943706512, 0.021246157586574554, -0.08869507908821106, -0.02977931499481201, -0.12009331583976746, -0.025324907153844833, -0.0846179723739624, 0.0679493397474289, 0.1490647941827774, 0.026559514924883842, 0.010317685082554817, -0.022910339757800102, -0.0348258838057518, 0.03960031270980835, -0.09022653847932816, -0.02448491007089615, -0.06475425511598587, -0.0487801767885685, -0.04142747074365616, -0.015917116776108742, 0.0655164122581482, 0.03487883135676384]"
78,Wikipedia & Web Search for Afghanistan,"ls have gradually been deepened, but water resources are limited. Opium is the major crop, but as of 2022, was under attack by the new Taliban government which, to suppress opium production, was systematically suppressing water pumping. In a 2023 report, poppy cultivation in southern Afghanistan was reduced by over 80% as a result of Taliban campaigns to stop its use toward opium. This included a 99% reduction of opium growth in the Helmand Province. In November 2023, a U.N report showed that in the entirety of Afghanistan, poppy cultivation dropped by over 95%, removing it from its place as being the world's largest opium producer.

Mining
The country's natural resources include: coal, copp","[-0.024345602840185165, 0.08550530672073364, 0.007507844362407923, 0.026017315685749054, 0.10752914845943451, -0.018225984647870064, 0.0027205778751522303, -0.07796140760183334, -0.019637472927570343, -0.0002994447131641209, 0.01646963693201542, 0.09155883640050888, -0.020918412134051323, 0.011209605261683464, -0.056691255420446396, -0.037790194153785706, 0.011463969945907593, -0.08247789740562439, 0.0018620785558596253, -0.002884429646655917, 0.03626660257577896, -0.06130526587367058, 0.06069542095065117, -0.04334961250424385, -0.001566462917253375, 0.005879139993339777, 0.02959766797721386, -0.06361046433448792, 0.014774290844798088, -0.07832558453083038, 0.06573690474033356, 0.04661209136247635, -0.020256588235497475, 0.08601208031177521, 0.03122793138027191, -0.04658236354589462, -0.00751857552677393, 0.06684786081314087, 0.09839284420013428, 0.005808970890939236, 0.042591266334056854, -0.051453109830617905, 0.01957130804657936, 0.040430281311273575, -0.016413614153862, -0.02725622057914734, 0.004681512713432312, -0.03612039238214493, -0.04693644493818283, 0.012547064572572708, 0.10552185028791428, 0.04565029218792915, -0.0036535155959427357, -0.017732203006744385, 0.017726078629493713, -0.18654301762580872, 0.010521676391363144, 0.0574161559343338, -0.052340369671583176, 0.11318766325712204, -0.0656561404466629, 0.10390658676624298, -0.06129975989460945, -0.017937028780579567, -0.0369284525513649, -0.04046868905425072, 0.027231305837631226, 0.020990390330553055, 0.029455434530973434, 0.025389980524778366, 0.06932902336120605, 0.016145382076501846, -0.03269127756357193, -0.05200991779565811, -0.09879103302955627, -0.05558868870139122, -0.01905011013150215, 0.09310653060674667, 0.014046690426766872, -0.040478598326444626, 0.08364271372556686, 0.029992591589689255, 0.010031701065599918, -0.007378436159342527, -0.030299300327897072, 0.0013945000246167183, -0.09487202763557434, 0.02561497688293457, 0.09274620562791824, -0.09476941078901291, 0.03730933368206024, -0.008437768556177616, -0.0457332506775856, 0.005848258268088102, -0.006460792850703001, 0.057305119931697845, 0.042378831654787064, -0.08086128532886505, -0.06823115795850754, -0.046080637723207474, 0.0043928599916398525, 0.0661526620388031, -0.0031421598978340626, 0.014391995035111904, -0.0045297397300601006, 0.010760393925011158, -0.03643040731549263, -0.002523822011426091, 0.0017111743800342083, 0.038652654737234116, 0.02606743574142456, -0.08218800276517868, -0.09143437445163727, -0.0325717031955719, 0.011458135209977627, -0.13037733733654022, -0.013292539864778519, -0.040053218603134155, -0.03623249754309654, -0.0661964863538742, 0.0695079043507576, 0.04069504141807556, 0.04510395973920822, -0.028774019330739975, 0.04532720893621445, 0.03540375083684921, -0.03949368745088577, 0.06741615384817123, -0.08965838700532913, -0.05938242748379707, -0.044209495186805725, -0.02800896018743515, -0.14475759863853455, -0.04860878735780716, 0.05189929157495499, -0.04151767119765282, -0.004158787429332733, -0.02014678344130516, -0.02849375456571579, 0.015592511743307114, -0.09975806623697281, 0.025237340480089188, 0.03532921522855759, -0.0076425340957939625, -0.010929345153272152, 0.03351159766316414, 0.03499903902411461, -0.030558880418539047, -0.004487889818847179, 0.033078283071517944, 0.01765054278075695, -0.13896678388118744, 0.031184861436486244, -0.03581254184246063, 0.0279107466340065, -0.028982682153582573, 0.013650971464812756, 0.03821490332484245, 0.10132551193237305, 0.07558106631040573, -0.11584943532943726, -0.05547212064266205, -0.003105688840150833, 0.050772059708833694, -0.06233854964375496, -0.008402586914598942, -0.09730538725852966, -0.05426212027668953, 0.006564844865351915, 0.01977379620075226, 0.029187804087996483, -0.018065448850393295, 0.09824512898921967, 0.056197259575128555, -0.021262191236019135, -0.057035818696022034, -0.015314672142267227, -0.052156638354063034, 0.023884890601038933, 0.041979383677244186, 0.02388269081711769, 0.00760047510266304, 0.012749208137392998, 0.09931373596191406, 0.030429761856794357, -0.004362857434898615, 0.0366923063993454, -0.007606680039316416, 0.03612826392054558, -0.030044252052903175, -0.06971023231744766, 0.009047582745552063, 0.028969815000891685, -0.02288046106696129, -0.004037793725728989, 0.0216075386852026, -0.0028360672295093536, 0.09026197344064713, -0.00033860912662930787, 0.039704497903585434, -0.051025159657001495, 0.04527634009718895, -0.05434856563806534, -0.026563117280602455, 0.05630437284708023, 0.0631881132721901, 0.06655614823102951, -0.030291758477687836, -0.004353172145783901, -0.020465213805437088, 0.033721622079610825, 0.016799282282590866, -0.01600225269794464, 0.0054465532302856445, 0.01927977241575718, 0.051921021193265915, 0.006383935455232859, -0.012821868062019348, -0.023093819618225098, 0.07288170605897903, -0.035077329725027084, 0.02815597876906395, 0.047141049057245255, -0.046736180782318115, -0.011778188869357109, 0.030131954699754715, 0.020329108461737633, 0.03507142886519432, -0.029329316690564156, 0.04647115617990494, -0.014101836830377579, -0.007226759567856789, 0.018895601853728294, 0.06720119714736938, -0.03239058703184128, -0.017203262075781822, 0.03421196714043617, -0.01554964017122984, 0.03251685947179794, -0.006605982314795256, 0.01319085992872715, 0.013357973657548428, 0.05036605894565582, 0.03170904889702797, -0.07043523341417313, 0.044411517679691315, -0.01759573444724083, 0.09597104042768478, -0.02915295399725437, -0.017969565466046333, -0.04238337650895119, -0.05425142124295235, -0.007327737286686897, -0.05179372429847717, 0.09672129899263382, -0.004425084218382835, -0.04763398319482803, -0.006007872987538576, 0.02764001302421093, -0.034820541739463806, -0.01411348581314087, 0.00575031153857708, -0.008875209838151932, 0.01804790273308754, -0.010391408577561378, -0.09390336275100708, 0.07785608619451523, 0.07076837867498398, -0.06211436912417412, 0.04359555244445801, 0.07012355327606201, 0.0444224588572979, 0.03222225606441498, -0.0710982084274292, 0.0751839429140091, 0.03822173550724983, -0.078617624938488, -0.0765257328748703, 0.10271535813808441, -0.030617404729127884, 0.05876831337809563, 0.03847814351320267, -0.05334144085645676, -0.0053860219195485115, 0.013530395925045013, 0.04038427770137787, -0.011789231561124325, -0.08300665766000748, -0.0843936949968338, 0.028653020039200783, 0.022113582119345665, 0.030017459765076637, 0.08528987318277359, -0.015641022473573685, 0.013328508473932743, -0.03764845058321953, -0.013442164286971092, 0.018125515431165695, 0.02566218376159668, -0.01802816055715084, 0.029536962509155273, 0.029352838173508644, -0.025562606751918793, -0.025958893820643425, 0.051171425729990005, 0.0785624161362648, -0.03861337900161743, -0.058909885585308075, 0.024442661553621292, -0.10052244365215302, -0.029799150303006172, -0.09318641573190689, -0.009244001470506191, -0.037671610713005066, 0.03700050339102745, -0.06548368185758591, -0.04714437574148178, 0.04141675680875778, -0.02438189648091793, -0.07619360834360123, -0.03143749013543129, 0.007425594609230757, 0.006093991920351982, 0.05666854605078697, -0.012645015493035316, 0.10002809017896652, 0.08758224546909332, 0.023926597088575363, 0.03328998014330864, -0.04781759902834892, 0.03806208074092865, 0.09632357209920883, 0.046051859855651855, -0.0619729682803154, -0.05934078246355057, 0.02251988649368286, -0.08978801965713501, -0.011583227664232254, -0.001249652705155313, -0.005191514268517494, 0.05790315195918083, -0.001002318225800991, -0.05630169436335564, -0.026341386139392853, -0.0072740837931632996, 0.07470133155584335, 0.0186538714915514, 0.026573194190859795, 0.004709887783974409, -0.01351151056587696, 0.10744358599185944, -0.06290429085493088, -0.0477377288043499, 0.042063482105731964, -0.0387662835419178, 0.015901191160082817, -0.0007021097117103636, 0.06820373237133026, 0.033640459179878235, -0.025712963193655014, -0.07700880616903305, -0.050603438168764114, 0.010875627398490906, 0.07574065774679184, -0.13732342422008514, -0.010041100904345512, -0.051697056740522385, 0.03926824405789375, 0.060383979231119156, -0.016986366361379623, 0.1447543352842331, -0.04965335503220558, 0.03028210438787937, -0.0033116773702204227, 0.03285032510757446, -0.01017224695533514, -0.05891917645931244, -0.04558762162923813, -0.04262658581137657, -0.04686359316110611, -0.014679297804832458, -0.036758143454790115, 0.09225491434335709, 0.06367210298776627]"
79,Wikipedia & Web Search for Afghanistan,"er, iron ore, lithium, uranium, rare earth elements, chromite, gold, zinc, talc, barite, sulfur, lead, marble, precious and semi-precious stones, natural gas, and petroleum. In 2010, US and Afghan government officials estimated that untapped mineral deposits located in 2007 by the US Geological Survey are worth at least $1 trillion.
Michael E. O'Hanlon of the Brookings Institution estimated that if Afghanistan generates about $10 billion per year from its mineral deposits, its gross national product would double and provide long-term funding for critical needs. The United States Geological Survey (USGS) estimated in 2006 that northern Afghanistan has an average 460 million m3 (2.9 billion bb","[-0.04547323286533356, -0.008253545500338078, 0.04971142113208771, 0.034562524408102036, 0.00816599652171135, -0.03871549293398857, 0.01337765995413065, 0.03669236972928047, 0.029655886813998222, -0.021901775151491165, 0.007521332707256079, -0.045806169509887695, 0.0759040117263794, -0.03244591876864433, -0.05125673487782478, 0.011618322692811489, -0.03840971738100052, -0.08560951054096222, 0.010267299599945545, -0.009518306702375412, 0.05079462379217148, -0.053867410868406296, 0.03771079331636429, -0.03954484313726425, 0.059328846633434296, 0.043293870985507965, -0.07959060370922089, -0.052236612886190414, -0.011500474996864796, -0.020787321031093597, 0.061151597648859024, -0.007154440972954035, -0.008366712369024754, 0.04431353509426117, 0.01865563541650772, 0.04321582615375519, -0.03275740146636963, -0.0036305603571236134, 0.062190596014261246, 0.05678604170680046, -0.03488903492689133, -0.02381310984492302, 0.051319971680641174, 0.005822458770126104, -0.04881034046411514, -0.03458866477012634, 0.02354854717850685, -0.043194159865379333, -0.004457532428205013, 0.04185420274734497, 0.07017414271831512, 0.042133878916502, -0.05657738819718361, 0.008719691075384617, -0.0260433591902256, -0.12818926572799683, 0.03355959802865982, -0.015573362819850445, -0.01163389626890421, 0.06844968348741531, 0.020102616399526596, 0.008897773921489716, -0.014271922409534454, -0.029989860951900482, 0.009106049314141273, -0.024149997159838676, 0.10247640311717987, -0.07373960316181183, 0.05720742419362068, -0.043186601251363754, 0.12178107351064682, 0.03760063275694847, -0.0283828005194664, -0.028598422184586525, -0.007604146841913462, 0.025040777400135994, -0.003511026268824935, 0.10617205500602722, -0.05221765115857124, -0.02962498366832733, 0.006955266464501619, 0.040660012513399124, 0.10537426918745041, -0.04821652173995972, 0.0011281798360869288, -0.02468717470765114, 0.004032108932733536, 0.08631843328475952, 0.03245001286268234, -0.07173813134431839, 0.005825838539749384, 0.07070168852806091, -0.06271485239267349, 0.07214172184467316, 0.05196929723024368, 0.11143764108419418, -0.006368642672896385, -0.0033703434746712446, 0.0009643480880185962, -0.03546108305454254, 0.032620467245578766, 0.09776701778173447, -0.004915461875498295, -0.09200423210859299, -0.023819083347916603, 0.09408190101385117, -0.04943913221359253, -0.015509887598454952, -0.022875607013702393, 0.014760457910597324, 0.03760707750916481, -0.0446258969604969, -0.039232976734638214, 0.016900107264518738, -0.018336882814764977, -0.08836620301008224, 0.03470707684755325, 0.016066480427980423, -0.008268540725111961, -0.0355830118060112, 0.01433523278683424, 0.025389648973941803, 0.07169830054044724, 0.02446664683520794, -0.004656911827623844, -0.02586567960679531, -0.0061818803660571575, 0.043155018240213394, -0.05710059404373169, 0.04000280797481537, -0.029172705486416817, -0.033814333379268646, -0.12174585461616516, 0.032149314880371094, 0.02823292836546898, 0.027704507112503052, -0.05281341075897217, -0.04904133081436157, -0.08383610099554062, 0.09519583731889725, -0.015414866618812084, 0.10201224684715271, 0.010187475010752678, -0.023096034303307533, -0.05651860311627388, 0.07304605096578598, 0.04215468466281891, -0.027512745931744576, 0.03235042467713356, -0.03948858380317688, 0.0005067148595117033, -0.04967689886689186, 0.04557882249355316, 0.04777706786990166, 0.041454266756772995, -0.024055033922195435, -0.06668996810913086, -0.02275964990258217, 0.07589992880821228, 0.02746513858437538, -0.01073641050606966, -0.1032949686050415, -0.005069630220532417, 0.02956097014248371, -0.06640641391277313, 0.0006109134992584586, -0.12046424299478531, -0.035569947212934494, 0.06145339086651802, -0.08086341619491577, 0.03597569465637207, 0.07571391016244888, 0.09838846325874329, 0.07085264474153519, 0.0431944839656353, -0.01657846011221409, -0.052490878850221634, -0.08501864224672318, -0.014601602219045162, 0.0741966962814331, -0.07664617151021957, -0.0047188494354486465, -0.03351695090532303, 0.06270688027143478, -0.013961564749479294, 0.010290495119988918, -0.00470420578494668, 0.041995398700237274, 0.010920641012489796, 0.025108221918344498, 0.03435501456260681, 0.06817501038312912, -0.009922975674271584, -0.029190978035330772, -0.0006906343623995781, -0.031860850751399994, 0.04700827598571777, 0.10185596346855164, 0.0021422451827675104, -0.03686608374118805, -0.012939473614096642, 0.020534072071313858, -0.1475759595632553, -0.020817652344703674, 0.038020163774490356, 0.01897875964641571, 0.07148128747940063, 0.10397269576787949, -0.05187998339533806, 0.01623772829771042, 0.058510616421699524, -0.011074415408074856, -0.014440511353313923, 0.02969513274729252, -0.023975012823939323, -0.01617511361837387, -0.04054868221282959, -0.01458726916462183, -0.04108346626162529, 0.03193015605211258, -0.03553059324622154, -0.08063052594661713, -0.013508575968444347, -0.025191981345415115, -0.008173080161213875, 0.06222286447882652, -0.010096153244376183, 0.05795792117714882, 0.011902710422873497, 0.0031498463358730078, -0.06371710449457169, 0.014459246769547462, 0.019758496433496475, 0.0931827500462532, 0.0317513607442379, -0.00016841597971506417, 0.04820787161588669, -0.043117690831422806, 0.028132999315857887, 0.05144460126757622, 0.0008491546614095569, -0.04739014804363251, 0.0381927564740181, -0.057658612728118896, -0.023987634107470512, 0.01297258585691452, -0.01996392197906971, 0.0014896341599524021, -0.03619393706321716, -0.04947653040289879, -0.06247645989060402, -0.13503889739513397, 0.030323872342705727, 0.014404918067157269, 0.11650408804416656, 0.046827998012304306, -0.033859457820653915, 0.010537837632000446, 0.039167117327451706, -0.0497567243874073, 0.05399803817272186, -0.06170588731765747, -0.024626214057207108, -0.007257911842316389, 0.04248972609639168, 0.01601954735815525, 0.04962575435638428, 0.030842674896121025, -0.08203999698162079, -0.0790717601776123, 0.04500148445367813, 0.049299273639917374, 0.05031799525022507, -0.0489254929125309, 0.10890480130910873, 0.023352565243840218, -0.0379716232419014, -0.10925426334142685, 0.07552144676446915, 0.013549933210015297, -0.04823262244462967, 0.03570530563592911, 0.009547997266054153, -0.04318491369485855, -0.013404430821537971, -0.0066819204948842525, 0.02626178041100502, 0.005031160078942776, -0.14942972362041473, 0.0031685796566307545, 0.022431742399930954, -0.018559789285063744, -0.10320177674293518, 0.1130298301577568, 0.07780791819095612, -0.005067199468612671, -0.0067504397593438625, -0.03259696811437607, 0.03539440408349037, 0.12141039967536926, 0.035531822592020035, 0.025344742462038994, 0.008138113655149937, -0.009435359388589859, 0.032858964055776596, 0.0628606379032135, -0.012591348960995674, -0.027263309806585312, 0.10366874188184738, -0.03812723234295845, -0.048141151666641235, -0.044713400304317474, 0.011058512143790722, -0.012405997142195702, -0.03959211707115173, -0.0013265517773106694, 0.007762235589325428, 0.023544887080788612, -0.03499569743871689, -0.02703939937055111, -0.05285609886050224, 0.058808162808418274, -0.026087218895554543, 0.03871561586856842, -0.10323318839073181, 0.013282021507620811, 0.053588904440402985, 0.034493278712034225, 0.02264522947371006, 0.03611260652542114, -0.004127465654164553, -0.032124292105436325, -0.09476964175701141, -0.012039140798151493, -0.054216861724853516, 0.00950275082141161, -0.04362218827009201, 0.01947888545691967, 0.0010976992780342698, -0.02706695906817913, 0.04339877516031265, 0.035051073879003525, 0.04243149608373642, -0.044809695333242416, 0.02483973279595375, 0.053844697773456573, 0.05986844375729561, 0.05048796162009239, -0.056924838572740555, 0.02098982222378254, 0.03665663301944733, -0.060559581965208054, -0.06490493565797806, -0.018020112067461014, 0.0895630419254303, -0.01349154394119978, -0.07831081002950668, -0.005482612177729607, 0.022941743955016136, -0.04795047268271446, -0.025400396436452866, -0.036123618483543396, 0.07560371607542038, 0.03487517684698105, -0.057649165391922, 0.04097196087241173, -0.12165369838476181, 0.01488315500319004, 0.024595513939857483, 0.00020635576220229268, 0.09417927265167236, -0.09722919762134552, -0.07335586845874786, -0.09262832999229431, -0.017825542017817497, 0.06996932625770569, -0.03563564643263817, -0.033456332981586456, -0.0002304003428434953, -0.07832135260105133, -0.023494524881243706, -0.12208031117916107, 0.029980739578604698, -0.033281110227108]"
80,Wikipedia & Web Search for Afghanistan,"l) of crude oil, 440 billion m3 (15.7 trillion cu ft) of natural gas, and 67 billion L (562 million US bbl) of natural gas liquids. In 2011, Afghanistan signed an oil exploration contract with China National Petroleum Corporation (CNPC) for the development of three oil fields along the Amu Darya river in the north.
The country has significant amounts of lithium, copper, gold, coal, iron ore, and other minerals. The Khanashin carbonatite in Helmand Province contains 1,000,000 tonnes (980,000 long tons; 1,100,000 short tons) of rare earth elements. In 2007, a 30-year lease was granted for the Aynak copper mine to the China Metallurgical Group for $3 billion, making it the biggest foreign inves","[-0.05945250019431114, 0.013896472752094269, 0.03745194151997566, 0.01725688762962818, -0.011739038862287998, 0.05185035243630409, -0.015745699405670166, 0.027344832196831703, 0.043533481657505035, 0.005120242014527321, -0.0020271188113838434, -0.07125824689865112, -0.001413490972481668, -0.04349648579955101, -0.055482544004917145, -0.03217346966266632, 0.002863357774913311, -0.10818563401699066, 0.06504477560520172, -0.08416716009378433, 0.05928359925746918, 0.015708286315202713, 0.022608278319239616, -0.06014424189925194, 0.024107173085212708, 0.023771991953253746, -0.022031407803297043, -0.030977528542280197, 0.002904681023210287, -0.029746465384960175, -0.023162376135587692, 0.036910030990839005, -0.008811410516500473, 0.06065536290407181, 0.020949160680174828, 0.0011674687266349792, -0.03780832514166832, -0.0657324567437172, 0.0789075717329979, 0.09606504440307617, 0.03335418179631233, -0.0707581415772438, 0.13015717267990112, -0.026952212676405907, -0.016770998015999794, 0.027909107506275177, -0.018285512924194336, -0.019392961636185646, 0.020674273371696472, 0.048026684671640396, 0.05349820852279663, 0.06841281801462173, -0.059742242097854614, 0.00013334864343050867, -0.013300471007823944, -0.1431456208229065, -0.002837033476680517, -0.014699609950184822, 0.014464722946286201, 0.037497520446777344, 0.03969314694404602, 0.0469193272292614, -0.017025277018547058, -0.01701064221560955, -0.054125890135765076, -0.09436000883579254, 0.11715109646320343, -0.036661092191934586, 0.07592982053756714, -0.017092371359467506, 0.06079457700252533, 0.012502698227763176, -0.09016552567481995, -0.06423475593328476, -0.12497130781412125, 0.04359539970755577, 0.0287673007696867, 0.09695073217153549, -0.06077921763062477, -0.09650587290525436, 0.018079694360494614, 0.045415248721838, 0.06909341365098953, -0.08065500110387802, 0.014723105356097221, 0.018841173499822617, 0.05213654413819313, 0.03262953460216522, 0.037406329065561295, -0.005119760055094957, 0.01937420293688774, 0.03543322533369064, -0.10157662630081177, 0.01706983894109726, 0.05094408243894577, 0.032944876700639725, 0.047069251537323, -0.020600639283657074, -0.011069574393332005, -0.0066656130366027355, 0.05126342549920082, 0.044634003192186356, -0.06550034880638123, -0.1256912350654602, -0.02802421897649765, 0.07214028388261795, -0.024770202115178108, 0.04144091531634331, 0.024557383731007576, -0.0190063938498497, -0.04473114386200905, -0.0504828542470932, -0.04446516931056976, -0.07122796028852463, -0.013698282651603222, -0.036876291036605835, -0.050112370401620865, -0.014209628105163574, 0.018799403682351112, -0.013635808601975441, -0.07788430899381638, -0.036874838173389435, 0.048441771417856216, 0.0330340713262558, -0.005707401782274246, -0.056473422795534134, 0.026907989755272865, -0.020221199840307236, -0.0419481098651886, -0.013190273195505142, -0.02046913467347622, -0.004595765843987465, -0.18082541227340698, 0.12468959391117096, 0.06177830323576927, -0.011138110421597958, -0.07285672426223755, -0.004161099903285503, -0.07742050290107727, 0.09273802489042282, -0.025742122903466225, 0.11016537994146347, -0.028017742559313774, -0.0314965546131134, -0.054672617465257645, 0.07198311388492584, 0.030484715476632118, 0.030758123844861984, -0.00778124900534749, -0.007600638084113598, 0.0768938735127449, -0.004457287024706602, 0.007773864548653364, 0.03263300284743309, 0.052434977144002914, -0.034047167748212814, -0.007921488955616951, -0.026482604444026947, 0.12181121110916138, 0.06118783354759216, -0.022374186664819717, -0.06236513331532478, -0.04349416494369507, 0.04401925951242447, -0.05712851881980896, 0.015041651204228401, -0.08332419395446777, -0.05656961351633072, 0.04682428389787674, -0.013939207419753075, -0.01792038045823574, -0.041181810200214386, 0.04443182796239853, 0.0673907995223999, -0.0007761278538964689, -0.05565092712640762, -0.03298424184322357, -0.10380958020687103, -0.0029718379955738783, 0.08369722217321396, -0.03729386255145073, -0.0060960534028708935, 0.057775065302848816, 0.030565472319722176, 0.018951717764139175, 0.019317448139190674, 0.04533848911523819, 0.05821486935019493, -0.06276807934045792, 0.05004735663533211, -0.034956615418195724, 0.030482100322842598, 0.05399574339389801, 0.049228258430957794, -0.004308575764298439, -0.02631838247179985, 0.10872221738100052, 0.049542155116796494, 0.009003967046737671, -0.06977168470621109, 0.01963675208389759, -0.0059317429549992085, -0.08754965662956238, 0.005765927489846945, -0.007238196209073067, -0.05282025784254074, 0.03777802363038063, 0.09414001554250717, -0.07626494765281677, 0.020541692152619362, 0.08691360056400299, -0.01744365505874157, -0.062388110905885696, 0.010805566795170307, 0.014581129886209965, -2.5227389414794743e-05, -0.01172893587499857, -0.009819869883358479, -0.04430362209677696, -0.00491905165836215, 0.05279245972633362, 0.022511545568704605, 0.01362582203000784, -0.03412371501326561, -0.019358443096280098, 0.05735669285058975, -0.0456506721675396, 0.07152553647756577, -0.0034686727449297905, -0.011609968729317188, 0.010619359090924263, 0.017978444695472717, 0.04928094521164894, 0.04171283170580864, 0.050953418016433716, -0.03884534165263176, 0.05213562771677971, -0.03859175369143486, 0.05187965929508209, 0.03303760662674904, 0.03332133591175079, -0.05744169279932976, 0.01253362838178873, 0.010119270533323288, -0.017018543556332588, -0.030425680801272392, -0.030513335019350052, 0.07833212614059448, -0.057113438844680786, 0.0004778298898600042, -0.03161191567778587, -0.13796794414520264, -0.01785474643111229, 0.02939101867377758, 0.07028891891241074, 0.03570675849914551, -0.09539832174777985, 0.07264573127031326, -0.004451483488082886, -0.09334302693605423, 0.029060643166303635, 0.03856111317873001, -0.052642572671175, -0.011069362983107567, 0.02400566078722477, 0.00895929429680109, 0.10298745334148407, 0.00982100609689951, -0.042613111436367035, -0.024339212104678154, 0.025875607505440712, -0.0012440456775948405, 0.03338661789894104, -0.011869383975863457, 0.037671566009521484, -0.0023004403337836266, -0.00924840196967125, -0.07509788870811462, 0.10506723076105118, 0.046096961945295334, -0.025052249431610107, 0.1160409078001976, 0.056229088455438614, -0.0376167967915535, 0.04314417764544487, 0.005233675707131624, 0.05113083869218826, -0.025357956066727638, -0.13978469371795654, -0.021901968866586685, -2.052813579211943e-05, -0.004290414974093437, -0.029920905828475952, 0.07812566310167313, 0.06776697188615799, 0.008868751116096973, -0.01632697507739067, 0.011356913484632969, 0.028445882722735405, 0.08199558407068253, 0.028621811419725418, 0.007639480754733086, 0.02448730170726776, -0.016803480684757233, 0.011777599342167377, 0.08677536994218826, 0.029674286022782326, -0.04025190323591232, 0.09393260627985, 0.01834486611187458, -0.01877841353416443, -0.08756764978170395, 0.05646226927638054, -0.0415300689637661, -0.08068051934242249, 0.03577357903122902, -0.06779699772596359, 0.025385376065969467, -0.0048780194483697414, -0.035880014300346375, -0.07121464610099792, -0.0364731065928936, 0.005639228504151106, 0.08047756552696228, -0.01340546179562807, 0.02237706258893013, 0.00432936055585742, 0.05844608694314957, 0.04787234589457512, -0.003540650475770235, 0.06937752664089203, -0.019209042191505432, -0.025568414479494095, -0.03136230632662773, -0.0567118376493454, -0.01286731380969286, -0.03254026919603348, -0.006255651358515024, 0.045460235327482224, -0.044399309903383255, 0.0042264992371201515, 0.018045514822006226, 0.05878668650984764, -0.03328878432512283, 0.010120613500475883, 0.00818108394742012, 0.02525240369141102, 0.00800566840916872, 0.008352325297892094, 0.0240306593477726, 0.0678296908736229, -0.03506605699658394, -0.05706331878900528, -0.03740768879652023, 0.10359793901443481, 0.009788834489881992, -0.08501023799180984, -0.019714804366230965, 0.0014492919435724616, -0.03827313333749771, -0.010841523297131062, -0.014320694841444492, 0.04465414956212044, 0.018383419141173363, -0.03500696271657944, 0.012496273033320904, -0.12958256900310516, -0.03488781303167343, 0.025510122999548912, 0.014714245684444904, 0.04451724886894226, -0.02634446695446968, -0.04215347021818161, -0.029044710099697113, 0.07170948386192322, 0.03698669746518135, -0.04149114340543747, -0.05074331536889076, -0.049558717757463455, -0.05354858934879303, -0.07447011023759842, -0.08939159661531448, 0.01738370954990387, -0.05016231909394264]"
81,Wikipedia & Web Search for Afghanistan,"tment and private business venture in Afghanistan's history. The state-run Steel Authority of India won the mining rights to develop the huge Hajigak iron ore deposit in central Afghanistan. Government officials estimate that 30% of the country's untapped mineral deposits are worth at least $1 trillion. One official asserted that ""this will become the backbone of the Afghan economy"" and a Pentagon memo stated that Afghanistan could become the ""Saudi Arabia of lithium"". The lithium reserves of 21 Mio. tons could amount to the ones of Bolivia, which is currently viewed as the country with the largest lithium reserves. Other larger deposits are the ones of bauxite and cobalt.
Access to biocapac","[-0.06141981855034828, 0.004285798408091068, -0.02789301425218582, -0.0036454356741160154, -0.02414005436003208, -0.002815636806190014, 0.030910955742001534, 0.03957449644804001, -0.006082064006477594, -0.05182486027479172, -0.0037887070793658495, 0.0030740255024284124, 0.11761178076267242, -0.029490994289517403, -0.030877023935317993, 0.005431110505014658, -0.019470738247036934, -0.08711160719394684, 0.010049890726804733, -0.03050723299384117, 0.041022561490535736, -0.08008722215890884, 0.07700236141681671, -0.057831697165966034, 0.11070024222135544, -0.01262387540191412, -0.007172809448093176, -0.05101924389600754, -0.0026829170528799295, -0.010727403685450554, 0.07323908805847168, -0.022185340523719788, -0.004541462752968073, 0.039806265383958817, -0.011964323930442333, 0.07740900665521622, -0.015961144119501114, -0.02932121232151985, 0.06970296800136566, -0.0002823391987476498, -0.017752159386873245, 0.02369900792837143, 0.05157972127199173, 0.013516952283680439, -0.05018949881196022, 0.006694391835480928, 0.05391288176178932, -0.01777232624590397, -0.03614278882741928, 0.03976479545235634, 0.09778017550706863, 0.062236491590738297, -0.06972198933362961, -0.03043101355433464, -0.002595772035419941, -0.09886737167835236, -0.005072363652288914, 0.005008859559893608, 0.0011711620027199388, 0.05454730987548828, 0.03427907079458237, 0.02242426387965679, -0.0141018470749259, -0.02849338762462139, -0.029994936659932137, -0.05237898603081703, 0.08888189494609833, -0.05763440206646919, -0.0019479969050735235, -0.016268376260995865, 0.13032715022563934, 0.005598800722509623, -0.045039527118206024, -0.037770435214042664, -0.020581167191267014, 0.005457665305584669, -0.03013405203819275, 0.14553306996822357, -0.04167252033948898, -0.014454968273639679, 0.014151734299957752, 0.06938920170068741, 0.08021064102649689, 0.00816249381750822, -0.024235393851995468, 0.013418974354863167, 0.003946035634726286, 0.051879458129405975, 0.05807427316904068, -0.03764580935239792, 0.05578046292066574, 0.030346253886818886, -0.04385945573449135, 0.07820279151201248, 0.08001178503036499, 0.0432916060090065, -0.0009080077288672328, 0.018218545243144035, -0.029666030779480934, -0.03945191949605942, 0.04075208306312561, 0.052803751081228256, 0.02952728420495987, -0.1134113296866417, -0.0118398517370224, 0.04312274977564812, -0.03289538249373436, 0.005436141975224018, -0.06272166222333908, 0.03719262033700943, -0.005004600156098604, -0.01002238318324089, -0.014546879567205906, 0.027418451383709908, -0.054255202412605286, -0.009399010799825191, 0.05275670439004898, 0.014185789041221142, -0.043783415108919144, -0.05773371085524559, -0.028403090313076973, 0.05912637338042259, 0.07816893607378006, -0.02014584094285965, -0.06303369998931885, -0.01806715503334999, -0.03876539692282677, 0.0159051101654768, -0.058887794613838196, -0.01316775567829609, -0.05940376967191696, 0.013626755215227604, -0.10427685081958771, -0.007020377553999424, 0.07543563097715378, 0.057252343744039536, -0.046468425542116165, -0.04448193311691284, -0.06656468659639359, 0.04978322237730026, -0.022867748513817787, 0.05579814687371254, 0.029174523428082466, 0.00578283192589879, -0.06428463011980057, 0.056340139359235764, 0.10769008845090866, -0.028869209811091423, 0.01766582950949669, -0.021588636562228203, 0.02165461704134941, -0.009733673185110092, -0.002479405840858817, 0.03907297924160957, 0.0811484232544899, -0.08161640912294388, -0.07071640342473984, 0.024493111297488213, 0.10160646587610245, -0.02507263980805874, -0.019935349002480507, -0.09739042818546295, -0.02162429317831993, 0.020032687112689018, -0.06472191214561462, -0.004902167245745659, -0.14296598732471466, -0.02118523418903351, 0.0632508248090744, -0.0698443055152893, 0.004499442409723997, 0.040937140583992004, 0.07250570505857468, 0.05682063475251198, 0.025957537814974785, -0.03027440421283245, -0.024279886856675148, -0.05243946239352226, -0.021286875009536743, 0.0646192878484726, -0.021442625671625137, -0.027995409443974495, -0.017004385590553284, 0.11780668050050735, -0.016864284873008728, 0.03419734910130501, 0.0019834041595458984, 0.0746145024895668, 0.008179104886949062, 0.03220999985933304, 0.01382643822580576, 0.11309244483709335, -0.055459536612033844, -0.01907380111515522, 0.002753594657406211, -0.007360547315329313, 0.08215805143117905, 0.08956371992826462, 0.01363617368042469, -0.03649270161986351, -0.0671687200665474, 0.063405342400074, -0.12809735536575317, -0.04368213191628456, 0.04487477242946625, 0.02749643661081791, 0.06698927283287048, 0.028646813705563545, -0.05656302347779274, 0.03994109109044075, 0.13429559767246246, 0.003969324287027121, -0.05501735955476761, 0.06382450461387634, 0.03648509085178375, 0.003100119298323989, -0.07048788666725159, 0.03082459419965744, -0.12040901929140091, 0.035643570125103, -0.048098284751176834, -0.019964097067713737, -0.00756359938532114, -0.04518931731581688, -0.027606818825006485, 0.03546012565493584, -0.004923959728330374, 0.015200553461909294, 0.012143267318606377, -0.0015134444693103433, -0.07973726838827133, -0.018158523365855217, -0.03135212883353233, 0.09469874948263168, 0.014709112234413624, -0.034862104803323746, 0.05693981796503067, -0.039241913706064224, 0.022350190207362175, -0.017260022461414337, 0.05220368877053261, -0.08813810348510742, 0.014054819010198116, -0.006055145990103483, -0.018047742545604706, -0.03273659572005272, -0.006791061256080866, 0.007972557097673416, -0.01238427497446537, -0.017659969627857208, -0.05564709007740021, -0.06192896515130997, 0.0237320177257061, 0.002658761339262128, 0.10006224364042282, 0.029234012588858604, -0.060988593846559525, 0.03545317426323891, 0.0038965006824582815, -0.08722777664661407, 0.014288373291492462, -0.043195053935050964, -0.017760301008820534, -0.004589929711073637, 0.06380565464496613, -0.009530700743198395, 0.06527598947286606, -0.024458572268486023, -0.08173000067472458, -0.06827661395072937, 0.09622706472873688, 0.023928217589855194, 0.058081429451704025, -0.0350535623729229, 0.06776776909828186, 0.021575678139925003, 0.007816033437848091, -0.08315768837928772, 0.04164135456085205, 0.00761842355132103, -0.013766434974968433, 0.054385945200920105, 0.013426121324300766, -0.06574089080095291, -0.021723775193095207, -0.004597344435751438, 0.06390592455863953, 0.014365479350090027, -0.13096179068088531, 0.003521442413330078, 0.04235696420073509, -0.06809397041797638, -0.08608284592628479, 0.07401702553033829, 0.05973746255040169, -0.0013361647725105286, -0.019687803462147713, -0.0077429418452084064, 0.010634592734277248, 0.10083980113267899, 0.05865120515227318, 0.01988113299012184, -0.020663945004343987, -0.08000487089157104, 0.02716890349984169, 0.08782491832971573, -0.003359665861353278, -0.033281467854976654, 0.11108773201704025, -0.026319637894630432, -0.0053069195710122585, -0.03852314502000809, -0.004776786547154188, -0.04543706774711609, -0.03535144403576851, -0.006891259457916021, -0.03933429345488548, 0.013603056780993938, 0.030469492077827454, -0.053354326635599136, -0.08939651399850845, 0.04236690700054169, -0.021060874685645103, 0.05269768089056015, -0.09457462280988693, 0.08258607983589172, -0.0018647891702130437, 0.025250142440199852, 0.07041476666927338, 0.009423543699085712, 0.032202817499637604, 0.001552872359752655, -0.10507430881261826, 0.0007137050270102918, -0.1299116611480713, 0.01629459485411644, -0.05850287154316902, 0.002005652291700244, 0.009127519093453884, -0.04621478170156479, 0.06374514102935791, -0.03345309942960739, 0.05780753865838051, -0.03727896511554718, 0.019285326823592186, 0.053784120827913284, 0.00929864589124918, 0.028967220336198807, 0.016387032344937325, -0.014181332662701607, 0.00876555498689413, -0.05090338736772537, -0.019110776484012604, -0.03358132392168045, 0.03149932250380516, -0.02084646373987198, -0.05417212098836899, -0.0033502865117043257, 0.06929218769073486, -0.03299153968691826, -0.037225037813186646, -0.03517249599099159, 0.0859576165676117, 0.042590148746967316, -0.027234409004449844, 0.06261283904314041, -0.09576041996479034, 0.006605425849556923, -0.03768290579319, 0.06518379598855972, 0.09917047619819641, -0.043886009603738785, -0.02643292024731636, -0.004105831496417522, 0.00961249228566885, 0.06915010511875153, -0.009043783880770206, -0.07052456587553024, -0.04339311644434929, -0.05695300176739693, -0.06149233132600784, -0.09622646868228912, 0.011292988434433937, -0.004473885986953974]"
82,Wikipedia & Web Search for Afghanistan,"ity in Afghanistan is lower than world average. In 2016, Afghanistan had 0.43 global hectares of biocapacity per person within its territory, much less than the world average of 1.6 global hectares per person. In 2016 Afghanistan used 0.73 global hectares of biocapacity per person—their ecological footprint of consumption. This means they use just under double as much biocapacity as Afghanistan contains. As a result, Afghanistan is running a biocapacity deficit.
In September 2023, the Taliban signed mining contracts worth $6.5 billion, with extractions based on gold, iron, lead, and zinc in the provinces of Herat, Ghor, Logar, and Takhar.

Energy
According to the World Bank, 98% of the rural","[0.029436299577355385, 0.04813752323389053, 0.04645295813679695, 0.02032376639544964, 0.027939902618527412, -0.01502256840467453, -0.010123245418071747, 0.04030353203415871, 0.027902834117412567, -0.014404530636966228, 0.03277271240949631, -0.004278562497347593, 0.011491176672279835, 0.041443418711423874, -0.05076279491186142, -0.019787505269050598, -0.031602662056684494, -0.06644542515277863, -0.01395528856664896, 0.026164516806602478, -0.00018529545923229307, -0.09699985384941101, 0.053947120904922485, -0.03993235155940056, 0.09165245294570923, 0.01836371049284935, -0.08985341340303421, -0.11193230003118515, 0.004897312261164188, 0.012168369255959988, 0.059475552290678024, 0.01361662708222866, 0.04446512460708618, 0.02315312996506691, -0.005054214503616095, 0.05282856151461601, -0.06905680894851685, 0.016480939462780952, 0.018087802454829216, 0.07810775935649872, -0.029607800766825676, 0.03058362565934658, 0.03882935270667076, 0.03144555911421776, -0.0004497625050134957, 0.017475929111242294, 0.008383379317820072, -0.07617342472076416, -0.0018092704704031348, -0.04342694580554962, 0.08472339808940887, 0.06921768188476562, -0.03513145446777344, -0.018675973638892174, 0.015144414268434048, -0.09499244391918182, -0.013695571571588516, -0.041064564138650894, -0.052476417273283005, 0.05051606521010399, 0.019730914384126663, -0.015495122410356998, -0.012838199734687805, 0.014947121031582355, 0.06141137704253197, -0.06381216645240784, 0.07928376644849777, 0.0013335972325876355, -0.032578110694885254, -0.07061789184808731, 0.07300753146409988, -0.029842417687177658, -0.044182468205690384, -0.047057174146175385, -0.014245018362998962, 0.01897563226521015, 0.0453442819416523, 0.11608972400426865, 0.07347533851861954, -0.03545331582427025, 0.08782564848661423, 0.06277210265398026, 0.0651453509926796, -0.02617090567946434, -0.04844200983643532, -0.02351825125515461, -0.01637442596256733, 0.015944231301546097, 0.013423620723187923, -0.012001434341073036, 0.04507237300276756, 0.030700627714395523, 0.01226672250777483, 0.04810642823576927, 0.014622950926423073, 0.061717625707387924, 0.031448230147361755, -0.04409673064947128, -0.03154301270842552, 0.004654466174542904, 0.05250623822212219, -0.00838454905897379, 0.04577738419175148, 0.06671222299337387, -0.02975192479789257, 0.05132835730910301, -0.01643824763596058, -0.012757863849401474, 0.01065247692167759, 0.04487232863903046, -0.02144564315676689, -0.033188167959451675, -0.057735029608011246, 0.006952365394681692, -0.012836755253374577, -0.05984076112508774, 0.03629346191883087, -0.02315504662692547, 0.01909520849585533, -0.030443590134382248, -0.024217186495661736, -0.04869478940963745, 0.062163133174180984, -0.02031712979078293, 0.04229545593261719, 0.04711748659610748, 0.033846404403448105, 0.046128299087285995, -0.014155066572129726, -0.061919890344142914, -0.022949956357479095, -0.025099044665694237, -0.1262395679950714, 0.0059593236073851585, -0.0007081006187945604, -0.03766917809844017, -0.03980163484811783, -0.0245901420712471, -0.0027505552861839533, 0.04486270248889923, -0.07882294058799744, 0.030655691400170326, 0.01415812037885189, -0.0024259525816887617, -0.05539780110120773, 0.17044609785079956, 0.004157906398177147, 0.004707291256636381, 0.03073924407362938, -0.09163755923509598, 0.07848162949085236, -0.041646815836429596, 0.03068651631474495, -0.06118486821651459, 0.03808952495455742, -0.07261177897453308, -0.02149423025548458, 0.008355864323675632, 0.07281449437141418, 0.06507357954978943, -0.05253826081752777, -0.0913526862859726, -0.010871440172195435, 0.011624977923929691, -0.015829844400286674, 0.05592586472630501, -0.11379662901163101, -0.07390223443508148, 0.004744249861687422, 0.011075461283326149, 0.038104329258203506, -0.11107594519853592, 0.11348097771406174, 0.010429730638861656, 0.029216578230261803, -0.052532926201820374, -0.07445289194583893, 0.046836186200380325, 0.000717347429599613, 0.03416276350617409, -0.05566895008087158, -0.022013796493411064, -0.02341443859040737, 0.06820939481258392, -0.005921735428273678, -0.028543762862682343, 0.009078294970095158, 0.02751176618039608, -0.015449922531843185, -0.006134163122624159, -0.0027517916169017553, 0.014234168455004692, 0.03396783024072647, 0.06464450061321259, -0.052073195576667786, -0.05015203729271889, 0.03044324927031994, 0.15875881910324097, 0.010211501270532608, -0.03884187340736389, 0.004970476031303406, 0.06246739998459816, -0.06775379925966263, -0.021823737770318985, 0.054136909544467926, 0.002593156648799777, -0.01771453209221363, 0.02584635280072689, -0.01825481839478016, 0.03857125714421272, 0.07443170249462128, 0.016007578000426292, 0.02081843838095665, 0.011634579859673977, 0.020774969831109047, -0.012393469922244549, -0.053576961159706116, -0.00740555115044117, -0.006156204733997583, -0.005338575690984726, -0.060319606214761734, -0.0019530622521415353, 0.01209473330527544, -0.04484334960579872, 0.04986133426427841, 0.004573041573166847, 0.0066662998870015144, 0.062398284673690796, 0.016185319051146507, 0.038225941359996796, 0.006797401234507561, 0.05011908337473869, 0.033509813249111176, 0.08695709705352783, 0.05031394585967064, 0.05282328277826309, -0.0012769227614626288, 0.0037783326115459204, 0.03367214277386665, 0.10233600437641144, 0.0050414372235536575, -0.048591870814561844, 0.028412457555532455, 0.014319710433483124, -0.015915455296635628, 0.012973383069038391, -0.01353592611849308, 0.04698726534843445, -0.1268439143896103, 0.007009418215602636, -0.08420851081609726, -0.01659395918250084, 0.0052893743850290775, -0.1278296411037445, 0.08277104049921036, 0.040464695543050766, -0.06592357158660889, -0.01592221111059189, 0.03589387238025665, -0.07425086945295334, -0.028794504702091217, -0.006283490918576717, -0.006680856924504042, -0.024950826540589333, 0.05047643929719925, 0.06232215091586113, -0.039551861584186554, -0.04404190555214882, -0.016078243032097816, -0.058556076139211655, 0.051078226417303085, -0.06647861003875732, 0.06105544790625572, -0.11894695460796356, 0.09245815873146057, 0.05178745836019516, -0.0113014355301857, -0.06006860360503197, 0.020334869623184204, 0.01843210682272911, 0.018355919048190117, 0.09115981310606003, 0.03859616443514824, 0.007098079193383455, -0.0009049880900420249, -0.023550070822238922, 0.05231023207306862, 0.02404029108583927, -0.14316028356552124, 0.017054637894034386, 0.0695037692785263, -0.041540298610925674, -0.11065823584794998, 0.08865845948457718, 0.002613386372104287, 0.003345764009281993, -0.03136606886982918, -0.03347082436084747, 0.043473705649375916, 0.018885351717472076, 0.01850329525768757, 0.03643881529569626, 0.028386976569890976, 0.0020127366296947002, -0.00699588842689991, 0.09072444587945938, 0.01662634313106537, -0.03794477507472038, 0.06420529633760452, -0.10141871869564056, -0.008961154147982597, -0.05716734007000923, -0.06842800229787827, -0.014297452755272388, -0.022397881373763084, 0.044572681188583374, -0.0036985480692237616, -0.03917006030678749, -0.004857935942709446, -0.06659746170043945, 0.008037629537284374, 0.056891683489084244, 0.04886990785598755, 0.04440072551369667, -0.07275290042161942, 0.1176648810505867, 0.054618094116449356, 0.0013010830152779818, -0.0017096317606046796, 0.06611831486225128, 0.05000040680170059, 0.06574122607707977, -0.1011376604437828, -0.00036638445453718305, -0.11514297872781754, 0.0157758966088295, -0.05962204933166504, 0.002881488762795925, -0.017743103206157684, 0.041142191737890244, 0.03764781728386879, 0.023467494174838066, -0.032383352518081665, -0.029361139982938766, 0.036005035042762756, 0.052461620420217514, 0.04158267751336098, 0.028386784717440605, 0.026239026337862015, -0.014585363678634167, 0.04660898819565773, -0.025616612285375595, -0.04332900047302246, 0.03149155527353287, 5.622224853141233e-05, -0.05575108155608177, -0.11238861083984375, -0.034799572080373764, 0.01291528157889843, -0.026372740045189857, -0.07216116786003113, -0.07997279614210129, 0.05951927974820137, -0.018329838290810585, -0.06341860443353653, 0.015661222860217094, -0.0946786105632782, -0.03917744755744934, 0.04277501255273819, 0.0012211073189973831, 0.12331725656986237, -0.09065685421228409, -0.02959369495511055, -0.07311033457517624, -0.06779924035072327, 0.019854893907904625, 0.013163192197680473, 0.005073546431958675, -0.08523531258106232, -0.07427294552326202, -0.03134816512465477, -0.1716780960559845, -0.03015536069869995, -0.031001228839159012]"
83,Wikipedia & Web Search for Afghanistan," population have access to electricity in 2018, up from 28% in 2008. Overall the figure stands at 98.7%. As of 2016, Afghanistan produces 1,400 megawatts of power, but still imports the majority of electricity via transmission lines from Iran and the Central Asian states. The majority of electricity production is via hydropower, helped by the amount of rivers and streams that flow from the mountains. However electricity is not always reliable and blackouts happen, including in Kabul. In recent years an increasing number of solar, biomass and wind power plants have been constructed. Currently under development are the CASA-1000 project which will transmit electricity from Kyrgyzstan and Tajik","[-0.058383602648973465, 0.028008081018924713, -0.0162922702729702, 0.061908699572086334, 0.051429055631160736, 8.010157034732401e-05, 0.026712195947766304, 0.0014128830516710877, 0.05673598498106003, 0.006959233898669481, 0.005349535029381514, 0.01707855425775051, -0.007556313648819923, -0.045917849987745285, -0.0543462336063385, 0.044448815286159515, -0.022408027201890945, -0.08707576245069504, -0.012055277824401855, -0.07366501539945602, -0.033908773213624954, -0.11877080798149109, 0.007227220572531223, -0.06588932126760483, 0.06070081144571304, -0.018100200220942497, 0.043543606996536255, -0.000803111121058464, -0.05888930335640907, -0.02535213530063629, -0.020978255197405815, -0.012888800352811813, -0.019884461537003517, 0.08429896831512451, -0.027341844514012337, 0.014267238788306713, 0.049044329673051834, 0.012219026684761047, 0.031926292926073074, 0.03274662792682648, 0.030145196244120598, -0.053342055529356, 0.01318408828228712, 0.021614789962768555, -0.030110416933894157, 0.043525129556655884, 0.0007990783196873963, -0.07573246210813522, 0.0167862419039011, -0.0033378039952367544, 0.08321739733219147, 0.10739049315452576, -0.011840476654469967, 0.05131673440337181, 0.017774077132344246, -0.11861437559127808, -0.052566125988960266, -0.03833550214767456, 0.04955240711569786, 0.006455040071159601, -0.05038991943001747, 0.01911291480064392, -0.04314074665307999, -0.03007636032998562, -0.033218808472156525, -0.015033025294542313, 0.03594447672367096, -0.017924990504980087, 0.009249608032405376, -0.09183269739151001, 0.03170989081263542, 0.007351831998676062, -0.035782814025878906, -0.04909060150384903, -0.0898863673210144, -0.05515327677130699, -0.0024367135483771563, 0.08225464075803757, 0.059212759137153625, -0.016250932589173317, 0.12877213954925537, 0.047938574105501175, 0.03109847567975521, -0.031034689396619797, 0.03671199455857277, -0.00721039017662406, -0.02030743658542633, 0.024726906791329384, -0.017371440306305885, -0.04163239523768425, 0.02051573432981968, 0.09197042882442474, -0.03568615764379501, 0.07085683941841125, 0.03817810118198395, 0.01551114022731781, -0.010167968459427357, -0.06197114661335945, -0.062395475804805756, -0.019766462966799736, 0.01708543673157692, 0.024584412574768066, 0.08758482336997986, 0.02301555871963501, 0.025997385382652283, 0.021739233285188675, -0.02555919997394085, 0.058331359177827835, -0.02711445279419422, -0.03241458907723427, -0.011328736320137978, -0.03961342200636864, -0.10303995758295059, 0.005805665161460638, 0.0689937025308609, -0.1065547913312912, 0.01233943272382021, 0.002985376864671707, 0.01630355790257454, 0.03896674886345863, -0.005398087203502655, 0.05887913331389427, 0.0028849656227976084, 0.008509699255228043, 0.07744323462247849, 0.04237736761569977, 0.04394157975912094, 0.07669103890657425, -0.03419364616274834, -0.05905627831816673, -0.018549028784036636, 0.02164888195693493, -0.18544979393482208, 0.05417759716510773, 0.013717316091060638, -0.034503936767578125, -0.022812139242887497, -0.0022556206677109003, -0.028661705553531647, 0.054908595979213715, 0.0036876476369798183, 0.062090519815683365, 0.06330275535583496, -0.008839800953865051, -0.06980877369642258, 0.0724601075053215, 0.033020831644535065, 0.03989233821630478, -0.011482330970466137, -0.057411979883909225, 0.12066924571990967, -0.051953524351119995, 0.024708177894353867, -0.10291662067174911, 0.03545798361301422, -0.07764071971178055, 0.029742443934082985, 0.021949123591184616, 0.09615549445152283, 0.01833132654428482, -0.028569919988512993, -0.050414565950632095, -0.11666811257600784, 0.003169722855091095, -0.017010020092129707, 0.013471361249685287, -0.07855179905891418, -0.044810470193624496, -0.005684453994035721, -0.029266858473420143, 0.02562127262353897, -0.04699024558067322, 0.04296226426959038, 0.05923629552125931, 0.015547172166407108, -0.05278603360056877, -0.06757628917694092, 0.029019491747021675, -0.04590614512562752, 0.04910026863217354, -0.03482599928975105, 0.017124993726611137, 0.018696896731853485, 0.08573853224515915, 0.053885094821453094, -0.03231018781661987, 0.021364793181419373, 0.04656106233596802, -0.018058622255921364, 0.00502046337351203, -0.023412521928548813, -0.041673846542835236, 0.0737922415137291, -0.01913023367524147, 0.006075364537537098, -0.03473628684878349, 0.01644616760313511, 0.09276384115219116, 0.014766288921236992, -0.1128600612282753, -0.0653662234544754, 0.03231285512447357, -0.05967152118682861, -0.040612492710351944, 0.048695892095565796, 0.012080122716724873, 0.001226652879267931, -0.0017656879499554634, -0.01785251684486866, 0.03160181641578674, 0.1322183907032013, -0.01715824380517006, 0.03520813584327698, 0.0934426411986351, 0.04127272218465805, 0.029372474178671837, -0.08432845771312714, 0.008896912448108196, 0.034643229097127914, 0.09428124874830246, -0.02364235743880272, -0.011132387444376945, 0.020660964772105217, -0.01676502451300621, -0.07133034616708755, 0.02811172790825367, -0.035801004618406296, 0.08132930845022202, 0.025825414806604385, 0.04594573378562927, 0.0004627642047125846, -0.05000373721122742, 0.010586357675492764, 0.09460628032684326, -0.010171148926019669, -0.05392984300851822, 0.00945350993424654, -0.006576394662261009, 0.03283659368753433, 0.0006102173938415945, 0.00015403650468215346, -0.029009154066443443, 0.05299242585897446, -0.05030134692788124, -0.03615318983793259, 0.02563210390508175, -0.0023548973258584738, 0.03449930623173714, -0.020484421402215958, -0.03602292016148567, -0.023495730012655258, -0.03324061259627342, -0.050113316625356674, -0.07325819879770279, -0.01862647384405136, 0.021397892385721207, -0.00848657451570034, 0.05626155063509941, 0.029291197657585144, -0.08005069196224213, -0.020028473809361458, 0.05420473963022232, 0.010866952128708363, 0.04421821981668472, 0.08114545047283173, 0.008891328237950802, -0.0028492629062384367, 0.005768383853137493, -0.07048142701387405, -0.020578021183609962, 0.032297082245349884, -0.001781436032615602, -0.001281371689401567, -0.02618432231247425, 0.056559689342975616, 0.005449629854410887, -0.05850869044661522, -0.016440685838460922, 0.024978497996926308, -0.03644239157438278, 0.05843985453248024, 0.054249633103609085, 0.023574726656079292, -0.06023595482110977, -0.014509093947708607, -0.06959998607635498, 0.04140031710267067, 0.0021923945751041174, -0.04600255936384201, -0.027588482946157455, 0.06861992925405502, -0.09141214936971664, 0.05669434368610382, 0.07343447953462601, 0.022323673591017723, -0.02486017718911171, -0.0012239845236763358, -0.009046061895787716, 0.04569122940301895, 0.11206547170877457, 0.06148025766015053, 0.06790416687726974, -0.019606243818998337, -0.04325323551893234, 0.011349186301231384, 0.16156014800071716, 0.03964465111494064, -0.08899625390768051, 0.0355907678604126, -0.100339375436306, 0.03499796986579895, -0.10897918045520782, 0.007677334360778332, -0.05918984115123749, -0.013911440968513489, 0.05544073134660721, -0.07992575317621231, 0.023518765345215797, -0.026288563385605812, -0.027641786262392998, -0.004755895584821701, 0.04588600620627403, -0.007670968770980835, -0.002085380721837282, -0.03796470910310745, 0.08483868837356567, 0.06781235337257385, 0.0023268589284271, -0.008361737243831158, 0.025443756952881813, 0.07503312826156616, 0.028393175452947617, -0.026082441210746765, 0.01756093092262745, -0.05926961079239845, 0.04058085009455681, -0.04556307569146156, 0.02848963811993599, 0.031738195568323135, 0.09266335517168045, 0.061855994164943695, 0.03486564755439758, -0.051300033926963806, 0.0901666209101677, 0.0402265340089798, 0.11265012621879578, 0.03336677327752113, 0.04467093199491501, 0.012937286868691444, 0.0012432493967935443, 0.05711958557367325, -0.0644468292593956, -0.02510969527065754, 0.027174662798643112, -0.08300485461950302, 0.027043340727686882, -0.08124912530183792, -0.043065182864665985, -0.06679236888885498, -0.06468089669942856, -0.011347203515470028, -0.08886855095624924, 0.08439094573259354, 0.0028385589830577374, -0.11769742518663406, -0.04596419259905815, -0.08057032525539398, -0.036699045449495316, -0.02612221986055374, 0.04319516569375992, 0.07202915847301483, -0.0657549574971199, 0.020743699744343758, -0.045372359454631805, 0.016127150505781174, -0.0761144682765007, 0.0138707859441638, -0.009213701821863651, -0.03156859800219536, -0.13402052223682404, -0.056391119956970215, -0.025139091536402702, -0.00026131552294828, -0.02978825941681862]"
84,Wikipedia & Web Search for Afghanistan,"istan, and the Turkmenistan-Afghanistan-Pakistan-India (TAPI) gas pipeline. Power is managed by the Da Afghanistan Breshna Sherkat (DABS, Afghanistan Electricity Company).
Important dams include the Kajaki Dam, Dahla Dam, and the Sardeh Band Dam.

Tourism
Tourism is a small industry in Afghanistan due to security issues. Nevertheless, some 20,000 foreign tourists visit the country annually as of 2016. In particular an important region for domestic and international tourism is the picturesque Bamyan Valley, which includes lakes, canyons and historical sites, helped by the fact it is in a safe area away from insurgent activity. Smaller numbers visit and trek in regions such as the Wakhan Valle","[-0.07249646633863449, -0.016573645174503326, -0.01537250354886055, -0.009627262130379677, -0.012940033338963985, -0.0385764054954052, 0.027284594252705574, 0.04457705840468407, 0.04843689501285553, -0.0014639460714533925, -0.04111519083380699, 0.050367433577775955, -0.048607878386974335, 0.009555364027619362, -0.05188104510307312, -0.05329543352127075, 0.014704092405736446, -0.06815983355045319, 0.07754049450159073, -0.12265700101852417, 0.03329972177743912, -0.08149447292089462, -0.03961098939180374, 0.035020433366298676, -0.012326241470873356, 0.04516218975186348, 0.03429027274250984, 0.024269388988614082, 0.023449638858437538, -0.02414998598396778, -0.06313958019018173, -0.022558050230145454, -0.06536559015512466, 0.005502388812601566, -0.006416855379939079, 0.06774652004241943, 0.06665056943893433, -0.06321068853139877, 0.07929437607526779, 0.07004829496145248, 0.05901335924863815, -0.04706881567835808, 0.06292065232992172, 0.02855914644896984, -0.03744328022003174, -0.007765789050608873, 0.026936016976833344, 0.0033154780976474285, -0.04843199998140335, -0.011815065518021584, 0.08649903535842896, 0.04699656739830971, 0.006235970184206963, 0.005859917961061001, -0.03551415354013443, -0.06458649039268494, 0.0012992867268621922, -0.0019833361729979515, -0.005930005107074976, -0.012543193995952606, -0.005770288873463869, -0.06654133647680283, -0.04080269858241081, 0.014847679063677788, -0.13904191553592682, -0.04128338024020195, 0.028433747589588165, 0.014399590902030468, 0.023597119376063347, -0.10764968395233154, -0.031956642866134644, -0.03873855620622635, -0.047213878482580185, -0.041115228086709976, -0.0628485158085823, -0.04816509783267975, -0.012230738066136837, 0.14305344223976135, -0.050541896373033524, -0.08388036489486694, 0.10044963657855988, 0.013166767545044422, 0.07103031873703003, -0.02840293012559414, 0.0035874301102012396, 0.04141337424516678, 0.02963166870176792, -0.0156143419444561, 0.015819508582353592, -0.030718134716153145, 0.05318036302924156, 0.06331612914800644, 0.014817711897194386, 0.04749263450503349, 0.013540982268750668, 0.055667318403720856, 0.02715136855840683, -0.039042916148900986, -0.033526815474033356, 0.004672991577535868, 0.06637854874134064, 0.059278227388858795, -0.006246462464332581, 0.008288558572530746, 0.03541594743728638, 0.05606215447187424, -0.055238816887140274, 0.09547098726034164, 0.008080417290329933, -0.02700713649392128, -0.01898133009672165, 0.012257220223546028, -0.026349935680627823, 0.006709556095302105, -0.07062074542045593, -0.01838482916355133, -0.16010801494121552, 0.03326144069433212, -0.03390364348888397, -0.01915583945810795, -0.13165271282196045, -0.03712351620197296, 0.025904109701514244, 0.03722989931702614, 0.05493558198213577, 0.024648703634738922, 0.029410677030682564, -0.0025377925485372543, -0.05399376526474953, -0.05454151704907417, 0.008719854056835175, -0.011965050362050533, -0.17375390231609344, 0.017165470868349075, -0.0384911447763443, -0.04052169993519783, -0.0886673703789711, -0.06476613134145737, -0.028371969237923622, -0.04492936655879021, -0.02760365977883339, 0.08092745393514633, 0.10239876806735992, -0.0424838624894619, -0.018014824017882347, 0.0031315458472818136, -0.006451442372053862, -0.007934041321277618, -0.010915594175457954, 0.028325675055384636, 0.08486545830965042, -0.0565028190612793, 0.02029808796942234, 0.024813303723931313, 0.05776958912611008, 0.028381478041410446, -0.01083659939467907, 0.06824851781129837, 0.06074071303009987, 0.003556065261363983, 0.00047503557289019227, -0.019747460260987282, -0.06850656867027283, -0.01040846947580576, -0.1252010315656662, -0.02593509666621685, -0.057998623698949814, -0.01050227228552103, -0.007102396339178085, -0.0050285207107663155, -0.09395214915275574, -0.03586345165967941, 0.044477108865976334, 0.00869719684123993, -0.016164638102054596, -0.0668967068195343, -0.07738738507032394, 0.007143151946365833, -0.04426891356706619, 0.05592808499932289, -0.013426946476101875, 0.04708759859204292, 0.10181641578674316, 0.011586070992052555, 0.052930571138858795, -0.005535773932933807, 0.024019716307520866, 0.003967755474150181, -0.009507681243121624, -0.051122698932886124, -0.1102835088968277, -0.010383090004324913, 0.11768677830696106, -0.019051920622587204, 0.051590971648693085, 0.032894350588321686, 0.00992502085864544, 0.06730353087186813, 0.03407453000545502, -0.05321982875466347, -0.05688154697418213, 0.048935748636722565, -0.08945221453905106, 0.01068967580795288, -0.025501713156700134, 0.03675103187561035, 0.0730595514178276, 0.039457835257053375, -0.06881719082593918, 0.00383045244961977, 0.11393408477306366, 0.009358168579638004, -0.023952260613441467, 0.040171604603528976, 0.04914373159408569, -0.07737743854522705, -0.053891945630311966, -0.006370629649609327, -0.07081615179777145, 0.11484705656766891, 0.03314591571688652, 0.03797448053956032, 0.055276867002248764, -0.04313164949417114, 0.004346268251538277, 0.019331643357872963, 0.0028552189469337463, 0.03264671936631203, 0.017455613240599632, 0.03713623061776161, 0.016815146431326866, -0.0630783960223198, 0.043331507593393326, 0.11913669109344482, -0.06948115676641464, 0.030880151316523552, 0.07888742536306381, -0.0064840842969715595, 0.04089558869600296, -0.005401095375418663, 0.029258133843541145, -0.04490439593791962, -0.015949459746479988, -0.03707978129386902, 0.013930467888712883, 0.0046323081478476524, -0.03948473930358887, 0.05234242230653763, -0.050264038145542145, 0.007720856927335262, -0.04331875219941139, -0.12200736999511719, -0.040670234709978104, -0.0201386921107769, 0.029433319345116615, -0.03267168998718262, -0.10663571953773499, 0.032054562121629715, -0.0029887689743191004, -0.016354888677597046, 0.048024799674749374, 0.09371232986450195, -0.0049209510907530785, 0.027373621240258217, 0.11041902750730515, 0.0270690880715847, 0.09589255601167679, -0.004037001170217991, -0.07407596707344055, -0.006240311544388533, -0.030110783874988556, -0.011843034066259861, -0.01701623573899269, -0.06780008226633072, -0.026820264756679535, -0.0016509449342265725, 0.024610454216599464, 0.005699200555682182, 0.04118829593062401, 0.07434163242578506, 0.08786264806985855, 0.09621525555849075, -0.011006816290318966, 0.012538355775177479, 0.012096394784748554, -0.05056287720799446, 0.009765311144292355, -0.023329751566052437, -0.08252833038568497, 0.013347036205232143, 0.058447469025850296, -0.030550818890333176, 0.05321352928876877, 0.032030072063207626, 0.06334719806909561, -0.021899493411183357, -0.010725320316851139, 0.044622186571359634, 0.04060589149594307, 0.05361289158463478, 0.034885991364717484, 0.07054029405117035, 0.04839453473687172, -0.034480784088373184, -0.0033873440697789192, 0.07030755281448364, 0.02227718010544777, -0.0711042582988739, 0.051880013197660446, -0.022486736997961998, -0.03362124040722847, -0.1258540004491806, 0.0341842919588089, -0.043834805488586426, 0.04190754517912865, 0.03384906426072121, -0.042275719344615936, -0.014440739527344704, 0.06586552411317825, -0.09506432712078094, -0.1144477054476738, -0.0289375651627779, -0.1333840936422348, 0.022580960765480995, -0.03715085983276367, 0.043518006801605225, -0.02468419075012207, 0.049336958676576614, -0.0008674472919665277, -0.005739269778132439, 0.07164298743009567, 0.04120154678821564, -0.0020115100778639317, 0.01857859082520008, 0.01178375631570816, 0.010696175508201122, -0.012761709280312061, -0.028243890032172203, 0.04640354961156845, -0.015954533591866493, 0.026551658287644386, 0.0102605689316988, 0.05596934258937836, 0.020936066284775734, -0.03359841927886009, 0.0050193434581160545, 0.1262444257736206, -0.008759286254644394, 0.10299335420131683, -0.007320381235331297, 0.027537841349840164, -0.017167609184980392, -0.030095189809799194, 0.004098713863641024, 0.05550982803106308, 0.026902519166469574, -0.038503024727106094, 0.0539751835167408, 0.03895273432135582, -0.030494950711727142, 0.04124829173088074, -0.02119130827486515, 0.04210808873176575, 0.010612051002681255, 0.02863890677690506, 0.03430613875389099, -0.07905316352844238, -0.006882413290441036, -0.043472908437252045, 0.046475768089294434, 0.034413572400808334, -0.012080260552465916, 0.009719169698655605, 0.016882922500371933, 0.05764026194810867, -0.003095510182902217, -0.05576194077730179, -0.05755040794610977, -0.0441366471350193, -0.0005411170423030853, -0.007465837989002466, -0.041124746203422546, 0.013921743258833885, -0.06103980913758278]"
85,Wikipedia & Web Search for Afghanistan,"y, which is also one of the world's most remote communities. From the late 1960s onwards, Afghanistan was a popular stop on the famous hippie trail, attracting many Europeans and Americans. Coming from Iran, the trail traveled through various Afghan provinces and cities including Herat, Kandahar and Kabul before crossing to northern Pakistan, northern India, and Nepal. Tourism peaked in 1977, the year before the start of political instability and armed conflict.

The city of Ghazni has significant history and historical sites, and together with Bamyan city have in recent years been voted Islamic Cultural Capital and South Asia Cultural Capital respectively. The cities of Herat, Kandahar, Bal","[-0.011823365464806557, -0.020160464569926262, 0.018669210374355316, 0.019590096548199654, -0.002512759529054165, 0.033372145146131516, -0.01257743313908577, -0.010768039152026176, -0.00725412555038929, 0.006883619818836451, 0.0006707788561470807, 0.08359131217002869, 0.09152163565158844, 0.0165751613676548, -0.026891345158219337, 0.027025671675801277, -0.0014969208277761936, -0.076797254383564, 0.07691215723752975, -0.01268723513931036, -0.03819762542843819, -0.07677464932203293, 0.058534011244773865, 0.02851286716759205, 0.04204890504479408, -0.01623234897851944, 0.01602860726416111, -0.05713452026247978, -0.030730808153748512, -0.013124972581863403, 0.01557137817144394, 0.0012454678071662784, -0.033070050179958344, 0.09156753122806549, -0.017195217311382294, 0.13532371819019318, -0.048466555774211884, 0.022985495626926422, 0.036358609795570374, 0.07468659430742264, 0.06688246876001358, -0.021856732666492462, 0.08554860949516296, -0.011787169612944126, 0.017737608402967453, -0.013138693757355213, 0.02403499186038971, 0.017984049394726753, 0.010158670134842396, -0.019469628110527992, 0.03158004209399223, 0.053518448024988174, -0.0508979931473732, -0.05452580004930496, 0.023127170279622078, -0.052239708602428436, -0.05239033326506615, 0.03327640891075134, -0.05459856986999512, 0.043246377259492874, -0.017718717455863953, -0.047131504863500595, -0.015629814937710762, -0.014569168910384178, -0.060055166482925415, -0.054183270782232285, 0.06289214640855789, 0.032328564673662186, 0.029736941680312157, -0.04335518553853035, -0.023853013291954994, -0.016078276559710503, -0.09085661172866821, 0.0023863669484853745, -0.013104010373353958, -0.040246885269880295, 0.004554419778287411, 0.11944979429244995, -0.03847872093319893, -0.0332539901137352, 0.10832405835390091, 0.052461184561252594, 0.06913834065198898, -0.02601059339940548, -0.026443464681506157, -0.02614319883286953, -0.004309064708650112, -0.07573050260543823, 0.06650339066982269, -0.09865368157625198, 0.0821956917643547, 0.06859594583511353, -0.015527051873505116, 0.050788670778274536, -0.005164290778338909, 0.045633669942617416, 0.055881328880786896, -0.050578195601701736, 0.02607065998017788, 0.029590534046292305, 0.029355432838201523, 0.038410767912864685, 0.1062290295958519, 0.07932832837104797, -0.006554890424013138, -0.02247174084186554, -0.004511665087193251, -0.05230877548456192, -0.09988746792078018, 0.043226856738328934, -0.017285272479057312, -0.06196989119052887, -0.06291798502206802, 0.02042688988149166, -0.017059708014130592, -0.11608608067035675, 0.016475891694426537, 0.02331390045583248, -0.05251733586192131, -0.0036083173472434282, -0.0669327899813652, -0.020048538222908974, 0.07063175737857819, 0.051594607532024384, 0.03253750503063202, 0.011430815793573856, 0.00957209151238203, 0.08816929161548615, 0.028377512469887733, -0.09079863131046295, -0.015917515382170677, 0.04372038692235947, -0.12773659825325012, 0.008150389418005943, 0.010642582550644875, -0.08855970203876495, -0.02945593371987343, -0.07441503554582596, -0.01176405418664217, -0.052790600806474686, -0.01949751377105713, 0.02020072191953659, 0.07314329594373703, -0.011330485343933105, -0.050278108566999435, -0.021235784515738487, -0.012968746945261955, -0.036290790885686874, -0.059977900236845016, 0.02349403128027916, 0.07898667454719543, -0.12594962120056152, -0.03618662431836128, -0.00539604714140296, 0.0659712702035904, -0.044476479291915894, 0.04381604120135307, 0.04044172540307045, 0.04570993408560753, 0.013072027824819088, -0.020919719710946083, -0.04171120002865791, 0.027990564703941345, -0.004646355751901865, -0.047172609716653824, -0.024457523599267006, -0.08914998173713684, -0.008254109881818295, 0.004245946183800697, -0.019884631037712097, -0.05718379467725754, -0.03917070850729942, 0.09167854487895966, 0.06346701830625534, 0.05914781987667084, -0.005639288108795881, -0.06704532355070114, 0.06409411132335663, -0.09574948996305466, 0.033888403326272964, -0.006985288113355637, -0.057348884642124176, -0.05525606498122215, 0.09600459784269333, -0.006395613308995962, -0.02789444290101528, 0.0014430248411372304, 0.001085287774913013, 0.034166526049375534, -0.005347628146409988, 0.018376002088189125, -0.047577761113643646, 0.08070898801088333, -0.10645819455385208, 0.010190099477767944, 0.0356757752597332, 0.016473133116960526, 0.1383494883775711, 0.09427418559789658, -0.06877577304840088, -0.08066189289093018, -0.001485083601437509, -0.03288697451353073, 0.00437550712376833, 0.017918318510055542, -0.006451724097132683, 0.10123039036989212, -0.029280683025717735, 0.016870513558387756, 0.11159393936395645, 0.036040280014276505, 0.06358476728200912, 0.017537007108330727, -0.001930820057168603, 0.07746481895446777, -0.098243847489357, -0.08191724121570587, -0.04157020151615143, -0.021447982639074326, 0.07954474538564682, -0.01876520738005638, -0.020133057609200478, 0.014196849428117275, -0.03500714153051376, 0.03282972797751427, -0.016939206048846245, 0.02899782918393612, 0.06176282837986946, -0.05171533301472664, 0.011643696576356888, 0.008183679543435574, -0.009702272713184357, -0.03698926791548729, 0.1353609561920166, -0.012272666208446026, -0.036457814276218414, 0.11018960922956467, -0.004715163726359606, 0.07842642068862915, 0.004542962182313204, 0.03613196313381195, 0.031340740621089935, 0.004452555440366268, -0.01610240340232849, -0.018120143562555313, -0.03433305397629738, -0.008439971134066582, 0.03472154960036278, -0.07287101447582245, -0.027011381462216377, -0.004549130797386169, -0.08397803455591202, -0.11281316727399826, -0.034702178090810776, 0.08903785049915314, -0.009497860446572304, -0.055869944393634796, -0.013277078978717327, 0.08408044278621674, 0.09924302250146866, -0.07460097968578339, -0.003404461545869708, -0.05685460567474365, -0.010667522437870502, 0.06992202252149582, 0.05455745756626129, -0.005945374257862568, 0.032574959099292755, -0.0006775161600671709, 0.03444231301546097, -0.05460125580430031, 0.11221105605363846, -0.03576952591538429, -0.06191781908273697, 0.07219786196947098, 0.0907670333981514, 0.03684087097644806, -0.058277443051338196, 0.06940905004739761, 0.037117697298526764, -0.06582779437303543, 0.022692997008562088, 0.040324773639440536, -0.01649216003715992, -0.08666504919528961, -0.0601704940199852, -0.05437581613659859, 0.017121102660894394, -0.021333545446395874, -0.051695942878723145, -0.011514163576066494, -0.0002953031216748059, 0.008746703155338764, 0.026514796540141106, 0.044459786266088486, 0.01592411659657955, -0.05911262333393097, 0.00032541854307055473, 0.028295738622546196, 0.12708385288715363, 0.07568584382534027, 0.04786835238337517, -0.04995355382561684, -0.06146002188324928, -0.01977437548339367, 0.050886739045381546, -0.009871430695056915, -0.048578497022390366, -0.025213105604052544, -0.007934537716209888, -0.04373308643698692, -0.08224573731422424, 0.025206953287124634, -0.03204067051410675, 0.05096586421132088, 0.00894188228994608, -0.023572420701384544, 0.03695499897003174, 0.05926327034831047, -0.07313968986272812, -0.029609613120555878, 0.04221948981285095, -0.023846294730901718, 0.05667242035269737, -0.04542054608464241, 0.0848170816898346, 0.028119515627622604, -0.053376100957393646, -0.01771913282573223, 0.10098544508218765, -0.011156780645251274, 0.08255849033594131, -0.07274053245782852, 0.018135875463485718, 0.013360170647501945, 0.016002487391233444, -0.0354798398911953, -0.006508419755846262, 0.03023695945739746, 0.015164840966463089, 0.014302810654044151, 0.010298123583197594, 0.007859745062887669, 0.026086367666721344, 0.018872646614909172, -0.008485820144414902, -0.016559241339564323, -0.02624111995100975, 0.050951700657606125, -0.07481840997934341, 0.05321444198489189, -0.07106287032365799, -0.03208353742957115, -0.02726968377828598, -0.03797643259167671, 0.02600502222776413, -0.05786735564470291, 0.0020676518324762583, 0.008218640461564064, -0.06407871097326279, 0.0184329766780138, -0.07277831435203552, 0.0932929590344429, 0.03888918459415436, 0.014690606854856014, -0.025264417752623558, -0.020551439374685287, -0.015933603048324585, -0.054705001413822174, -0.03866942226886749, 0.00715657277032733, -0.009799085557460785, 0.021665841341018677, -0.03406645357608795, 0.03469497710466385, -0.07635042071342468, -0.09752141684293747, -0.017856642603874207, -0.009792386554181576, -0.03978382796049118, -0.00938202440738678, 0.03257499635219574, -0.08429254591464996, 0.01923886127769947]"
86,Wikipedia & Web Search for Afghanistan,"kh, and Zaranj are also very historic. The Minaret of Jam in the Hari River valley is a UNESCO World Heritage Site. A cloak reputedly worn by Islam's prophet Muhammad is kept in the Shrine of the Cloak in Kandahar, a city founded by Alexander the Great and the first capital of Afghanistan. The citadel of Alexander in the western city of Herat has been renovated in recent years and is a popular attraction. In the north of the country is the Shrine of Ali, believed by many to be the location where Ali was buried. The National Museum of Afghanistan in Kabul hosts a large number of Buddhist, Bactrian Greek and early Islamic antiquities; the museum suffered greatly by civil war but has been slowl","[0.035269636660814285, 0.0788111761212349, -0.042543381452560425, 0.01861749216914177, -0.0010614165803417563, 0.03799087181687355, 0.025953706353902817, -0.04126118868589401, 0.05310150608420372, -0.025349190458655357, 0.0021219667978584766, -0.014357361011207104, 0.038199909031391144, 0.011711524799466133, -0.04754592105746269, -0.017385657876729965, -0.012712636031210423, -0.008233948610723019, 0.10920041054487228, -0.0670321062207222, -0.010033603757619858, -0.07145916670560837, 0.05416760593652725, 0.03346506878733635, -0.06643105298280716, 0.02656581811606884, -0.018149813637137413, 0.03451185300946236, -0.0060575054958462715, 0.040426481515169144, -0.004773234948515892, -0.03235403448343277, -0.027956904843449593, 0.06806891411542892, -0.06362061947584152, 0.10962212085723877, 0.029680302366614342, 0.014345216564834118, 0.022320063784718513, 0.03879868984222412, 0.01696898229420185, 0.04459691420197487, 0.074457548558712, 0.017090125009417534, 0.007066645659506321, 0.021880263462662697, 0.02256746031343937, -0.04654615372419357, -0.03833502158522606, 0.03517003729939461, 0.012746717780828476, 0.0606573112308979, -0.0351082906126976, -0.038731228560209274, 0.023279767483472824, -0.03878030925989151, -0.0019448393722996116, -0.008030521683394909, -0.011492173187434673, 0.029340481385588646, 0.023786988109350204, -0.029818160459399223, -0.06499821692705154, -0.041032545268535614, -0.03979611024260521, -0.06529844552278519, 0.044914018362760544, -0.03211944177746773, 0.07773823291063309, -0.1454606056213379, -0.0046032872051000595, 0.009326162748038769, 0.009612378664314747, -0.09675726294517517, -0.11125046759843826, -0.06402036547660828, -0.10203835368156433, 0.04945765435695648, -0.10945253819227219, -0.015961933881044388, 0.057930730283260345, 0.08651333302259445, 0.17294983565807343, -0.016548434272408485, 0.008507903665304184, 0.044988326728343964, -0.048329077661037445, -0.028006253764033318, 0.015868142247200012, -0.0209780465811491, 0.11830050498247147, 0.010020291432738304, -0.019658206030726433, -0.0012983959168195724, 0.1130216121673584, 0.04265265911817551, -0.007229979149997234, 0.06532056629657745, 0.030217567458748817, -0.020995482802391052, 0.04560399800539017, 0.01970902644097805, 0.0485033318400383, -0.0165286585688591, 0.018567997962236404, 0.04552706331014633, -0.03923964500427246, 0.031750988215208054, -0.05050837993621826, 0.006545062176883221, 0.0005104707670398057, -0.0027725419495254755, 0.008536207489669323, 0.003585167694836855, -0.058557648211717606, 0.046109143644571304, -0.07763658463954926, 0.011100313626229763, -0.07804153114557266, 0.01344421785324812, -0.05158035084605217, -0.05794881656765938, 0.04527553915977478, 0.020749498158693314, -0.005432823672890663, -0.02421567030251026, -0.04283319041132927, 0.08914864808320999, -0.029590260237455368, 0.07815460115671158, -0.02428223378956318, 0.0024403242859989405, -0.007927699945867062, -0.0010514595778658986, 0.009245174936950207, -0.010808167047798634, -0.027264392003417015, 0.0002404323167866096, 0.047829095274209976, -0.04257253557443619, -0.03174430876970291, 0.0016719280974939466, -0.028472987934947014, -0.0053955428302288055, 0.01971997134387493, -0.055301833897829056, -0.021557878702878952, -0.0412963442504406, -0.010970233008265495, 0.02131023444235325, 0.006504510063678026, -0.07092829048633575, 0.01897922344505787, 0.12364114075899124, 0.06855173408985138, 0.06515469402074814, -0.05134011059999466, 0.05863857641816139, 0.06937593221664429, -0.0520511232316494, -0.00835008081048727, -0.013501254841685295, -0.05954256281256676, 0.011154874227941036, -0.06738972663879395, -0.02536090277135372, -0.06736701726913452, -0.02920844405889511, 0.02216240204870701, -0.05179385840892792, -0.04508152976632118, 0.06461209803819656, 0.016304025426506996, 0.08062250912189484, -0.0021081073209643364, -0.03600592166185379, 0.0007080950308591127, -0.004367018584161997, -0.061710864305496216, 0.08499417454004288, -0.07290906459093094, -0.025677869096398354, -0.02944974973797798, 0.03568105399608612, 0.02422102354466915, -0.02343170717358589, 0.018399406224489212, 0.05386325716972351, 0.005988026969134808, 0.0002839375229086727, -0.02251538820564747, -0.0015773199265822768, 0.013406937941908836, -0.11511680483818054, -0.016104793176054955, -0.0038863455411046743, 0.012828989885747433, 0.07192891836166382, 0.007467658258974552, 7.575189374620095e-05, -0.042296361178159714, 0.0302604828029871, -0.03218237683176994, 0.008428419008851051, -0.00613189535215497, -0.0020893283654004335, 0.05858811363577843, 0.0167988371104002, -0.06864684075117111, 0.15195003151893616, 0.036934513598680496, 0.0337999053299427, -0.0337395966053009, -0.019427021965384483, 0.10723114758729935, -0.015302283689379692, -0.09595692902803421, -0.05585043877363205, -0.08354273438453674, 0.09054935723543167, 0.1047348901629448, -0.09575218707323074, -0.07566967606544495, -0.07410496473312378, -0.005125933326780796, -0.04417569562792778, -0.006197208072990179, 0.01718665473163128, -0.006996634416282177, 0.04480583965778351, -0.008627268485724926, 0.04976854845881462, -0.05229945108294487, 0.06845027953386307, 0.03245329111814499, -0.018165433779358864, 0.09141062945127487, -0.057009391486644745, 0.09388638287782669, -0.040384575724601746, 0.05369838327169418, 0.03675520047545433, -0.021443217992782593, 0.004200158175081015, 0.06318578124046326, -0.05963877588510513, -0.027852678671479225, 0.03781610354781151, -0.004826205316931009, 0.002599824219942093, 0.02535538747906685, -0.1254032999277115, -0.008994135074317455, 0.052866142243146896, -0.03242608159780502, -0.0748821571469307, -0.09093056619167328, 0.06630036979913712, 0.02242572046816349, -0.06586567312479019, -0.011967245489358902, -0.04309055954217911, -0.06506320089101791, 0.030041296035051346, 0.04108206555247307, 0.0137099027633667, 0.05013572797179222, 0.07295282185077667, -0.029740961268544197, 0.017395149916410446, -0.06601110100746155, 0.08497870713472366, 0.10642895847558975, -0.06801733374595642, 0.0014754713047295809, 0.0008603124297223985, 0.04737159237265587, -0.16330617666244507, 0.05280046910047531, 0.08549298346042633, -0.019931631162762642, 0.03706792742013931, 0.004199128597974777, -0.05902167409658432, -0.06468945741653442, -0.05064421147108078, 0.0019315407844260335, 0.034269340336322784, -0.0039015389047563076, 0.008854585699737072, 0.0257691852748394, 0.0470912791788578, -0.023119555786252022, 0.02514161728322506, 0.06869379431009293, -0.023697230964899063, -0.016455017030239105, 0.02743540331721306, -0.02280278131365776, 0.06371954828500748, 0.04884551838040352, 0.11237423121929169, 0.06939858198165894, -0.06997020542621613, 0.04702543839812279, 0.012432013638317585, -0.0058914897963404655, -0.03628936782479286, 0.10105269402265549, -0.03340036794543266, -0.06031634286046028, -0.10015639662742615, 0.02521791309118271, -0.022272583097219467, 0.04784538224339485, -0.03697766736149788, -0.03064030408859253, -0.012645709328353405, 0.08455448597669601, -0.07330664247274399, -0.05604841560125351, -0.01699168048799038, -0.08665105700492859, -0.010086671449244022, -0.0722489058971405, 0.05403733253479004, 0.06477337330579758, -0.06039249151945114, 0.009038195013999939, 0.07948984205722809, -0.0362825021147728, 0.011599150486290455, -0.01920730620622635, -0.023294802755117416, -0.005001417361199856, 0.0006632712902501225, 0.001506419968791306, -0.09014461934566498, 0.039354726672172546, -0.029763663187623024, -0.055024512112140656, -0.036424487829208374, 0.0427694134414196, -0.0257673729211092, -0.05006541684269905, -0.010263986885547638, 0.02546166628599167, -0.005133470520377159, 0.08036407828330994, -0.034132715314626694, 0.08911548554897308, 0.0030204898212105036, -0.03846450522542, -0.036196768283843994, 0.009018149226903915, -0.047407593578100204, -0.016082262620329857, -0.04953546077013016, 0.006359740160405636, -0.02192898467183113, 0.03618829324841499, -0.09550392627716064, 0.03532130643725395, 0.05544385686516762, 0.04082043096423149, 0.05349360406398773, 0.016252748668193817, 0.020961888134479523, -0.0995623841881752, 0.05061250552535057, 0.02708970569074154, 0.028809234499931335, 0.03771768882870674, 0.00437850970774889, -0.02936370298266411, 0.07422833144664764, -0.04348871484398842, -0.07083248347043991, 0.045982278883457184, 0.01003037765622139, 0.04362860321998596, -0.031581152230501175, -0.06773747503757477, -0.030711879953742027]"
87,Wikipedia & Web Search for Afghanistan,"y restoring since the early 2000s.
Unexpectedly, tourism has seen improvement in Afghanistan following the Taliban takeover. Active efforts by the Taliban encouraged tourism to increase from 691 tourists in 2021, to 2,300 in 2022, to 5,200 in 2023, with some estimates of between 7,000 and 10,000. This is, however, threatened by the Islamic State – Khorasan Province, who took responsibility for attacks on tourists, such as the 2024 Bamyan shooting.

Communication
Telecommunication services in Afghanistan are provided by Afghan Telecom, Afghan Wireless, Etisalat, MTN Group, and Roshan. The country uses its own space satellite called Afghansat 1, which provides services to millions of phone, in","[-0.029518723487854004, -0.005769231356680393, -0.01633452996611595, -0.0030418140813708305, 0.02330179139971733, 0.00337469344958663, 0.011273817159235477, -0.005022246390581131, -0.0028379790019243956, 0.07472468167543411, 0.0563579760491848, 0.12894491851329803, 0.10004665702581406, 0.00328558636829257, 0.05244190990924835, 0.01893886923789978, 0.04433722794055939, -0.03730122745037079, -0.03132031485438347, -0.05102355405688286, -0.08583994954824448, -0.08586527407169342, 0.06782512366771698, 0.035233527421951294, 0.06647789478302002, -0.0555918887257576, -0.014387271367013454, -0.05611921474337578, -0.009747562929987907, -0.019165828824043274, -0.050024185329675674, 0.0028542140498757362, -0.007829646579921246, -0.010013588704168797, 0.02818962186574936, 0.10706153512001038, -0.013956206850707531, -0.008280830457806587, 0.05380721390247345, 0.05521965026855469, 0.014635718427598476, 0.03941217064857483, 0.044179823249578476, 0.015027482062578201, 0.038685884326696396, -0.04953978955745697, -0.09312122315168381, 0.014929248951375484, -0.05576921999454498, 0.11292030662298203, 0.09314645081758499, 0.007375274784862995, -0.04202359914779663, 0.045062899589538574, -0.04904754087328911, -0.09186361730098724, -0.12317489087581635, 0.05675748735666275, 0.034283265471458435, 0.03480040282011032, -0.02694857306778431, -0.019099608063697815, -0.025687305256724358, 0.005233610048890114, -0.08944116532802582, -0.005363116506487131, -0.03927024453878403, -0.041901830583810806, 0.030651971697807312, 0.01680406741797924, 0.009660003706812859, 0.025863461196422577, -0.03927842527627945, -0.03261521831154823, -0.06293186545372009, -0.1140611320734024, -0.017584197223186493, 0.10903384536504745, -0.014948324300348759, -0.021110899746418, 0.11042476445436478, -0.02557513862848282, 0.03685201704502106, -0.05302722379565239, 0.018116965889930725, -0.02522924169898033, -0.04797961190342903, -0.02175898849964142, -0.025178799405694008, -0.006894134450703859, 0.06739139556884766, 0.12393923848867416, -0.02984546683728695, 0.03109746426343918, -0.03888528794050217, 0.06273167580366135, 0.01903759315609932, -0.016032088547945023, 0.0065815937705338, 0.009482357650995255, 0.07733932882547379, 0.0016841301694512367, 0.07435102015733719, -0.006773050408810377, -0.07564839720726013, -0.009245476685464382, 0.006254890002310276, -0.01982327736914158, -0.08028001338243484, 0.06816867738962173, -0.04108190909028053, -0.04370115324854851, -0.033888787031173706, 0.009888928383588791, 0.008904349990189075, -0.007258446421474218, -0.020238326862454414, -0.0028378465212881565, -0.00777875492349267, -0.04261245205998421, 0.01692015677690506, 0.02996620535850525, 0.07142273336648941, -0.012806638143956661, -0.04968951642513275, 0.02370472438633442, 0.08903098851442337, 0.07418094575405121, -0.08546487241983414, -0.005495082587003708, -0.022565677762031555, 0.06619078665971756, -0.10809259116649628, -0.042018823325634, -0.06771552562713623, -0.07985729724168777, -0.0410769023001194, -0.06044508144259453, -0.06852076202630997, -0.05661221593618393, -0.008755883201956749, 0.07616475224494934, 0.10126899927854538, -0.022564271464943886, -0.01017005741596222, 0.052690163254737854, 0.051072798669338226, -0.026337485760450363, -0.02409469336271286, -0.038819361478090286, 0.025225713849067688, -0.05391005426645279, 0.018766557797789574, -0.04602504149079323, 0.045355044305324554, 0.0032664835453033447, 0.004733018111437559, 0.0007922702934592962, 0.06421161442995071, 0.00026510076713748276, 0.004750219639390707, -0.06993196904659271, -0.007830659858882427, -0.020122652873396873, -0.04957163333892822, -0.03740299865603447, -0.0462336540222168, -0.013248950242996216, -0.01322975754737854, 0.04783393070101738, -0.08258656412363052, -0.03615136444568634, 0.04162940755486488, 0.06886519491672516, 0.06251008808612823, -0.010909643024206161, -0.06429532915353775, 0.007155548315495253, -0.035248734056949615, 0.014462249353528023, -0.027598505839705467, -0.01776856929063797, -0.025550056248903275, 0.11165136843919754, 0.03274286538362503, -0.050713907927274704, -0.015951761975884438, 0.0041532572358846664, 0.10328401625156403, -0.022816067561507225, -0.024025607854127884, -0.049159418791532516, 0.03012816421687603, -0.058946143835783005, 0.10685507208108902, 0.0522477887570858, 0.009666346944868565, 0.04891524091362953, 0.009767446666955948, -0.006921690888702869, -0.05192025750875473, -0.04354497790336609, -0.029439294710755348, -0.015007104724645615, 0.04652487114071846, 0.0854862853884697, 0.10539673268795013, 0.03926701843738556, -0.0013371686218306422, 0.0175882987678051, 0.07572302967309952, 0.025752369314432144, 0.015570479445159435, 0.07017093896865845, 0.054080720990896225, -0.0648820623755455, -0.08898879587650299, 0.03505260869860649, 0.04664183035492897, 0.14253011345863342, -0.03925784304738045, 0.032975681126117706, 0.035624872893095016, -0.03843020275235176, 0.020557386800646782, 0.038739465177059174, 0.03939146175980568, 0.004414145369082689, -0.06783521175384521, 0.00046339156688190997, 0.006653061136603355, 0.0015140114119276404, 0.025553621351718903, 0.05181778594851494, -0.05098430812358856, -0.010985281318426132, -0.007770697586238384, 0.06163240224123001, 0.018937116488814354, -0.05747583881020546, 0.02644636295735836, 0.041211556643247604, -0.007557399570941925, -0.05956868827342987, 0.04792404919862747, -0.010800091549754143, -0.01037808321416378, 0.0056078433990478516, -0.025627823546528816, -0.041491929441690445, 0.00942604336887598, -0.049951933324337006, 0.009231200441718102, -0.05180177092552185, 0.09244803339242935, -0.019514484331011772, -0.027579523622989655, 0.057843420654535294, 0.029205655679106712, 0.09923447668552399, 0.0440199188888073, 0.03600606694817543, -0.060545191168785095, 0.04630665108561516, 0.09352818131446838, -0.0048095667734742165, -0.026897341012954712, -0.05792299285531044, 0.026528170332312584, 0.055676475167274475, 0.07862892001867294, 0.03967853635549545, -0.021894460543990135, -0.11024298518896103, 0.07063698768615723, 0.04051606357097626, -0.13948561251163483, 0.006622786168009043, 0.020468944683670998, 0.02975512482225895, -0.026409901678562164, -0.018276482820510864, 0.0685776025056839, -0.04354725033044815, -0.10328531265258789, -0.05980626121163368, -0.060026999562978745, 0.021775903180241585, -0.07975208759307861, 0.01124115101993084, 0.0546274296939373, -0.08196186274290085, -0.020549403503537178, 0.01140347309410572, 0.06521283835172653, 0.025998996570706367, -0.08390317112207413, -0.014356532134115696, 0.003713691607117653, 0.05613004416227341, 0.10735864192247391, 0.0640927329659462, -0.02015082538127899, -0.028341246768832207, -0.03728995472192764, 0.10468432307243347, -0.040744949132204056, -0.06744085997343063, 0.06626605987548828, -0.04402383044362068, -0.0021238476037979126, -0.14416316151618958, -0.06490394473075867, -0.050809357315301895, 0.002223673742264509, 0.01995721459388733, -0.02218097262084484, -0.048627883195877075, 0.00089868507348001, -0.06018273904919624, -0.08008140325546265, 0.03395938500761986, -0.0486772246658802, 0.03843897581100464, -0.002521276706829667, 0.08317609131336212, 0.06199580803513527, 0.015417942777276039, -0.02124483324587345, -0.005363842472434044, 0.007055740337818861, 0.0771520733833313, 0.016594327986240387, 0.024824367836117744, -0.06701435893774033, 0.011379658244550228, -0.12943919003009796, -0.04643520340323448, 0.03421479091048241, 0.014206157065927982, 0.09217343479394913, 0.06395786255598068, 0.02184680849313736, 0.021724287420511246, 0.011638928204774857, 0.040450938045978546, 0.06988825649023056, 0.042695052921772, 0.02221550978720188, -0.04309052601456642, 0.004400302190333605, -0.07186998426914215, 0.013117758557200432, -0.015974897891283035, -0.015247156843543053, -0.05152247101068497, -0.05568184703588486, 0.029908036813139915, 0.02957862615585327, -0.009749626740813255, -0.06011305749416351, -0.04765715077519417, 0.03681187704205513, 0.06090939790010452, -0.0090553043410182, -0.018986739218235016, 0.018024517223238945, -0.016354989260435104, -0.041763536632061005, 0.0005173776880837977, 0.0836673304438591, -0.06291680037975311, -0.002910786774009466, -0.053609699010849, 0.020715977996587753, -0.0663323700428009, -0.03224725276231766, 0.012037265114486217, -0.03587460517883301, -0.031702086329460144, -0.021909989416599274, -0.02385387197136879, -0.07238837331533432, 0.005764019675552845]"
88,Wikipedia & Web Search for Afghanistan,"ternet, and television subscribers. By 2001 following years of civil war, telecommunications was virtually a non-existent sector, but by 2016 it had grown to a $2 billion industry, with 22 million mobile phone subscribers and 5 million internet users. The sector employs at least 120,000 people nationwide.

Transportation
Due to Afghanistan's geography, transport between various parts of the country has historically been difficult. The backbone of Afghanistan's road network is Highway 1, often called the ""Ring Road"", which extends for 2,210 kilometres (1,370 mi) and connects five major cities: Kabul, Ghazni, Kandahar, Herat and Mazar-i-Sharif, with spurs to Kunduz and Jalalabad and various bo","[0.025307152420282364, -0.04435434564948082, 0.00634452560916543, -0.04716489464044571, -0.0015124393394216895, 0.009886322543025017, -0.04348889738321304, 0.03816085308790207, 0.006061201449483633, 0.037716012448072433, 0.05193733423948288, 0.09456664323806763, 0.04236840829253197, -0.046659696847200394, -0.0058464049361646175, -0.0014980991836637259, -0.013908264227211475, -0.10141255706548691, 0.006626839283853769, -0.03771118074655533, -0.05493040382862091, -0.11342523992061615, 0.035982582718133926, -0.07861826568841934, 0.11533705145120621, -0.02713967300951481, -0.03209833428263664, -0.01600905880331993, -0.040984101593494415, -0.02785128355026245, -0.00016924615192692727, 0.054777514189481735, -0.005276443902403116, 0.04973911866545677, -0.016417324542999268, -0.013664698228240013, 0.03750533610582352, 0.028588706627488136, 0.0017297707963734865, 0.015563557855784893, 0.08525554835796356, -0.02739776484668255, 0.018863163888454437, 0.0030587564688175917, 0.013423620723187923, -0.017123857513070107, -0.0334935300052166, -0.01171474251896143, 0.027615362778306007, 0.004006631672382355, 0.05937494710087776, 0.09728153049945831, 0.004338722676038742, 0.10208942741155624, -0.012394744902849197, -0.04336142912507057, -0.06136849522590637, 0.09830695390701294, -0.020154960453510284, 0.05404597893357277, -0.012623481452465057, -0.041148629039525986, -0.005907319486141205, -0.0026551811024546623, -0.07008296996355057, 0.003440219210460782, 0.023090627044439316, -0.02763543650507927, -0.05982232466340065, -0.04019755497574806, 0.009344663470983505, -0.038047440350055695, -0.048007331788539886, 0.03589692339301109, -0.07744794338941574, -0.05143864452838898, 0.0009322554105892777, 0.11979691684246063, 0.08795241266489029, 0.0285358689725399, 0.0829010084271431, 0.038079310208559036, 0.043116744607686996, -0.003553696908056736, -0.03309604153037071, -0.01589873433113098, -0.08885981887578964, 0.016366923227906227, -0.03802300989627838, -0.07675047218799591, 0.012355656363070011, 0.11821960657835007, 0.019081169739365578, 0.04954512044787407, 0.05839618667960167, 0.04756630212068558, 0.03383679315447807, -0.03253046050667763, -0.038105789572000504, -0.0013693980872631073, 0.06658639013767242, -0.017133742570877075, 0.054716963320970535, 0.05059249699115753, -0.012399706058204174, 0.05185692384839058, -0.01835712604224682, -0.03776317089796066, -0.05013822019100189, 0.01211151760071516, -0.0036347603891044855, -0.015965795144438744, -0.09442386031150818, 0.021377746015787125, 0.023813312873244286, -0.07485383749008179, -0.001040532486513257, 0.0524948388338089, 0.05815998837351799, 0.011693684384226799, -0.05800763890147209, -0.023952994495630264, 0.042271923273801804, -0.005357862450182438, 0.007743330672383308, 0.01910872384905815, 0.07283388823270798, 0.03234285116195679, -0.07495830953121185, 0.007437584456056356, -0.04309443384408951, 0.04989165812730789, -0.14665094017982483, 0.009304514154791832, -0.021701499819755554, -0.0255284421145916, 0.019316406920552254, -0.06951654702425003, -0.11805551499128342, 0.024681713432073593, -0.0381707139313221, 0.036265671253204346, 0.16399824619293213, 0.02814214862883091, -0.03650244325399399, 0.0685029849410057, 0.05292258784174919, -0.05983584001660347, -0.034955814480781555, -0.0432831235229969, 0.049747783690690994, -0.09423551708459854, 0.03855866193771362, -0.10232572257518768, 0.02250843122601509, -0.05560031905770302, 0.08251450210809708, 0.029724132269620895, 0.06065474823117256, 0.003693470498546958, -0.0017141887219622731, -0.036793302744627, 0.00907049048691988, -0.01733764447271824, -0.010111075825989246, -0.011064221151173115, -0.07711869478225708, -0.04671815410256386, -0.029689844697713852, -0.001584753394126892, -0.0386701263487339, -0.048271141946315765, 0.024442240595817566, 0.001315488712862134, 0.015182598493993282, 0.02241520769894123, -0.09908977150917053, 0.037781596183776855, -0.03690579906105995, 0.042093534022569656, -0.02533554472029209, -0.05019098147749901, 0.025681251659989357, 0.035413987934589386, -0.003862574230879545, -0.07958178967237473, -0.00803507398813963, 0.09428440034389496, -0.025497766211628914, -0.040251731872558594, 0.0010931473225355148, 0.03806118294596672, 0.08898492157459259, -0.026844019070267677, -0.02028477005660534, -0.03828961402177811, 0.05447658523917198, 0.07900988310575485, -0.00465673953294754, -0.070048488676548, -0.04244791716337204, 0.015530991367995739, -0.0709102526307106, -0.013443777337670326, -0.0025657417718321085, 0.007574624381959438, 0.006703576538711786, 0.04992322251200676, 0.017935866490006447, 0.05289769172668457, 0.09530864655971527, -0.03875983506441116, 0.005081824492663145, 0.07327623665332794, 0.038817763328552246, -0.08904654532670975, -0.08557788282632828, 0.036741048097610474, 0.008402674458920956, 0.11963838338851929, -0.09272632747888565, 0.06606882810592651, 0.03368161991238594, -0.02558545395731926, -0.08692241460084915, 0.007430778816342354, -0.03264296054840088, 0.04812437668442726, -0.010690399445593357, -0.017629243433475494, 0.046896763145923615, 0.01685306616127491, 0.025484217330813408, 0.11156962811946869, -0.01874173991382122, 0.006378453224897385, 0.010555699467658997, 0.047570884227752686, -0.03471365198493004, -0.033666692674160004, 0.04824887588620186, -0.02757546305656433, 0.027746491134166718, -0.03501518815755844, 0.015753967687487602, -0.0900593027472496, -0.05525844171643257, 0.034427717328071594, 0.0029290555976331234, -0.011327506974339485, -0.06521976739168167, -0.0594550259411335, -0.06100884824991226, -0.01419127732515335, 0.07437311857938766, -0.0618501752614975, 0.0035132707562297583, 0.04422881826758385, 0.09635576605796814, 0.04773915931582451, 0.05875587463378906, 0.013351455330848694, 0.033959388732910156, -0.016372719779610634, 0.046448372304439545, -0.010918021202087402, -0.05617213621735573, -0.020482463762164116, -0.0017915385542437434, 0.00933124776929617, -0.00839229952543974, 0.03409010171890259, -0.05698182061314583, -0.08993475139141083, 0.11075246334075928, 0.07491573691368103, -0.005003573838621378, -0.020966336131095886, 0.0623631589114666, -0.011534662917256355, 0.0033817607909440994, 0.0613052137196064, 0.06458556652069092, -0.03850439935922623, -0.0009672457235865295, -0.025474874302744865, -0.03693365305662155, 0.043117836117744446, -0.040427666157484055, 0.024235209450125694, 0.07813972979784012, -0.051123373210430145, -0.018944023177027702, 0.056544575840234756, 0.011920846998691559, 0.003395743202418089, -0.01596040092408657, -0.011203606612980366, -0.03334458917379379, 0.0793956071138382, 0.03150956332683563, 0.06755565851926804, -0.11107178032398224, 0.021303849294781685, -0.007380756549537182, 0.11046835035085678, 0.0021630346309393644, -0.13729406893253326, 0.014944076538085938, -0.017204513773322105, 0.07014568895101547, -0.06825707107782364, -0.055032528936862946, -0.013376803137362003, 0.034588612616062164, 0.06793010234832764, -0.10305603593587875, 0.020486531779170036, 0.01910281553864479, -0.05604364350438118, -0.02871735207736492, 0.0035521844401955605, -0.03235276788473129, -0.03471710905432701, -0.03534592315554619, 0.09614639729261398, 0.08614473044872284, -0.022250831127166748, -0.010411570779979229, 0.028917791321873665, 0.022195428609848022, 0.04460880532860756, -0.0915144830942154, 0.09303626418113708, -0.03837495297193527, 0.0168581735342741, -0.11224693059921265, -0.03923548385500908, 0.011888145469129086, 0.016382984817028046, 0.12294077128171921, 0.02344912476837635, -0.05128857120871544, 0.06498056650161743, 0.06424308568239212, 0.06367885321378708, 0.04541438817977905, 0.04955247789621353, 0.03658094257116318, -0.02143397554755211, -0.0019927171524614096, -0.07070838660001755, -0.027647318318486214, -0.0032073729671537876, -0.08849189430475235, 0.02854284644126892, -0.041611433029174805, -0.011326996609568596, -0.022200465202331543, -0.04375515133142471, -0.024684403091669083, -0.021045368164777756, 0.058664947748184204, 0.016897715628147125, 0.06535355746746063, -0.0152241550385952, -0.03814155235886574, -0.03845647722482681, 0.033073246479034424, -0.023895781487226486, 0.09667494148015976, -0.0233527272939682, 0.024762801826000214, -0.0338437482714653, -0.0019093125592917204, -0.0771503895521164, -0.012891007587313652, -0.007234726566821337, -0.05783259868621826, -0.054770130664110184, -0.0875384733080864, -0.0346449613571167, 0.01216890849173069, -0.04379534721374512]"
89,Wikipedia & Web Search for Afghanistan,"rder crossings, while skirting around the mountains of the Hindu Kush.
The Ring Road is crucially important for domestic and international trade and the economy. A key portion of the Ring Road is the Salang Tunnel, completed in 1964, which facilitates travel through the Hindu Kush mountain range and connects northern and southern Afghanistan. It is the only land route that connects Central Asia to the Indian subcontinent. Several mountain passes allow travel between the Hindu Kush in other areas. Serious traffic accidents are common on Afghan roads and highways, particularly on the Kabul–Kandahar and the Kabul–Jalalabad Road. Traveling by bus in Afghanistan remains dangerous due to militant ","[0.04268503189086914, -0.05928833782672882, -0.005898608360439539, -0.041089363396167755, -0.022986989468336105, 0.01800362579524517, -0.01787037029862404, -0.04827746003866196, 0.012912677600979805, -0.04973537102341652, 0.013821576721966267, -0.020852701738476753, 0.020706305280327797, -0.06355307251214981, 0.02159387432038784, -0.0018444671295583248, -0.0017484939889982343, -0.03134840726852417, 0.05666061490774155, -0.08356192708015442, -0.08627934753894806, -0.0068669673055410385, -0.016937555745244026, 0.014778617769479752, -0.06870730966329575, -0.032053109258413315, 0.12104183435440063, -0.011197630316019058, 0.021449191495776176, -0.015507707372307777, -0.0065828487277030945, 0.02233772538602352, -0.0269875917583704, 0.09055811911821365, -0.049621183425188065, 0.020886322483420372, 0.018690751865506172, 0.04793643206357956, 0.10811660438776016, -0.0357901006937027, 0.026869455352425575, -0.02239111065864563, 0.12910351157188416, -0.006191502790898085, 0.0694834291934967, 0.04077576473355293, 0.0011655323905870318, -0.01896432787179947, -0.009375068359076977, -0.03015855699777603, 0.02431979402899742, 0.07217607647180557, -0.06651321798563004, 0.011464133858680725, 0.01360063161700964, 0.03265545517206192, 0.03811578080058098, 0.09659814834594727, -0.03227126598358154, 0.02692076563835144, 0.022460119798779488, -0.025183377787470818, 0.002800973365083337, -0.03404444828629494, -0.09301232546567917, -0.042610231786966324, 0.10140267759561539, -0.08462296426296234, -0.028010152280330658, -0.037767715752124786, -0.10353010147809982, 0.02717101201415062, -0.06011191010475159, -0.09697258472442627, -0.0011227955110371113, -0.04481356963515282, -0.102742500603199, 0.10720736533403397, -0.05041287839412689, -0.03746809437870979, 0.026346204802393913, 0.04145551845431328, 0.030553853139281273, 0.051427822560071945, -0.0065513355657458305, 0.0022365464828908443, -0.04562310501933098, -0.00513098668307066, -0.0031119552440941334, -0.00426751933991909, 0.09064138680696487, 0.014279953204095364, 0.004913912154734135, 0.08148016035556793, 0.01890987902879715, 0.015773791819810867, 0.0013519144849851727, -0.017009392380714417, 0.03213981166481972, 0.00018532178364694118, -0.005906874779611826, 0.00832623615860939, -0.040658045560121536, -0.004105315078049898, 0.04186857119202614, 0.06832151859998703, -0.04258997365832329, -0.06684254109859467, -0.05972263962030411, 0.021657001227140427, 0.06504417955875397, 0.01958352141082287, -0.005819504149258137, -0.025289442390203476, -0.05954589322209358, -0.004808845464140177, -0.03456084430217743, 0.06936125457286835, -0.009231255389750004, 0.05529884248971939, -0.07689062505960464, -0.05460124835371971, -0.03349027782678604, 0.06205865740776062, 0.03536956012248993, -0.08589789271354675, 0.04244498908519745, 0.048028767108917236, 0.00980865117162466, -0.05056492239236832, -0.00559062696993351, 0.019971685484051704, -0.11079751700162888, -0.02378782629966736, -0.06723349541425705, -0.019065357744693756, 0.003248685970902443, -0.05344294756650925, -0.0140357855707407, -0.04171410948038101, -0.0786178857088089, -0.044782839715480804, 0.1104990616440773, -0.03826348856091499, 0.0033811491448432207, -0.0657033920288086, -0.036744944751262665, -0.04839324578642845, 0.0319460965692997, -0.1034279316663742, 0.04718605801463127, -0.03200620785355568, 0.08148498833179474, 0.04598521068692207, 0.053976841270923615, 0.045469511300325394, 0.06376253068447113, 0.017366841435432434, 0.04648835211992264, 0.026583867147564888, -0.05574645847082138, 0.051827751100063324, -0.02903612330555916, 0.06596607714891434, -0.07226607203483582, -0.038648176938295364, -0.10282935202121735, -0.026866797357797623, -0.022604122757911682, -0.05984919145703316, -0.14001230895519257, -0.029069529846310616, 0.06763676553964615, 0.0212036594748497, 0.00280628795735538, 0.0454910583794117, -0.027979906648397446, 0.0648738220334053, -0.09122158586978912, 0.03414151445031166, -0.028684506192803383, -0.03099728375673294, 0.011633731424808502, 0.015431789681315422, 0.04720302298665047, -0.038973916321992874, -0.03738624230027199, 0.0780487060546875, -0.006553589832037687, -0.035392098128795624, -0.00041934094042517245, 0.029378656297922134, 0.008642582222819328, -0.014332389459013939, 0.037413716316223145, -0.03629612177610397, -0.014574640430510044, 0.0494716577231884, 0.07720828801393509, -0.010321857407689095, -0.05719076842069626, 0.023579338565468788, -0.024268748238682747, -0.0936371237039566, -0.05347486585378647, 0.0003071656683459878, 0.04747115820646286, -0.04973461106419563, -0.03500977158546448, 0.08470716327428818, 0.05223626270890236, -0.009584352374076843, 0.04922632500529289, -0.012583457864820957, 0.03744737058877945, -0.04128650575876236, -0.02117055095732212, -0.05335518717765808, -0.060165680944919586, 0.0808286964893341, -0.06272168457508087, -0.001933701685629785, 0.04491749405860901, -0.03829488903284073, -0.0509064681828022, -0.039898015558719635, 0.0026919981464743614, 0.10464151203632355, -0.023468373343348503, -8.779077688814141e-06, 0.04278920963406563, 0.01578749716281891, 0.03896144777536392, 0.14353148639202118, -0.0761854276061058, 0.034067537635564804, 0.06948697566986084, 0.051672354340553284, 0.08686542510986328, -0.142127126455307, 0.06879162043333054, -0.002181391464546323, -0.01254657655954361, -0.0069722202606499195, 0.010343268513679504, -0.048566725105047226, -0.019307000562548637, 0.044376976788043976, -0.05151532590389252, 0.0744272992014885, -0.15560555458068848, -0.06339304149150848, -0.0567520372569561, 0.03244911506772041, 0.014080438762903214, -0.04708739370107651, -0.02846815250813961, 0.04696909710764885, -0.040107641369104385, -0.023470645770430565, -0.008876565843820572, -0.002972872694954276, -0.02267901971936226, 0.04514363408088684, 0.026829054579138756, -0.034585628658533096, 0.08287514001131058, -0.031569384038448334, -0.0005955452797934413, -0.017070822417736053, 0.006249359808862209, 0.09400394558906555, 0.0006117147277109325, -0.04390018805861473, 0.09440279006958008, 0.12131598591804504, 0.038538865745067596, -0.024481186643242836, -0.008108659647405148, 0.13056443631649017, -0.010857551358640194, 0.005662498530000448, 0.03578438237309456, -0.05387314781546593, 0.03708697482943535, -0.033150576055049896, 0.018917258828878403, 0.03416617214679718, 0.01661590114235878, -0.009095932357013226, 0.05662297457456589, -0.029123378917574883, 0.04722726717591286, 0.0412776954472065, 0.04450046643614769, 0.021029993891716003, -0.01220505777746439, -0.00280344532802701, 0.05209804326295853, 0.028839830309152603, 0.05907852202653885, 0.09700869023799896, -0.005332203581929207, -0.030799703672528267, -0.04622596129775047, 0.0501977875828743, 0.02369138039648533, 0.016938170418143272, 0.006483865436166525, 0.008465207181870937, -0.11092691868543625, -0.14338958263397217, 0.026811812072992325, 0.02376643195748329, -0.033463772386312485, 0.03969423472881317, -0.02640106901526451, -0.007424125913530588, 0.05940737575292587, -0.055254317820072174, -0.0327356718480587, -0.02555115707218647, -0.15512551367282867, 0.019842738285660744, -0.06183188408613205, -0.0014949244214221835, 0.03365977481007576, -0.008314698934555054, 0.03423153981566429, 0.055775970220565796, -0.02266569808125496, 0.10153588652610779, -0.04633743315935135, 0.05204861983656883, -0.0440639890730381, 0.013279999606311321, -0.02303990162909031, -0.05926696956157684, -0.019041458144783974, -0.022561341524124146, 0.041104886680841446, -0.03110368922352791, 0.018413009122014046, -0.01197405718266964, 0.004885748494416475, 0.013305851258337498, -0.06697458773851395, 0.054552026093006134, 0.05872543901205063, -0.047267280519008636, 0.01547534205019474, -0.02291080169379711, 0.04615209996700287, 0.03053659200668335, -0.007626260630786419, 0.0539085790514946, 0.05562781170010567, 0.07521627843379974, 0.1061023697257042, 0.05284349247813225, 0.03333120793104172, -0.0461609847843647, 0.0008631005766801536, 0.04258427396416664, 0.03606085851788521, -0.005992004182189703, -0.06043223291635513, -0.015071908943355083, -0.05653968080878258, 0.03655426949262619, -0.02960433065891266, -0.06340167671442032, -0.028273064643144608, -0.04979819059371948, 0.03113744780421257, 0.04546734690666199, -0.02277871035039425, -0.08291181921958923, 0.006188158877193928, 0.05381891503930092, -0.004747628699988127, 0.04403333738446236, -0.024995513260364532, 0.03367765247821808]"
90,Wikipedia & Web Search for Afghanistan,"activities.

Air transport in Afghanistan is provided by the national carrier, Ariana Afghan Airlines, and by the private company Kam Air. Airlines from a number of countries also provide flights in and out of the country. These include Air India, Emirates, Gulf Air, Iran Aseman Airlines, Pakistan International Airlines, and Turkish Airlines. The country has four international airports: Kabul International Airport (formerly Hamid Karzai International Airport), Kandahar International Airport, Herat International Airport, and Mazar-e Sharif International Airport. Including domestic airports, there are 43. Bagram Air Base is a major military airfield.
The country has three rail links: one, a 75","[0.060053836554288864, -0.048639532178640366, -0.01648905500769615, 0.03358529508113861, 0.00742054358124733, 0.005600634030997753, 0.05579232797026634, -0.01758943498134613, 0.00010201328404946253, -9.052638779394329e-05, -0.04567360132932663, 0.051228754222393036, -0.019030995666980743, -0.04325241222977638, 0.03806363418698311, 0.07965697348117828, -0.006900550331920385, -0.05177214741706848, -0.024471577256917953, -0.12377093732357025, 0.02205570787191391, 0.010504771955311298, -0.02965022437274456, -0.025512799620628357, 0.017944389954209328, -0.03693250194191933, 0.020152520388364792, -0.01284200232475996, -0.010040572844445705, -0.014968650415539742, 0.05171685293316841, -0.020613938570022583, 0.010351458564400673, 0.056767672300338745, -0.01395299844443798, 0.04389337822794914, -0.03300739824771881, 0.05141553282737732, 0.06421870738267899, 0.016623379662632942, 0.06531686335802078, -0.023442532867193222, 0.021215008571743965, 0.01974589191377163, -0.0053084236569702625, 0.024859299883246422, -0.011031133122742176, -0.01071491464972496, 0.021182280033826828, 0.049402348697185516, 0.05798676237463951, 0.055013418197631836, -0.04920858517289162, 0.037547141313552856, -0.06643054634332657, -0.07431882619857788, 0.00549435755237937, 0.00016093185695353895, -0.026851730421185493, -0.02271593175828457, -0.059013109654188156, -0.01704123616218567, -0.03976010903716087, -0.001541889039799571, -0.14325883984565735, -0.05978178605437279, 0.06421057879924774, -0.035307932645082474, 0.008478750474750996, -0.09054175019264221, -0.02196754887700081, -0.0038721486926078796, -0.005439844448119402, -0.012271926738321781, -0.02325684390962124, 0.016899634152650833, 0.014679442159831524, 0.03433975577354431, 0.06466268748044968, 0.0797230675816536, 0.06990426033735275, -0.013905606232583523, 0.06152849271893501, 0.019208010286092758, -0.011361092329025269, -0.05326617881655693, -0.07083649933338165, 0.02192583680152893, -0.018138932064175606, -0.07151943445205688, 0.06429194658994675, 0.008210552856326103, 0.004325310233980417, 0.15322236716747284, 0.054383840411901474, 0.031912632286548615, 0.06689032167196274, -0.012111339718103409, -0.07584965974092484, -0.01113805826753378, 0.12858228385448456, 0.06638313084840775, 0.004511410836130381, 0.05406160652637482, -0.061621908098459244, 0.053482308983802795, 0.006978833116590977, -0.08597004413604736, -0.0360427051782608, -0.06067775934934616, -0.08243201673030853, 0.012856029905378819, -0.08582048118114471, -0.08466391265392303, -0.122476726770401, 0.02675459161400795, 0.01851782202720642, 0.04371515288949013, -0.052997659891843796, -0.0875067263841629, -0.13971850275993347, -0.046276748180389404, 0.0964503362774849, 0.03777940943837166, 0.057636454701423645, -0.018502799794077873, -0.016013910993933678, -0.004752457607537508, -0.02040056698024273, -0.0622585192322731, -0.02709413319826126, 0.032153673470020294, -0.14887644350528717, -0.013361560180783272, 0.023856323212385178, -0.045166123658418655, 0.0393347293138504, -0.06432835012674332, -0.062001604586839676, 0.03799097612500191, -0.01953769661486149, -0.02324483171105385, 0.10934565961360931, -0.006986522581428289, -0.02721412479877472, 0.053571514785289764, 0.057225048542022705, -0.02605460397899151, -0.039606060832738876, -0.07743411511182785, -0.011034470982849598, -0.06825985014438629, -0.0014485863503068686, -0.012870182283222675, 0.04099777713418007, -0.012217868119478226, -0.015885503962635994, 0.050136007368564606, 0.06709320098161697, -0.0004191159678157419, -0.06118391826748848, -0.06502437591552734, -0.04408012703061104, 0.022009966894984245, -0.13492774963378906, 0.01233476772904396, -0.10547357052564621, 0.024449719116091728, 0.030772395431995392, -0.03059414215385914, -0.12999975681304932, -0.022358952090144157, 0.05615822598338127, 0.0015403316356241703, -0.024923333898186684, 0.042355313897132874, -0.0011764595983549953, -0.01041787676513195, 0.005996663589030504, -0.005212917923927307, -0.0019191550090909004, -0.042427707463502884, 0.018237311393022537, 0.0766516625881195, 0.045137032866477966, 0.007866309955716133, 0.05196460708975792, 0.05195387080311775, 0.021421121433377266, -0.01753968372941017, -0.05224050208926201, 0.06082744896411896, 0.04005493223667145, -0.07613252103328705, 0.03357503190636635, -0.02550438418984413, -0.010406614281237125, 0.06872457265853882, 0.03347516804933548, 0.016937946900725365, 0.04822835698723793, 0.09392521530389786, -0.06478302925825119, -0.028092095628380775, -0.03670209273695946, 0.037759020924568176, -0.03197517246007919, 0.040131937712430954, 0.0211628545075655, 0.007771463133394718, 0.10031533241271973, 0.04059644415974617, -0.03195139020681381, 0.019311200827360153, -0.003564979415386915, 0.011758783832192421, -0.060988977551460266, 0.019370578229427338, -0.06673812121152878, 0.07406643778085709, -0.06300949305295944, 0.014914301224052906, 0.05796240642666817, 0.013780749402940273, 0.015361791476607323, -0.0895642340183258, -0.03364136442542076, -0.014349682256579399, -0.05364534631371498, 0.044423069804906845, 0.0362083800137043, -0.042107973247766495, 0.03660803660750389, 0.08490614593029022, -0.018821651116013527, -0.02257390506565571, 0.039720650762319565, 0.030086413025856018, 0.036814190447330475, -0.04906691610813141, -0.01600605994462967, -0.01699688285589218, -0.01824376918375492, 0.018656017258763313, -0.0023059032391756773, 0.021962974220514297, 0.03380170091986656, 0.007874329574406147, -0.05102362856268883, 0.019201600924134254, -0.019044926390051842, 0.03733526170253754, -0.019993456080555916, -0.011428125202655792, 0.016095999628305435, 0.005933263339102268, -0.002539070090278983, 0.14549775421619415, 0.06886579096317291, -0.05609719455242157, -0.004002000670880079, 0.08655130118131638, 0.024736322462558746, 0.06931304186582565, 0.07352029532194138, 0.027257364243268967, 0.04378313943743706, -0.05204462260007858, 0.023324189707636833, -0.027356024831533432, -0.004482861142605543, -0.020006855949759483, -0.005678264424204826, -0.09877821058034897, 0.0367710143327713, 0.0186956524848938, -0.13047511875629425, 0.002354790922254324, 0.07242190092802048, 0.08466564863920212, -0.0014573470689356327, -0.003194560995325446, 0.07148485630750656, -0.10312415659427643, -0.02386391907930374, -0.03204390034079552, 0.008718414232134819, 0.01247090008109808, -0.10143256932497025, 0.06295817345380783, 0.04690128564834595, -0.05286719650030136, 0.026332780718803406, 0.025289900600910187, 0.023694660514593124, -0.026547623798251152, -0.04655362665653229, 0.0807299092411995, -0.0008987550972960889, 0.08925345540046692, 0.06810841709375381, 0.01973523013293743, -0.02323945052921772, -0.03475188463926315, 0.01977672055363655, 0.07151137292385101, -0.005440710578113794, -0.08808890730142593, -0.03269572556018829, 0.029719216749072075, 0.004405336920171976, -0.0638338029384613, -0.0548466295003891, -0.11890192329883575, 0.08285299688577652, 0.05141522362828255, 0.02167687751352787, -0.02873379923403263, 0.04142389073967934, -0.0032742226030677557, -0.024664446711540222, -0.04775117337703705, -0.0436834953725338, 0.00649477681145072, -0.08842125535011292, 0.027337366715073586, 0.029232531785964966, -0.01828715391457081, 0.034725118428468704, -0.013801737688481808, 0.009381523355841637, 0.043064627796411514, -0.06514149904251099, 0.08387833088636398, -0.03442000225186348, 0.06300249695777893, -0.07558276504278183, 0.03137144818902016, 0.04899505898356438, 0.03459249064326286, 0.09279370307922363, 0.006610519252717495, -0.00267870188690722, 0.049101173877716064, 0.07073405385017395, 0.07538700103759766, 0.02712567150592804, -0.03695710748434067, 0.15452082455158234, 0.0502200648188591, 0.0232110396027565, -0.015952855348587036, 0.009619182907044888, -0.06352182477712631, -0.04336987063288689, 0.0007929041748866439, -0.023752998560667038, -0.07966694980859756, -0.018907293677330017, 0.0014160865684971213, -0.032406337559223175, -0.026527447625994682, 0.0676778107881546, -0.037739869207143784, 0.042346931993961334, -0.06315674632787704, -0.024273626506328583, -0.06794969737529755, -0.014575649052858353, 0.11112633347511292, 0.003267018124461174, -0.004884960595518351, -0.008223198354244232, -0.035336654633283615, 0.03295468911528587, 0.011821949854493141, -0.004421961028128862, -0.06695488840341568, 0.056847695261240005, -0.05355376377701759, -0.061358626931905746, -0.027846910059452057, -0.02360253408551216, -0.010059691034257412]"
91,Wikipedia & Web Search for Afghanistan,"-kilometre (47 mi) line from Mazar-i-Sharif to the Uzbekistan border; a 10-kilometre (6.2 mi) long line from Toraghundi to the Turkmenistan border (where it continues as part of Turkmen Railways); and a short link from Aqina across the Turkmen border to Kerki, which is planned to be extended further across Afghanistan. These lines are used for freight only and there is no passenger service. A rail line between Khaf, Iran and Herat, western Afghanistan, intended for both freight and passengers, was under construction as of 2019. About 125 kilometres (78 mi) of the line will lie on the Afghan side.
Private vehicle ownership has increased substantially since the early 2000s. Taxis are yellow an","[0.02649896964430809, -0.04511192440986633, 0.00021454703528434038, 0.041042882949113846, 0.03292013332247734, 0.00666532339528203, -0.01172691397368908, -0.03494524955749512, 0.0261023361235857, -0.039044082164764404, 0.025303037837147713, 0.07325954735279083, -0.0215421412140131, -0.04537619650363922, -0.015537247993052006, 0.025938963517546654, 0.02673931233584881, -0.04738893732428551, 0.02410004660487175, -0.07978114485740662, -0.004921355750411749, 0.00968173611909151, -0.06614941358566284, -0.027032693848013878, -0.012572373263537884, -0.055780425667762756, 0.06671476364135742, -0.02398218959569931, 0.0035332515835762024, -0.034790750592947006, -0.0029984277207404375, 0.0018889238126575947, -0.07147029787302017, 0.06364310532808304, 0.04906553775072098, 0.0759131982922554, 0.05494609847664833, 0.011977719143033028, 0.05595765262842178, 0.060076870024204254, 0.06525537371635437, -0.016525892540812492, 0.024420881643891335, 0.04103929549455643, -0.014621746726334095, -0.016394998878240585, -0.03684132173657417, -0.029348600655794144, 0.017158545553684235, 0.04750852286815643, -0.006647507194429636, 0.08019629120826721, -0.06010708212852478, 0.04326245188713074, -0.015837647020816803, -0.05313681438565254, -0.009069944731891155, 0.05330745130777359, -0.09192944318056107, 0.03529021143913269, -0.02345535159111023, 0.01764131523668766, -0.00904858112335205, -0.06291860342025757, -0.14602243900299072, -0.05018409341573715, 0.01346637774258852, -0.03595510870218277, 0.03586363047361374, -0.00656520901247859, -0.12580585479736328, -0.06615294516086578, -0.02254513092339039, -0.040818873792886734, -0.0441821850836277, -0.0012562929186969995, -0.04348086565732956, 0.10643435269594193, -0.02771621197462082, -0.05814872309565544, -0.023115308955311775, -0.01559332013130188, 0.0624944306910038, 7.838199962861836e-05, -0.005127036944031715, -0.004185547586530447, 0.012585378251969814, 0.0519494004547596, 0.0034463871270418167, -0.033555030822753906, 0.0960298702120781, -0.021863281726837158, -0.004051276948302984, 0.08063799887895584, 0.039304133504629135, 0.0229389239102602, -0.03841067850589752, -0.019831454381346703, -0.011129528284072876, -0.027106059715151787, 0.0923144593834877, 0.027527449652552605, 0.015998514369130135, 0.024380624294281006, -0.04946388676762581, 0.09833239763975143, 0.008577609434723854, -0.0049320426769554615, -0.0637870654463768, -0.013430923223495483, -0.018165651708841324, -0.019386980682611465, -0.03345249965786934, -0.04461086913943291, -0.03285016864538193, 0.03255690634250641, -0.022209230810403824, 0.024210980162024498, -0.006268250290304422, 0.05227227881550789, -0.12965795397758484, -0.04352063685655594, 0.06961648166179657, 0.0717664584517479, 0.006680597085505724, -0.048655979335308075, 0.06421198695898056, 0.035450857132673264, 0.017067337408661842, -0.0024090472143143415, 0.020739736035466194, 0.00365509744733572, -0.12905806303024292, 0.06539126485586166, 0.015017149038612843, -0.057297058403491974, -0.035145360976457596, -0.015714606270194054, -0.08623667061328888, -0.04395604878664017, 0.005209075286984444, -0.0005308117251843214, 0.06477612257003784, -0.012043043039739132, 0.008700831793248653, 0.008572126738727093, 0.024771057069301605, 0.07152680307626724, 0.009483927860856056, -0.03236233815550804, 0.01934857666492462, -0.06246930733323097, 0.07243060320615768, -0.06890146434307098, -0.017508629709482193, 0.03071630746126175, 0.031538620591163635, 0.011526521295309067, 0.022023994475603104, 0.005595528986304998, -0.07963931560516357, -0.024826234206557274, -0.12806309759616852, -0.0025944749359041452, -0.041025854647159576, 0.033187299966812134, -0.04875623807311058, -0.0479494109749794, -0.05591397359967232, -0.05515073239803314, -0.025497261434793472, -0.009434803389012814, -0.006560508161783218, 0.04920124635100365, -0.001177142490632832, 0.010172546841204166, -0.049746811389923096, 0.0428343266248703, -0.08533879369497299, 0.05146225914359093, 0.015251029282808304, -0.028686249628663063, -0.058295901864767075, -0.013952387496829033, -0.023380625993013382, -0.0007107504643499851, 0.013164701871573925, 0.06246758624911308, 0.02639511041343212, -0.03514974191784859, 0.009101956151425838, -0.038479339331388474, 0.13622142374515533, -0.0739201009273529, -0.02172986976802349, -0.03819086402654648, 0.08739881217479706, 0.07706062495708466, 0.020172446966171265, -0.07977436482906342, 0.02035798691213131, 0.0946103185415268, -0.04659348353743553, -0.01050125528126955, -0.06437026709318161, -0.013583991676568985, 0.01727907918393612, -0.03707409277558327, -0.05860767140984535, 0.07817631214857101, 0.0768260806798935, 0.0002960455312859267, 0.04396595060825348, 0.007330202963203192, -0.004725877661257982, -0.04922228306531906, -0.02432822622358799, -0.07271331548690796, -0.05697380751371384, 0.10293244570493698, -0.011661800555884838, -0.009745064191520214, 0.06114071607589722, -0.031415846198797226, 0.07885562628507614, 0.016503384336829185, -0.029385291039943695, 0.058662377297878265, -0.012079074047505856, 0.026768537238240242, 0.05837845429778099, 0.03780800849199295, -0.01670750230550766, 0.15250152349472046, -0.04706438630819321, -0.06661226600408554, 0.025755902752280235, -0.021739531308412552, 0.05132066085934639, -0.03166892006993294, 0.06881921738386154, 0.00017099923570640385, 0.08873467147350311, -0.01788940839469433, -0.0036318970378488302, -0.06806991994380951, -0.02445339411497116, 0.006936667952686548, 0.01801295205950737, 0.025661835446953773, 0.035410333424806595, -0.11671075969934464, -0.09882598370313644, 0.07041551917791367, -0.008731216192245483, -0.026004327461123466, -0.06489892303943634, 0.0753382220864296, 0.013501809909939766, -0.06765110045671463, -0.0393935963511467, 0.1270877569913864, 0.042827531695365906, 0.06587685644626617, 0.04178711399435997, 0.014640796929597855, 0.08371125161647797, -0.017656000331044197, 0.08138259500265121, -0.025875750929117203, -0.04399031773209572, -0.00460740877315402, 0.017182251438498497, -0.02478148229420185, 0.06698528677225113, 0.08047205209732056, 0.0332624688744545, -0.024255001917481422, 0.047101691365242004, 0.006467253901064396, -0.0628766417503357, 0.04087946191430092, 0.04178925231099129, -0.11456192284822464, 0.012075943872332573, -0.02064180187880993, 0.03960739076137543, 0.01104222983121872, -0.006121110171079636, 0.009840462356805801, 0.011155413463711739, -0.03462686017155647, 0.028831513598561287, -0.05730031803250313, 0.008633971214294434, 0.04475397244095802, 0.02017318271100521, 0.09459256380796432, 0.023195285350084305, -0.021715477108955383, 0.11741554737091064, 0.03202972933650017, 0.03398043289780617, -0.004088275134563446, -0.02499574050307274, 0.02885335311293602, 0.004612598102539778, -0.04110625013709068, 0.09758548438549042, -0.028725076466798782, -0.03735468164086342, -0.02141641452908516, 0.07326719164848328, -0.0690656527876854, 0.08374280482530594, 0.048934370279312134, -0.005849375855177641, 0.04840564355254173, 0.037756022065877914, -0.09835126996040344, -0.0110964709892869, -0.03938828036189079, -0.08162253350019455, -0.003981116693466902, -0.01936936378479004, 0.06344661861658096, 0.007813850417733192, -0.059607088565826416, 0.0283251591026783, 0.053814586251974106, 0.055498987436294556, 0.09885241836309433, -0.07050380110740662, 0.10624221712350845, -0.06414195895195007, 0.04763542488217354, -0.04232100024819374, -0.07412894070148468, 0.05407059192657471, 0.023170478641986847, -0.08828221261501312, -0.025141403079032898, -0.04158246889710426, 0.045241307467222214, 0.042797818779945374, 0.040334302932024, -0.04429299384355545, 0.03339602053165436, 0.040859874337911606, -0.018488040193915367, 0.039716556668281555, -0.039240021258592606, -0.007512350101023912, 0.02553759701550007, -0.006764516234397888, 0.000824695045594126, -0.04748762026429176, 0.011481734924018383, 0.008434160612523556, 0.04620756581425667, 0.0046961624175310135, -0.06947621703147888, 0.05212866887450218, -0.02132030762732029, 0.06898533552885056, -0.042933158576488495, -0.06790615618228912, -0.10197360068559647, -0.07424625754356384, 0.1299065351486206, 0.052630312740802765, 0.012616113759577274, 0.07411352545022964, -0.058076079934835434, 0.03412067890167236, -0.035801779478788376, -0.09552952647209167, -0.12667061388492584, -0.0521036833524704, 0.006200577598065138, -0.0521458275616169, 0.0006980556063354015, -0.04561544954776764, -0.00263574393466115]"
92,Wikipedia & Web Search for Afghanistan,"d consist of both cars and auto rickshaws. In rural Afghanistan, villagers often use donkeys, mules or horses to transport or carry goods. Camels are primarily used by the Kochi nomads. Bicycles are popular throughout Afghanistan.

Demographics
Population
The population of Afghanistan was estimated at 35.7 million as of 2024 by the Afghanistan National Statistics and Information Authority, whereas the UN estimates over 42.0 million. In 1979 the total population was reported to be about 15.5 million. About 25.3% are urbanite, 70.4% live in rural areas, and the remaining 4.3% are nomadic. An additional 3 million or so Afghans are temporarily housed in neighboring Pakistan and Iran, most of who","[0.030590247362852097, -0.034846533089876175, 0.006604887545108795, -0.002820194000378251, -0.015243020839989185, -0.02945609949529171, 0.03287205100059509, 0.013803565874695778, 0.022232333198189735, 0.04234246909618378, 0.07135166227817535, 0.0050919437780976295, 0.06463862210512161, 0.03160465881228447, -0.06714018434286118, -0.02061575837433338, 0.01366348285228014, -0.10719282180070877, 0.010248101316392422, -0.02117057517170906, -0.05302081257104874, -0.04260323569178581, 0.0057322001084685326, -0.023943854495882988, 0.06077290326356888, -0.09235130250453949, -0.020608246326446533, -0.037470463663339615, -0.04706120863556862, 0.02913050539791584, 0.03924217447638512, -0.04902231693267822, -0.00438234768807888, 0.03902735933661461, -0.05588596686720848, 0.04915199801325798, -0.011232187040150166, 0.016193365678191185, 0.05069907382130623, 0.03956165164709091, 0.010744456201791763, -0.026622768491506577, 0.09426410496234894, 0.033122967928647995, -0.038786884397268295, 0.001344497432000935, -0.039140503853559494, 0.03852749243378639, 0.025456776842474937, 0.07338786870241165, 0.06729710847139359, 0.05310451239347458, -0.015552213415503502, 0.007576613686978817, 0.033048614859580994, -0.12235710024833679, -0.037532590329647064, 0.016107527539134026, -0.03701474517583847, 0.011700456030666828, -0.016954166814684868, 0.011902314610779285, -0.0065347012132406235, -0.015693064779043198, -0.03572041541337967, -0.053160931915044785, 0.02137819118797779, -0.056856270879507065, -0.01209462434053421, -0.07337217032909393, -0.04299912229180336, -0.00622084503993392, -0.048463374376297, 0.0291970893740654, 0.010731969960033894, -0.08376210182905197, -0.03266582638025284, 0.10994020849466324, 0.04895109310746193, -0.06363773345947266, 0.06700221449136734, 0.08101478964090347, 0.05909952521324158, -0.03217688202857971, 0.045713864266872406, -0.04411064460873604, -0.03586770221590996, 0.013907326385378838, -0.08820326626300812, 0.0018524579936638474, 0.038711316883563995, 0.10290265828371048, 0.01612594909965992, 0.02498752810060978, 0.01657295413315296, 0.08142616599798203, 0.04624674469232559, 0.00951539445668459, -0.023644983768463135, 0.013651628978550434, 0.046017371118068695, 0.021956641227006912, 0.08243777602910995, 0.011996657587587833, -0.05969700217247009, 0.05710136145353317, -0.0571410208940506, -0.06049000099301338, -0.07044471800327301, 0.09520047158002853, -0.0472632572054863, -0.03429863601922989, -0.06934086233377457, 0.011406950652599335, 0.010064960457384586, -0.10168450325727463, 0.00931618083268404, -0.025967739522457123, -0.009177559055387974, 0.029702099040150642, -0.017112210392951965, -0.002080802107229829, 0.04776282608509064, 0.00878429226577282, 0.0821831002831459, 0.003070431761443615, 0.030316924676299095, 0.03725718706846237, -0.04924508556723595, -0.06701536476612091, 0.017619220539927483, 0.02711726352572441, -0.1410420536994934, -0.06451115012168884, -0.028044559061527252, -0.0343647301197052, 0.05317606031894684, -0.07935028523206711, -0.06415751576423645, 0.02023443393409252, 0.012136085890233517, 0.02879265882074833, 0.10416047275066376, 0.022935817018151283, -0.07493424415588379, 0.04997925087809563, 0.0967150405049324, -0.030330326408147812, -0.061208393424749374, -0.041175682097673416, 0.1050831750035286, -0.029853854328393936, -0.045818500220775604, -0.03651593625545502, 0.07863887399435043, -0.05105739086866379, -0.013492771424353123, -0.0018871681531891227, 0.08168482035398483, -0.04350218176841736, -0.03772779181599617, -0.042539291083812714, -0.09101546555757523, 0.017429199069738388, -0.12061017751693726, 0.029937155544757843, -0.125200554728508, -0.0015260567888617516, 0.03417811170220375, -0.03100506402552128, 0.023032868281006813, -0.006255725864320993, 0.0014790680725127459, 0.10015494376420975, 0.023928502574563026, 0.04195413365960121, -0.10858434438705444, 0.05778016522526741, -0.030293002724647522, 0.00924527458846569, -0.02540264092385769, 1.735987825668417e-05, -0.04160340875387192, 0.12044619768857956, -0.032389361411333084, -0.053129635751247406, -0.08649669587612152, 0.04911647364497185, 0.04493309184908867, -0.02761083096265793, 0.054324179887771606, 0.026940785348415375, -0.0014397269114851952, -0.09599926322698593, 0.09780704230070114, 0.014065352268517017, 0.02916497178375721, 0.09135667234659195, 0.06831852346658707, -0.05048879235982895, -0.05648977309465408, 0.031076660379767418, -0.07656314224004745, -0.056494567543268204, 0.05855066701769829, -0.0059599243104457855, 0.05040078982710838, 0.007360199932008982, -0.002279822714626789, 0.03992195799946785, 0.0613819845020771, 0.06668077409267426, 0.033610399812459946, -0.019038686528801918, -0.003388725919649005, 0.03984028100967407, -0.07964974641799927, -0.015621501952409744, 0.03700319677591324, 0.11433909833431244, -0.09455156326293945, -0.013265746645629406, 0.026881752535700798, -0.015000367537140846, -0.05165207013487816, 0.09711581468582153, 0.04247196391224861, 0.04453705623745918, -0.03825764358043671, -0.008253373205661774, 0.07897420227527618, -0.024129126220941544, 0.012058096006512642, 0.06762223690748215, -0.0719977393746376, -0.031494081020355225, -0.002657995792105794, 0.005437868181616068, 0.10699166357517242, -0.02823377586901188, -0.00463441526517272, -0.06279860436916351, 0.01271356362849474, 0.030811479315161705, -0.06555032730102539, 0.00163216982036829, 0.024227764457464218, 0.05627136304974556, 0.010153351351618767, -0.0052413297817111015, -0.1096886396408081, -0.03012325055897236, -0.03813927248120308, -0.05966649577021599, 0.05060992017388344, -0.04413235932588577, 0.01695079728960991, 0.028914907947182655, 0.042271602898836136, -0.017671801149845123, -0.0356326587498188, 0.10490112006664276, 0.003346947953104973, -0.01657775789499283, 0.09515939652919769, -0.05878416821360588, -0.03388600051403046, -0.016364790499210358, -0.022706201300024986, -0.020814932882785797, 0.01529163308441639, 0.009099329821765423, -0.0191965289413929, -0.023526934906840324, 0.1431790441274643, 0.07524735480546951, -0.026745537295937538, -0.04868774861097336, 0.020078135654330254, 0.0025876855943351984, -0.019025050103664398, 0.021990379318594933, 0.06031900644302368, -0.019282782450318336, -0.06556394696235657, -0.00032168987672775984, -0.03272566944360733, 0.04590027779340744, -0.10776816308498383, -0.029956236481666565, 0.029735267162322998, -0.024381719529628754, -0.06185995787382126, 0.05767015740275383, 0.06674309819936752, -0.03665219992399216, -0.02046000398695469, -0.0605916753411293, 0.03914305195212364, 0.08528254181146622, 0.13977941870689392, 0.038040343672037125, -0.005853005684912205, -0.020792853087186813, -0.03028959222137928, 0.08112501353025436, 0.021095875650644302, 0.01652519404888153, 0.02116207219660282, -0.07301800698041916, -0.02621915005147457, -0.05197788029909134, 0.037597429007291794, 0.023487379774451256, 0.02649538777768612, 0.09023789316415787, -0.058071475476026535, -0.011513636447489262, -0.014730188064277172, -0.025045113638043404, -0.06819205731153488, 0.04673435539007187, -0.00011168916535098106, 0.005850392859429121, -0.08113497495651245, 0.05329210311174393, 0.06864798814058304, 0.04218963533639908, 0.000798206077888608, 0.11082244664430618, 0.06090359762310982, 0.051008738577365875, 0.007303283549845219, 0.05555913224816322, -0.12204723805189133, 0.035097941756248474, -0.023571062833070755, 0.023014947772026062, -0.024228092283010483, -0.02928035706281662, -0.004701951052993536, -0.015264390036463737, -0.02351956255733967, 0.04216562211513519, 0.05449902266263962, -0.01238458976149559, -0.007085535675287247, 0.0052164397202432156, 0.018498489633202553, -0.028732039034366608, 0.010277634486556053, -0.03326788917183876, -0.050272244960069656, 0.009822724387049675, -0.025077559053897858, -0.04175033047795296, -0.11160628497600555, -0.0019018839811906219, 0.051642000675201416, 0.0002289869007654488, -0.04173727333545685, -0.07852768898010254, 0.08826233446598053, 0.002929240232333541, 0.03158820420503616, -0.05181370675563812, -0.058073386549949646, -0.03863232955336571, 0.023280905559659004, -0.031793151050806046, 0.0641380250453949, -0.06932875514030457, 0.0366770438849926, 0.015904264524579048, -0.020893994718790054, -0.040121227502822876, 0.01785542257130146, 0.015477868728339672, -0.024466678500175476, -0.031099753454327583, -0.042644355446100235, -0.024138987064361572, -0.019005902111530304, -0.013513312675058842]"
93,Wikipedia & Web Search for Afghanistan,"m were born and raised in those two countries. As of 2013, Afghanistan was the largest refugee-producing country in the world, a title held for 32 years.
The current population growth rate is 2.37%, one of the highest in the world outside of Africa. This population is expected to reach 82 million by 2050 if current population trends continue. The population of Afghanistan increased steadily until the 1980s, when civil war caused millions to flee to other countries such as Pakistan. Millions have since returned and the war conditions contribute to the country having the highest fertility rate outside Africa. Afghanistan's healthcare has recovered since the turn of the century, causing falls i","[-0.06279756873846054, 0.06772668659687042, -0.02196144498884678, 0.03335541859269142, 0.09597047418355942, -0.01679963245987892, -0.023979371413588524, -0.058131322264671326, 0.042347252368927, 0.053233370184898376, 0.06807632744312286, 0.016026396304368973, 0.012052075937390327, -0.03464369848370552, -0.08320862799882889, -0.029361117631196976, -0.04796960577368736, -0.08994891494512558, -0.021447503939270973, -0.002930499380454421, -0.0029707883950322866, -0.059380363672971725, 0.06296278536319733, -0.014780394732952118, 0.11605876684188843, 0.022110728546977043, -0.0595705471932888, -0.08104298263788223, 0.018689094111323357, 0.017674140632152557, 0.09671592712402344, 0.03113335557281971, 0.07197589427232742, 0.036092113703489304, 0.03360642492771149, 0.008764105848968029, 0.06529216468334198, 0.06069524958729744, 0.08320967853069305, 0.020804377272725105, -0.003176231635734439, 0.002754220273345709, 0.0922878086566925, 0.0037585985846817493, 0.04949913173913956, 0.0472620464861393, 0.03945288807153702, 0.06744499504566193, -0.031421855092048645, 0.08488354831933975, 0.040076885372400284, 0.020073741674423218, -0.03457850590348244, 0.09028447419404984, 0.015576263889670372, -0.09316372126340866, -0.038857873529195786, 0.009818383492529392, -0.034078825265169144, 0.05711683630943298, -0.05898026004433632, 0.016749685630202293, 0.006758149713277817, -0.025859327986836433, -0.031953852623701096, -0.008129396475851536, 0.05357420817017555, -0.02386886440217495, 0.009999025613069534, -0.03079904429614544, 0.038745809346437454, -0.023731859400868416, -0.05447283014655113, 0.05092473700642586, -0.042659223079681396, -0.03966810181736946, 0.027328696101903915, 0.09600791335105896, 0.06026336923241615, 0.019099855795502663, 0.0824747160077095, 0.07588815689086914, 0.035980600863695145, -0.09837085008621216, -0.029408998787403107, -0.08337242901325226, -0.039108216762542725, -0.0021438049152493477, 0.0362747423350811, -0.016019264236092567, 0.019610602408647537, 0.005391346290707588, -0.0378449484705925, 0.013338577933609486, 0.002845793729647994, 0.04866161569952965, 0.06256735324859619, -0.010961014777421951, -0.03448120504617691, -0.02718302235007286, 0.06400147825479507, 0.008986053988337517, 0.0676841288805008, 0.07223974913358688, -0.0818818211555481, 0.041482824832201004, -0.06678920239210129, 0.044298168271780014, 0.005029063671827316, -0.015481685288250446, -0.062208328396081924, -0.007180323824286461, -0.07663173973560333, 0.01570439152419567, 0.010610144585371017, -0.09079071134328842, 0.017376208677887917, -0.0401395782828331, 2.8787100745830685e-05, 0.006419767159968615, 0.009570904076099396, 0.03004034236073494, 0.022853035479784012, -0.08067968487739563, 0.04041019827127457, 0.04604709893465042, 0.02008143812417984, -0.0048127202317118645, -0.05704643204808235, -0.018495818600058556, 0.012916583567857742, 0.056408558040857315, -0.13890232145786285, -0.018175780773162842, -0.03895670548081398, -0.07252870500087738, 0.07474687695503235, -0.009306349791586399, -0.08458550274372101, -0.09897375106811523, 0.04186030477285385, 0.05144207924604416, -0.0035876180045306683, 0.02466997131705284, -0.07000448554754257, 0.09744656831026077, -0.012129802256822586, 0.05543946847319603, -0.036770179867744446, 0.010193786583840847, 0.03770145773887634, -0.08288820087909698, -0.008583933115005493, -0.06778854876756668, 0.03835726156830788, -0.021959496662020683, 0.008402697741985321, 0.005931176245212555, 0.05961545184254646, 0.049248505383729935, -0.03763625770807266, -0.048508305102586746, -0.07594109326601028, -0.03330085054039955, -0.03992439806461334, -0.02720693126320839, -0.10003868490457535, -0.04694220796227455, -0.0010629204334691167, 0.019145162776112556, 0.0314837284386158, 0.0032363703940063715, 0.02359442412853241, 0.007831494323909283, 0.09313620626926422, -0.07942579686641693, -0.022614972665905952, 0.012377581559121609, 0.02087147906422615, 0.0022280141711235046, -0.015390452928841114, -0.0694960206747055, 0.020711254328489304, 0.10849206894636154, -0.02132989652454853, 0.07907005399465561, 0.02691357024013996, 0.0016996606718748808, -0.02686993032693863, -0.08195434510707855, 0.09103953093290329, 0.042268458753824234, 0.026707349345088005, -0.04736329987645149, -0.0017772939754649997, -0.026619914919137955, 0.0072563462890684605, 0.07189042121171951, 0.09752122312784195, -0.04424610361456871, -0.06019063666462898, 0.0023608640767633915, -0.05656236410140991, -0.03663763776421547, 0.14414851367473602, 0.053781282156705856, 0.02253306470811367, 0.04730420559644699, 0.034073956310749054, 0.08610019087791443, 0.010159472934901714, 0.016664918512105942, -0.034965820610523224, 0.0527353473007679, -0.053099002689123154, 0.018347058445215225, 0.0014196312986314297, -0.059399597346782684, 0.024732643738389015, 0.05542941763997078, -0.0430271290242672, -0.03176828846335411, -0.034371331334114075, -0.03606859967112541, -0.01809980720281601, 0.053726449608802795, 0.019409898668527603, -0.0316866859793663, 0.0038683286402374506, 0.008631974458694458, 0.008895259350538254, 0.036491505801677704, -0.017978310585021973, 0.07094749808311462, 0.0523734949529171, -0.09407654404640198, 0.0444219708442688, 0.03814530745148659, -0.03594882786273956, -0.02066775970160961, 0.08374550938606262, -0.0574520118534565, 0.07057991623878479, 0.009526316076517105, -0.03839963302016258, -0.03727184608578682, 0.02309710718691349, -0.018128544092178345, -0.05808413773775101, -0.049014244228601456, -0.0880657210946083, -0.0065374597907066345, -0.02406434156000614, -0.12987884879112244, 0.038112297654151917, 0.011505954898893833, -0.0638251006603241, 0.08058273047208786, 0.07916025072336197, -0.045425884425640106, -0.06546641886234283, 0.06624141335487366, 0.011116021312773228, -0.01593915931880474, 0.0016101215733215213, -0.022891169413924217, -0.02326495759189129, 0.007097097113728523, -0.03981766104698181, 0.07958435267210007, 0.04330945760011673, 0.06508346647024155, -0.005109929945319891, -0.03932669758796692, 0.045422278344631195, 0.09957427531480789, -0.11255721002817154, -0.04955641180276871, 0.06823910772800446, -0.09646552801132202, -0.033687349408864975, 0.016915854066610336, 0.009107520803809166, -0.04686472564935684, -0.05825989320874214, -0.008925420232117176, 0.023618454113602638, -0.00976648461073637, -0.08645448088645935, 0.04736951366066933, 0.07294756919145584, 0.015848232433199883, -0.04762367159128189, 0.04969906806945801, 0.07134551554918289, -0.06221422553062439, -0.09433326870203018, 0.017922142520546913, 0.010561101138591766, 0.09151718020439148, 0.06269558519124985, 0.08538705855607986, 0.0059294914826750755, -0.024259328842163086, -0.07311465591192245, 0.04043108597397804, 0.04163745418190956, -0.048340871930122375, -0.02405865117907524, -0.04000560939311981, 0.0579393245279789, -0.1021551862359047, 0.025273213163018227, 0.02274945378303528, -0.05203791335225105, 0.01744968444108963, -0.04536111280322075, -0.06516266614198685, 0.03937719389796257, -0.01270381174981594, 0.009473012760281563, -0.020287206396460533, -0.055327076464891434, 0.016459373757243156, -0.03464367985725403, 0.03821665793657303, -0.012396038509905338, -0.005594969727098942, 0.02261960878968239, 0.07051146030426025, 0.021672898903489113, 0.07957740128040314, 0.03351990133523941, 0.009101291187107563, -0.0901576578617096, -0.040404003113508224, -0.15130110085010529, -0.038578420877456665, 0.015930572524666786, -0.07468821108341217, 0.013880312442779541, 0.028562340885400772, 0.05218709632754326, 0.024151748046278954, 0.0781184583902359, 0.024687204509973526, 0.004856007173657417, 0.01375171821564436, -0.0924062505364418, -0.08159804344177246, 0.06821868568658829, -0.06384102255105972, 0.005220297258347273, -0.057669270783662796, -0.011530357412993908, -0.01176139060407877, -0.10884682834148407, 0.032776594161987305, 0.056479234248399734, -0.03972650319337845, -0.0555209256708622, 0.004809249192476273, 0.05564355477690697, -0.009158855304121971, 0.0015835805097594857, 0.00436514662578702, -0.053976114839315414, 0.029895516112446785, -0.001357026631012559, -0.04627888649702072, 0.054260674864053726, -0.0033689853735268116, 0.015474697574973106, 0.006929326802492142, -0.004795024637132883, -0.04872856289148331, -0.019235745072364807, 0.006976550444960594, 0.04317554458975792, -0.05806223675608635, -0.02877151407301426, -0.04931861162185669, 0.010913070291280746, -0.02957022748887539]"
94,Wikipedia & Web Search for Afghanistan,"n infant mortality and increases in life expectancy, although it has the lowest life expectance of any country outside Africa. This (along with other factors such as returning refugees) caused rapid population growth in the 2000s that has only recently started to slow down. The Gini coefficient in 2008 was 27.8.

Fertility rate
Afghanistan 2024 total fertility rate has been estimated at 4.4. In 2022 it was 4.5, about twice the world average rate. The rate has fallen since the early 1980s.

Urbanization
As estimated by the CIA World Factbook, 26% of the population was urbanized as of 2020. This is one of the lowest figures in the world; in Asia it is only higher than Cambodia, Nepal and Sri L","[-0.050964564085006714, 0.02187555469572544, -0.019662367179989815, 0.024626562371850014, 0.10070633888244629, 0.03176620975136757, -0.05024135112762451, -0.012492960318922997, 0.07184300571680069, 0.057194784283638, 0.09863842278718948, 0.04724280163645744, -0.03944346308708191, 0.03698745742440224, -0.05702586472034454, -0.014375817961990833, -0.04652630165219307, -0.06537718325853348, -0.051798172295093536, 0.003382992697879672, 0.03272503986954689, -0.05854099988937378, 0.10797552764415741, -0.013023309409618378, 0.14409580826759338, -0.015175648964941502, -0.02883877232670784, -0.07331311702728271, -0.02267279289662838, 0.0657959133386612, 0.08725634962320328, 0.03549303859472275, 0.10964605212211609, -0.022456157952547073, -0.028094377368688583, 0.03845705837011337, 0.04564148932695389, 0.06840800493955612, -0.04569586366415024, 0.06950286775827408, 0.006179216783493757, 0.0822843462228775, 0.0187782421708107, 0.02346659265458584, 0.0749703049659729, 0.00287259416654706, 0.017936285585165024, -0.020368967205286026, -0.07025761157274246, 0.04235878214240074, -0.03233138844370842, 0.018370242789387703, -0.052578847855329514, 0.011847496032714844, 0.05168968811631203, -0.13696715235710144, -0.040531743317842484, -0.03525545820593834, -0.0003846556937787682, 0.025259600952267647, -0.024792317301034927, -0.003472384763881564, -0.027159130200743675, -0.013327314518392086, 0.021830152720212936, -0.020310673862695694, 0.04998975247144699, -0.08221301436424255, 0.03394186496734619, -0.013065815903246403, 0.00333070894703269, -0.029712002724409103, -0.071201853454113, -0.0018604130018502474, -0.05576825141906738, -0.03354569524526596, 0.0669713169336319, 0.10164812952280045, 0.04622485116124153, -0.058902058750391006, 0.0907241553068161, 0.004389764741063118, 0.011867796070873737, -0.0747734010219574, -0.01963145285844803, -0.10235103964805603, -0.033738233149051666, -0.008520985022187233, -0.025822218507528305, -0.03985091671347618, 0.035423025488853455, 0.05502087622880936, -0.0010547444690018892, 0.016253868117928505, 0.045051462948322296, 0.08396049588918686, 0.0451127253472805, -0.057715583592653275, -0.059030886739492416, -0.040589589625597, -0.00551042053848505, -0.0114033417776227, 0.01533304899930954, 0.08220022171735764, -0.023260105401277542, 0.022683465853333473, -0.037717223167419434, -0.0011266173096373677, 0.02568059042096138, 0.05426536127924919, -0.06294608861207962, -0.006058968603610992, -0.0486583411693573, 0.031232452020049095, 0.022188369184732437, -0.07592408359050751, 0.009477565065026283, -0.004568567965179682, 0.012798337265849113, 0.06017627939581871, -0.01939062401652336, -0.009950206615030766, 0.020506156608462334, -0.10071101784706116, 0.08950494229793549, 0.004074055701494217, 0.012634175829589367, 0.07126233726739883, 0.025425061583518982, -0.06959573179483414, 0.06431114673614502, -0.0014997816178947687, -0.14101147651672363, -0.016363682225346565, -0.04987349361181259, -0.0918489545583725, 0.15046311914920807, 0.006335076875984669, -0.07436183840036392, -0.07915926724672318, 0.02186482399702072, -2.440465505060274e-05, 0.02473568730056286, 0.0384245403110981, -0.0651501789689064, 0.09715626388788223, 0.009484854526817799, 0.06042618304491043, -0.020822329446673393, -0.028104892000555992, 0.06611378490924835, -0.05623726546764374, 0.048098038882017136, -0.03943643346428871, 0.015265969559550285, -0.040745414793491364, -0.011338168755173683, 0.014153808355331421, 0.04246825724840164, 0.045745305716991425, -0.0417352132499218, -0.11171219497919083, -0.009409797377884388, 0.004409677814692259, -0.048789020627737045, -0.007650901097804308, -0.09704756736755371, -0.01684579811990261, -0.02237880975008011, 0.010892398655414581, 0.028862135484814644, -0.04335081949830055, 0.037414129823446274, -0.008713522925972939, 0.10283014923334122, -0.028573794290423393, -0.033805955201387405, 0.06422777473926544, 0.005615857429802418, -0.04624959081411362, -0.051925815641880035, -0.03679792582988739, -0.03531423583626747, 0.12014614045619965, -0.017829937860369682, 0.05855671316385269, -0.013857235200703144, -0.03422614559531212, 0.02973661944270134, -0.11469168215990067, 0.04880310595035553, -0.024166235700249672, 0.07108964025974274, -0.02873944863677025, -0.023121867328882217, -0.020765412598848343, -0.01825784519314766, 0.05950833857059479, 0.08018989115953445, -0.01009470783174038, -0.08961664885282516, -0.019248569384217262, -0.0007704488234594464, -0.03540334478020668, 0.07028353214263916, -0.011826353147625923, 0.015458419919013977, -0.005647496785968542, 0.048826586455106735, 0.04796893522143364, 0.03729718178510666, -0.01524091511964798, 0.08052762597799301, 0.038348861038684845, 0.03921254724264145, 0.06967131793498993, -0.0904584676027298, 0.017684681341052055, 0.009167296811938286, 0.05065515264868736, -0.007210290525108576, -0.012138417921960354, 0.048581186681985855, -0.054190363734960556, -0.03805585578083992, 0.054061874747276306, -0.02085636742413044, 0.018843380734324455, -0.04286123812198639, 0.03998042643070221, -0.012209146283566952, 0.049858056008815765, 0.02804185450077057, 0.06418809294700623, -0.0037408950738608837, -0.07202405482530594, 0.06659146398305893, 0.053739339113235474, -0.003050923114642501, -0.037558939307928085, 0.013280952349305153, -0.018495123833417892, 0.08939942717552185, 0.01169794611632824, -0.017842242494225502, -0.005965135060250759, 0.016498427838087082, 0.0022053364664316177, -0.06946094334125519, -0.021577872335910797, -0.13441775739192963, 0.029360821470618248, -0.035444412380456924, -0.16845455765724182, 0.07378881424665451, 0.022562988102436066, -0.04305057227611542, 0.06642436981201172, 0.06526413559913635, 0.010343034751713276, -0.028178878128528595, -0.0466616116464138, -0.006447048392146826, -0.036006949841976166, 0.02522074058651924, 0.013265292160212994, -0.04234318435192108, -0.06463547796010971, -0.005876496434211731, 0.04158613830804825, 0.07650195807218552, 0.014446750283241272, 0.040983788669109344, -0.014959985390305519, 0.07224414497613907, 0.11733012646436691, -0.13679368793964386, 0.030707931146025658, 0.00525367446243763, -0.04297737404704094, -0.04281723126769066, -0.01880662329494953, 0.019741958007216454, -0.0366319976747036, -0.05349971726536751, 0.04124343767762184, -0.017504015937447548, -0.026511652395129204, -0.07416946440935135, 0.048302777111530304, 0.028473014011979103, -0.02698858454823494, 0.016192099079489708, 0.04631592333316803, 0.05317370221018791, -0.032768990844488144, -0.09274735301733017, -0.005558650009334087, 0.02627507597208023, 0.06856545060873032, 0.05663062632083893, 0.04136941581964493, -0.0056625353172421455, -0.04314813017845154, -0.07759211957454681, 0.03332025930285454, 0.05912484601140022, -0.0029900360386818647, -0.03599132224917412, -0.046749699860811234, 0.013128111138939857, -0.15436296164989471, 0.018851062282919884, -0.024126408621668816, -0.06102099269628525, 0.026896271854639053, 0.009632471017539501, -0.06612935662269592, -0.024221353232860565, -0.06147424876689911, -0.009665950201451778, 0.023762362077832222, -0.001183188403956592, 0.0116890799254179, -0.05400948226451874, 0.04230910539627075, 0.04932817071676254, -0.009609425440430641, -0.030403926968574524, 0.012916553765535355, 0.018212852999567986, 0.13750126957893372, -0.025148123502731323, -0.025584636256098747, -0.03564385324716568, -0.03669348731637001, -0.10297311842441559, -0.005535465199500322, 0.014634251594543457, -0.04634685069322586, 0.10237229615449905, 0.0439571850001812, 0.010630314238369465, -0.014662036672234535, 0.05190170183777809, 0.010578665882349014, 0.0662403479218483, 0.050549983978271484, -0.05657094344496727, -0.033125393092632294, 0.0013170167803764343, -0.038442470133304596, 0.027467170730233192, 0.042288005352020264, -0.05159897357225418, -0.04645732790231705, -0.012266102246940136, 0.10831819474697113, 0.038499850779771805, -0.008449709042906761, -0.02365974523127079, -0.038382742553949356, 0.005767039954662323, 0.04105740040540695, -0.004958430305123329, 0.00011313327559037134, 0.0077622197568416595, -0.02672966569662094, -0.004403072874993086, -0.019449207931756973, 0.03115179017186165, 0.001907210680656135, -0.026803618296980858, -0.03585991635918617, -0.001444446388632059, 0.0070589021779596806, -0.037732452154159546, 0.03584127873182297, 0.02763764187693596, -0.03630784526467323, -0.07911165803670883, -0.024232303723692894, -0.013152075000107288, -0.017204876989126205]"
95,Wikipedia & Web Search for Afghanistan,"anka. Urbanization has increased rapidly, particularly in the capital Kabul, due to returning refugees from Pakistan and Iran after 2001, internally displaced people, and rural migrants. Urbanization in Afghanistan is different from typical urbanization in that it is centered on just a few cities.
Kabul is the largest city, with a population of 5 million. The other large cities are located generally in the ""ring"" around the Central Highlands, namely Kandahar in the south, Herat in the west, Mazar-i-Sharif, Kunduz in the north, and Jalalabad in the east.

Ethnicity and languages
Afghans are divided into several ethnolinguistic groups. According to research data by several institutions in 2019","[0.07963361591100693, 0.011673475615680218, 0.025062493979930878, 0.04580950736999512, 0.05237525701522827, -0.05931805074214935, 0.004026253707706928, -0.021395573392510414, -0.0414808914065361, 0.051496945321559906, 0.030917709693312645, 0.0014515160582959652, -0.007397018373012543, -0.09042669832706451, 0.050929419696331024, -0.03733189031481743, 0.002555956831201911, -0.02304231934249401, -0.021699754521250725, -0.053920041769742966, -0.1251649707555771, -0.045040857046842575, 0.04676051437854767, 0.0008284336654469371, 0.0931367427110672, 0.0032919656950980425, 0.058858636766672134, -0.0056725842878222466, -0.019871599972248077, -0.01373858842998743, 0.06046892702579498, 0.021178757771849632, 0.0758892148733139, 0.05786272510886192, -0.015205051749944687, 0.10281673818826675, 0.03714481368660927, 0.06328564882278442, 0.05849940702319145, 0.012269279919564724, 0.03882922977209091, 0.010675870813429356, 0.07962281256914139, 0.028732558712363243, 0.005367008037865162, -0.039500776678323746, -0.028128864243626595, -0.001625295146368444, -0.05946386978030205, -0.054679375141859055, 0.11314993351697922, 0.00045805153786204755, -0.0003545915533322841, 0.05834377929568291, -0.033925995230674744, -0.08223634213209152, -0.028627872467041016, 0.07269300520420074, 0.06863225996494293, 0.03725737705826759, -0.022692255675792694, 0.04391062632203102, -0.04342504218220711, 0.00762253999710083, 0.014473255723714828, -0.0651257187128067, 0.08494674414396286, -0.012327124364674091, -0.004409646615386009, -0.015448151156306267, 0.056337639689445496, 0.019964145496487617, -0.0646345242857933, -0.013250757940113544, -0.010212958790361881, -0.10898890346288681, -0.07836638391017914, 0.11168121546506882, 0.04983280971646309, 0.04839722067117691, 0.10023444890975952, -0.012624910101294518, 0.006333946716040373, -0.021475300192832947, -0.019376302137970924, -0.014934374019503593, -0.05685308948159218, -0.05801006034016609, -0.009254824370145798, -0.06319980323314667, 0.09984321892261505, 0.10628579556941986, -0.05124339833855629, 0.07204467803239822, -0.009972128085792065, -0.05995398387312889, 0.03787939250469208, -0.016739604994654655, -0.04171963036060333, 0.014885537326335907, 0.01459160540252924, -0.022988639771938324, 0.05821944400668144, 0.033459410071372986, -0.024609673768281937, -0.047136109322309494, -0.030781131237745285, -0.06572907418012619, -0.0829990804195404, 0.05570916086435318, -0.05370251089334488, -0.017314286902546883, -0.06784447282552719, 0.01855737715959549, 0.07195212692022324, -0.07077782601118088, 0.026040514931082726, -0.011250290088355541, -0.040117401629686356, 0.028057171031832695, -0.038621604442596436, 0.014931581914424896, -0.08737018704414368, -0.006371641531586647, 0.020573150366544724, -0.017650868743658066, -0.02022242359817028, 0.0780496895313263, -0.022835884243249893, -0.03849518299102783, -0.0034130774438381195, 0.09683036059141159, -0.09439927339553833, -0.03544249385595322, 0.008840112015604973, -0.05724886432290077, 0.012949465773999691, -0.09702762961387634, 0.009076178073883057, -0.04234333336353302, 0.04862498119473457, 0.03568282350897789, 0.12791047990322113, -0.029330331832170486, 0.03771761432290077, 0.026255838572978973, 0.035462506115436554, 0.013081246055662632, -0.03550141304731369, -0.02081422694027424, 0.054688408970832825, -0.08154681324958801, 0.011855159886181355, -0.06314398348331451, 0.03963843360543251, -0.04335593432188034, 0.03588605672121048, 0.0373399518430233, 0.049817029386758804, 0.029185738414525986, -0.08253369480371475, -0.013763000257313251, -0.0804530456662178, 0.04932527244091034, -0.06773269176483154, -0.024258719757199287, -0.0701538473367691, -0.035514216870069504, 0.009390284307301044, -0.03001575544476509, -0.0771031305193901, -0.014941766858100891, 0.06767129898071289, 0.05231417715549469, -0.02027304843068123, -0.06459854543209076, -0.062294360250234604, 0.019591500982642174, 0.023894334211945534, -0.02693478763103485, -0.04559055343270302, -0.0027500444557517767, -0.026747433468699455, 0.10788089036941528, 0.03292055428028107, -0.03812762349843979, 0.01361426617950201, 0.04069504141807556, 0.02198610082268715, -0.009885805658996105, -0.004593465011566877, 0.07499963790178299, 0.06969457119703293, -0.13490459322929382, 0.03711147978901863, 0.07262906432151794, -0.022397389635443687, 0.08427852392196655, 0.08797203749418259, -0.03232847899198532, -0.025568757206201553, 0.0563039556145668, -0.06869935244321823, -0.06572882831096649, 0.010420470498502254, 0.029644548892974854, 0.07948525995016098, -0.020595168694853783, -0.03149652108550072, 0.07426001876592636, 0.028711676597595215, 0.028157684952020645, 0.0369064100086689, 0.03086160682141781, 0.010266234166920185, 0.02481033280491829, -0.06613439321517944, -0.029582684859633446, 0.03276091068983078, 0.07421745359897614, -0.057829201221466064, -0.036989156156778336, 0.0078112236224114895, -0.013705617748200893, -0.034251827746629715, -0.026753967627882957, 0.04011974483728409, 0.034484393894672394, -0.046306878328323364, 0.08084452152252197, -0.01359183806926012, -0.018527856096625328, -0.008295699022710323, 0.025502022355794907, -0.1026388481259346, 0.010996079072356224, 0.032430876046419144, 0.0601060651242733, 0.026159191504120827, -0.03768618032336235, 0.08126408606767654, 0.0036599694285541773, -0.05884343758225441, -0.03701267018914223, -0.013301837258040905, -0.10510886460542679, -0.010135317221283913, 0.039537303149700165, -0.04903180152177811, -0.022822890430688858, -0.14924949407577515, -0.00466929143294692, -0.04941421002149582, -0.0442270003259182, 0.023366978392004967, -0.004340142942965031, -0.05105043947696686, 0.12502211332321167, 0.004265286959707737, 0.037284161895513535, 0.009688888676464558, -0.033378999680280685, -0.03544997423887253, 0.020924687385559082, -0.017992854118347168, -0.024152109399437904, -0.004651232622563839, -0.06045849248766899, 0.017597511410713196, 0.07167671620845795, 0.03703484311699867, 0.07820271700620651, -0.033499132841825485, -0.09365412592887878, 0.09611395746469498, 0.10042346268892288, -0.10462828725576401, -0.020340336486697197, 0.021475616842508316, 0.030289385467767715, 0.05599098652601242, 0.045611485838890076, -0.004371160175651312, -0.031236927956342697, -0.05948716029524803, -0.028454486280679703, 0.00366479461081326, 0.03290253505110741, -0.07466484606266022, -0.021197272464632988, 0.07740899175405502, -0.09671498090028763, 0.03478546440601349, 0.0304685328155756, 0.060465190559625626, 0.05315747857093811, -0.05606675520539284, -0.0023176518734544516, 0.017776653170585632, 0.05647335201501846, 0.1340307891368866, 0.06432591378688812, -0.032848965376615524, 0.008732138201594353, -0.046224258840084076, 0.12071521580219269, -0.007055376656353474, -0.009077414870262146, 0.018057411536574364, -0.03456335887312889, -0.020957479253411293, -0.11077478528022766, 0.01457039825618267, -0.05382685735821724, -0.008232569321990013, 0.012698641046881676, -0.04653076454997063, -0.024903690442442894, 0.017437662929296494, -0.06772004067897797, -0.055702466517686844, -0.006352808326482773, -0.07409092783927917, -0.012660463340580463, -0.053093355149030685, 0.08314981311559677, 0.079737089574337, -0.02267618663609028, -0.012799307703971863, 0.010109055787324905, -0.016354581341147423, 0.08337812125682831, -0.02644663117825985, 0.018266675993800163, -0.10925813764333725, 0.03707413002848625, -0.02595999464392662, -0.04334082826972008, 0.009658394381403923, 0.0007520152721554041, 0.0690857395529747, 0.006898302584886551, 0.0026287140790373087, 0.032665710896253586, 0.028367776423692703, 0.04413442686200142, -0.0613001212477684, 0.013687251135706902, 0.004953162278980017, -0.008805644698441029, 0.03765929490327835, -0.06070346757769585, 0.0020091840997338295, -0.003262606216594577, 0.006672586314380169, 0.0370120145380497, 0.02281978912651539, 0.052709344774484634, 0.020567551255226135, -0.04390358179807663, -0.034609146416187286, -0.11606035381555557, 0.07643554359674454, 0.025925220921635628, 0.01139023620635271, -0.025894131511449814, -0.05659143254160881, 0.005818242207169533, 0.017304113134741783, -0.017709175124764442, -0.012370144948363304, -0.019361436367034912, -0.030656326562166214, 0.05295363813638687, 0.029222892597317696, -0.006331417243927717, -0.07433479279279709, 0.03526865690946579, 0.056553326547145844, -0.038313351571559906, -0.01934307999908924, -0.01744796149432659, -0.07134941220283508, 0.02779051661491394]"
96,Wikipedia & Web Search for Afghanistan,", the Pashtuns are the largest ethnic group, comprising 42%, followed by Tajiks, comprising 27% of the country's population. The other two major ethnic groups are the Hazaras and Uzbeks, each at 9%. A further 10 other ethnic groups are recognized and each are represented in the Afghan National Anthem.
Dari and Pashto are the official languages of Afghanistan; bilingualism is very common. Dari, which is also referred to as Eastern Persian as it is a variety of and mutually intelligible with Persian (and very often called 'Farsi' by some Afghans like in Iran), functions as the lingua franca in Kabul as well as in much of the northern and northwestern parts of the country. Native speakers of Da","[0.09200578182935715, 0.004002904519438744, -0.03217679262161255, 0.015057709068059921, -0.0512261837720871, -0.07707495987415314, 0.008664208464324474, -0.022542942315340042, 0.07023625820875168, 0.0036536208353936672, 0.0024000981356948614, -0.025433560833334923, 0.05884692072868347, -0.05343006178736687, -0.010396348312497139, 0.0019616459030658007, -0.038387905806303024, -0.03884226083755493, -0.0042739626951515675, -0.1270211935043335, -0.026681790128350258, -0.09132935106754303, 0.029774978756904602, -0.027360692620277405, 0.015041898004710674, -0.06736943870782852, 0.062387388199567795, -0.0094211520627141, 0.010082731023430824, -0.0009196259197779, 0.017933696508407593, -0.03336673974990845, 0.015006178990006447, 0.06178625300526619, -0.060991350561380386, 0.03554810211062431, 0.019663339480757713, 0.003248007735237479, 0.06562286615371704, 0.038498654961586, -0.04170099273324013, -0.013408701866865158, 0.045024268329143524, 0.017696553841233253, 0.02633369155228138, 0.024657171219587326, -0.08368954062461853, 0.0433499738574028, -0.06354054808616638, 0.07292721420526505, 0.05642353743314743, 0.06820421665906906, -0.016020815819501877, 0.0701831802725792, 0.09253688901662827, -0.08361285924911499, -0.06930883228778839, 0.03224880248308182, -0.09761106222867966, 0.006479430943727493, -0.014129706658422947, -0.00761981587857008, -0.033710528165102005, -0.02106500044465065, -0.10940667986869812, -0.056574322283267975, 0.10108646005392075, -0.02799203246831894, -0.009875739924609661, 0.001408196403644979, 0.03291120007634163, 0.012388906441628933, 0.026635289192199707, 0.12494266778230667, 0.015801604837179184, -0.04487413167953491, -0.06708807498216629, 0.09015434980392456, -0.0487942136824131, -0.04764871299266815, 0.05088826268911362, 0.10103071480989456, 0.09353459626436234, -0.054359227418899536, 0.1125393956899643, 0.06534231454133987, -0.06236717477440834, -0.0023283076006919146, -0.017331071197986603, -0.032599076628685, 0.043126437813043594, -0.03920535370707512, 0.07594592124223709, 0.038487762212753296, 0.07231326401233673, 0.032106317579746246, 0.08370229601860046, 0.021693039685487747, -0.0778273418545723, -0.008898892439901829, 0.06650277227163315, -0.008102359250187874, 0.006914781406521797, 0.0060685984790325165, -0.04628939926624298, 0.027547569945454597, -0.0580708310008049, -0.015058182179927826, -0.048902835696935654, -0.012812581844627857, -0.013664434663951397, -0.040699198842048645, -0.12316731363534927, 0.02031732350587845, 0.00925817247480154, -0.06786949187517166, 0.073462575674057, 0.0022103991359472275, 0.016035450622439384, 0.0053866091184318066, -0.0078141950070858, 0.030610209330916405, 0.014305420219898224, 0.023398317396640778, 0.08526729047298431, 0.04153747484087944, -0.017643475905060768, 0.007452080491930246, 0.0014330267440527678, -0.01420669723302126, -0.01971529982984066, -0.008297400549054146, -0.11120516061782837, 0.042161982506513596, 0.014366207644343376, -0.10952143371105194, 0.0014912093756720424, -0.04661854729056358, -0.11341018974781036, -0.02056719735264778, 0.021173307672142982, -0.006496132351458073, 0.04289338365197182, -0.026959650218486786, -0.042906902730464935, 0.08013501763343811, -0.09947452694177628, -0.029627200216054916, -0.02524552494287491, 0.14545796811580658, -0.021207956597208977, -0.012461809441447258, -0.07444831728935242, -0.053629886358976364, 0.0428440123796463, -0.03351582959294319, -0.04736702889204025, 0.015639401972293854, 0.028130080550909042, -0.06373702734708786, -0.050954315811395645, -0.0389702171087265, -0.05898088589310646, 0.012615048326551914, 0.004652984440326691, -0.024014728143811226, -0.06734148412942886, 0.023439282551407814, -0.005901665426790714, -0.0236962903290987, 0.013659223914146423, 0.11798644810914993, 0.05444138124585152, 0.09337899833917618, 0.0005767015391029418, -0.04613516479730606, -0.08453618735074997, -0.009121988900005817, -0.06355353444814682, 0.03126576170325279, 0.03613049536943436, 0.031176527962088585, 0.05028717592358589, 0.01088730338960886, 0.022203711792826653, -0.002619079314172268, 0.054948147386312485, 0.03905509412288666, 0.046658214181661606, -0.025275949388742447, 0.05401185527443886, 0.03795035183429718, 0.037958379834890366, -0.06179776042699814, 0.023091059178113937, -0.002447910374030471, -0.0022750296629965305, 0.03338133543729782, 0.03160210698843002, -0.07276909798383713, -0.05804930627346039, 0.13756446540355682, -0.07264430820941925, -0.004619221668690443, 0.03738123178482056, 0.002784260082989931, 0.04233308136463165, 0.020446840673685074, 0.049377042800188065, -0.0016519431956112385, -0.00281149847432971, 0.026211146265268326, -0.021534470841288567, 0.0340484119951725, -0.031679149717092514, -0.057425808161497116, -0.05429527536034584, 0.02772308699786663, 0.03427465260028839, 0.09950131922960281, 0.031039204448461533, -0.05893363431096077, -0.015199595130980015, -0.014743300154805183, -0.004795506130903959, 0.03894491866230965, 0.004984924104064703, 0.019376253709197044, -0.00465195719152689, 0.01358476746827364, 0.06617647409439087, 0.011884697712957859, -0.05150742828845978, 0.03797466307878494, 0.08442925661802292, -0.06737470626831055, 0.07939006388187408, -0.054640788584947586, 0.04075966402888298, -0.0488770566880703, 0.0200519859790802, 0.0800546407699585, 0.07220637798309326, -0.0032613552175462246, -0.034674886614084244, -0.060436226427555084, 0.004322562832385302, 0.08753831684589386, -0.049218133091926575, -0.0052225589752197266, 0.015334746800363064, -0.11057038605213165, -0.028748294338583946, -0.05228531360626221, 0.1269025206565857, -0.04707515984773636, -0.06536084413528442, 0.03157632797956467, 0.06970436871051788, -0.06628872454166412, -0.06573478132486343, 0.06037459149956703, -0.009693948552012444, 0.025208670645952225, 0.029156887903809547, 0.05215282365679741, 0.06664305925369263, 0.060041241347789764, -0.02149161882698536, 0.06542648375034332, -0.020246917381882668, 0.07971595227718353, -0.10701551288366318, -0.13098762929439545, 0.04213183745741844, 0.02040170505642891, 0.07473244518041611, -0.09736515581607819, 0.04519513621926308, -0.06470463424921036, -0.04566192254424095, 0.019671155139803886, -0.005631181411445141, 0.0488964281976223, -0.005388213787227869, -0.010695789009332657, 0.017609743401408195, -0.00544092757627368, 0.021396154537796974, -0.03757677227258682, 0.059794772416353226, -0.03462161123752594, 0.025947842746973038, 0.02875300869345665, 0.09050748497247696, -0.049540720880031586, -0.08925478905439377, 0.0658617839217186, 0.02823435142636299, 0.0394495464861393, 0.005547669716179371, 0.045782171189785004, 0.018112916499376297, 0.08160579949617386, -0.04664416238665581, 0.041668377816677094, -0.06195686012506485, -0.09810285270214081, 0.06570763885974884, 0.0292520672082901, 0.022479457780718803, -0.03215258941054344, 0.06364013999700546, 0.05595894157886505, 0.003090277314186096, 0.05938011035323143, 0.0061704195104539394, -0.00721108028665185, 0.0458177849650383, -0.05892021581530571, 0.02193068154156208, -0.04409852996468544, -0.06099407374858856, 0.021572863683104515, -0.09392557293176651, -0.0014409479917958379, 0.03287515789270401, -0.07539740204811096, -0.07088365405797958, 0.027285560965538025, 0.012438579462468624, 0.0707884356379509, -0.05206022411584854, -0.010246321558952332, 0.02772582694888115, -0.0072100101970136166, -0.032967258244752884, 0.030688997358083725, 0.058367323130369186, -0.04128361493349075, 0.032451946288347244, -0.04074295237660408, -0.023428913205862045, -0.03128030151128769, -0.0241546630859375, 0.05971763655543327, -0.042337335646152496, 0.004790876526385546, -0.07090059667825699, -0.003919282928109169, 0.01619432307779789, -0.0614633746445179, -0.032611217349767685, -0.004844465292990208, -0.0017271701944991946, 0.002956734737381339, -0.10070855170488358, -0.004677792079746723, 0.08040742576122284, -0.019731586799025536, 0.0244307778775692, -0.07256918400526047, 0.02129419706761837, 0.010667097754776478, 0.023579297587275505, -0.029220065101981163, -0.03262758255004883, -0.011087603867053986, 0.014092673547565937, 0.00694536417722702, 0.04034427925944328, -0.09861139953136444, -0.01684761978685856, 0.01926632784307003, -0.06337230652570724, -0.04670937731862068, -0.031459517776966095, -0.023331468924880028, 0.0037457391154021025, -0.02714085765182972, 0.07466030865907669, 0.006580212619155645, -0.0059339739382267, -0.01112240832298994]"
97,Wikipedia & Web Search for Afghanistan,"ri, of any ethnicity, are sometimes called Farsiwans. Pashto is the native tongue of the Pashtuns, although many of them are also fluent in Dari while some non-Pashtuns are fluent in Pashto. Despite the Pashtuns having been dominant in Afghan politics for centuries, Dari remained the preferred language for government and bureaucracy. 
According to CIA World Factbook, Dari Persian is spoken by 78% (L1 + L2) and functions as the lingua franca, while Pashto is spoken by 50%, Uzbek 10%, English 5%, Turkmen 2%, Urdu 2%, Pashayi 1%, Nuristani 1%, Arabic 1%, and Balochi 1% (2021 est). Data represent the most widely spoken languages; shares sum to more than 100% because there is much bilingualism in","[0.03328442946076393, -0.00025300649576820433, 0.00796703901141882, 0.006573337130248547, -0.07010483741760254, -0.04856120049953461, 0.009505786933004856, -0.0183727890253067, 0.09669231623411179, -0.03678581863641739, -0.02951563335955143, -0.029146069660782814, 0.06696592271327972, -0.0029172550421208143, 0.05585474520921707, -0.03530531004071236, 0.0193482618778944, 0.013898644596338272, -0.015590197406709194, -0.06871519237756729, 0.05628019571304321, -0.01997077465057373, 0.040934015065431595, -0.031529128551483154, 0.031983502209186554, -0.0624585896730423, 0.1065458282828331, 0.0064959595911204815, 0.02191002108156681, -0.002057610312476754, 0.03958035632967949, 0.0052739656530320644, -0.022834861651062965, 0.08301729708909988, -0.08213100582361221, 0.11197198182344437, 0.018351227045059204, 0.004341272637248039, 0.03206785395741463, 0.09399137645959854, -0.05490937829017639, -0.02420509234070778, 0.025968434289097786, 0.03303924947977066, 0.018787428736686707, 0.02395138330757618, -0.03194610774517059, -0.01843036524951458, -0.0698140487074852, 0.0344550646841526, -0.01906013675034046, 0.044228266924619675, -0.02561751753091812, 0.04950789362192154, 0.10679826885461807, -0.046023979783058167, -0.019230565056204796, 0.05456387251615524, -0.08683932572603226, 0.05569333955645561, -0.06890950351953506, 0.02703377604484558, -0.04935343191027641, -0.04601839929819107, -0.1487710326910019, -0.03651551902294159, 0.04060404375195503, -0.06716690212488174, -0.014318077825009823, -0.050096217542886734, -0.04476241394877434, -0.019020631909370422, 0.011542895808815956, 0.09207075089216232, -0.011427710764110088, 0.0030087525956332684, -0.05432519689202309, 0.11309941858053207, -0.018271515145897865, -0.05194247514009476, 0.07597044855356216, 0.05913753807544708, 0.009164823219180107, 0.01397973857820034, 0.07617875933647156, 0.050377216190099716, -0.037696439772844315, -0.00702713755890727, 0.004572649020701647, -0.03012312948703766, 0.032988786697387695, -0.06558654457330704, 0.07143428176641464, 0.08060726523399353, 0.11667009443044662, -0.03228894993662834, 0.052069809287786484, -0.03866080194711685, -0.11408516019582748, -0.008288366720080376, 0.049474310129880905, -0.021110936999320984, 0.007695571053773165, 0.03575870767235756, -0.0032460764050483704, 0.03586018830537796, -0.03094598837196827, -0.043672237545251846, -0.08522850275039673, -0.008698196150362492, 0.01701178401708603, -0.00416273158043623, -0.07536303251981735, 0.06259911507368088, -0.00036457585520111024, -0.07894391566514969, 0.010301336646080017, -0.013625113293528557, -0.05425701290369034, 0.01945270411670208, -0.10001694411039352, 0.009034321643412113, -0.048782892525196075, 0.04967361316084862, 0.029922915622591972, 0.027800370007753372, 0.01354741957038641, 0.006333471741527319, 0.0127443578094244, 0.015234268270432949, -0.026610340923070908, -0.042008157819509506, -0.08497109264135361, 0.05870811268687248, 0.08429790288209915, -0.07637841999530792, 0.013760322704911232, -0.06737357378005981, -0.07182033360004425, -0.016921715810894966, -0.05009894818067551, -0.0027944419998675585, 0.03618178889155388, 0.03172320872545242, -0.024705056101083755, 0.056105732917785645, -0.01944533735513687, -0.036373406648635864, 0.04511547461152077, 0.0989934653043747, 0.044503290206193924, -0.06304066628217697, -0.01717454567551613, -0.04669087380170822, 0.018332606181502342, -0.09526507556438446, 0.024008912965655327, 0.007699605077505112, 0.017913999035954475, -0.020696284249424934, -0.04627598077058792, -0.045754432678222656, -0.08715333789587021, 0.008071420714259148, -0.01403073314577341, 0.00013653728819917887, -0.09313945472240448, 0.018672149628400803, -0.06466001272201538, 0.022562233731150627, -0.009922409430146217, 0.09687118232250214, 0.05312319099903107, 0.06193401291966438, -0.028168590739369392, -0.030731849372386932, -0.06528785079717636, -0.03081631287932396, -0.0499679334461689, 0.02489440143108368, -0.026021257042884827, 0.03626302629709244, 0.046645935624837875, 0.015565820038318634, 0.008641649968922138, 0.0016030074330046773, 0.010205359198153019, 0.03684417903423309, 0.034516531974077225, -0.015440578572452068, 0.032056935131549835, 0.000964112114161253, 0.022015640512108803, -0.08734506368637085, 0.021756360307335854, 0.021908534690737724, 0.06893177330493927, 0.030040083453059196, -0.004662087187170982, -0.07181338220834732, -0.10790231823921204, 0.1250426024198532, -0.09450069814920425, -0.03375081345438957, 0.0054704658687114716, -0.013099356554448605, 0.055553462356328964, 0.0312928706407547, 0.031223755329847336, 0.06455432623624802, 0.03669307008385658, 0.07415695488452911, -0.0010680773993954062, 0.06957095116376877, 0.009457682259380817, -0.044758282601833344, -0.0299371425062418, 0.0412844717502594, 0.02764134295284748, 0.07853683829307556, 0.06254250556230545, -0.09875673055648804, -0.04952583461999893, -0.013439848087728024, 0.018724611029028893, -0.04144222289323807, -0.03605194017291069, 0.043357621878385544, -0.050356656312942505, -0.019123723730444908, 0.021822305396199226, -0.00046913494588807225, -0.025890443474054337, -0.001313831890001893, -0.020877057686448097, 0.013964035548269749, 0.09973552823066711, -0.0732663944363594, 0.0981888696551323, -0.040474046021699905, 0.017434552311897278, 0.08701435476541519, 0.050576552748680115, 0.025561047717928886, -0.03983837738633156, -0.08307640254497528, -0.03963815048336983, 0.08413657546043396, -0.01822449266910553, 0.03496569022536278, -0.023781057447195053, -0.07648766040802002, -0.09315149486064911, 0.007625095080584288, 0.07661900669336319, -0.04007607325911522, -0.09861747920513153, -0.023636378347873688, 0.03871897608041763, -0.03313155472278595, -0.07590452581644058, 0.05124146491289139, -0.02991645224392414, 0.059564244002103806, -0.00037921007606200874, 0.015222911722958088, 0.04744574800133705, 0.05906575173139572, -0.017911819741129875, 0.036653611809015274, -0.05387198179960251, 0.021828310564160347, -0.04892771318554878, -0.09465248137712479, 0.06542785465717316, 0.025551747530698776, 0.09557172656059265, -0.10198518633842468, -0.01604495570063591, -0.10112793743610382, -0.052582867443561554, -0.005092945881187916, 0.016723239794373512, 0.010908558964729309, -0.003991123288869858, -0.008875101804733276, -0.004888066556304693, 0.0012758350931107998, 0.03018198162317276, -0.018717292696237564, 0.03650097921490669, -0.014671942219138145, 0.08667594194412231, -0.03722105547785759, 0.11194079369306564, -0.09899305552244186, -0.03356042131781578, 0.08846601843833923, 0.03346104174852371, 0.013987901620566845, -0.08049017190933228, 0.0655345693230629, -0.025380214676260948, 0.07816697657108307, -0.008346810936927795, -0.008937831036746502, -0.09219181537628174, -0.027050113305449486, 0.029858531430363655, -0.007033020257949829, 0.0007312959060072899, 0.009023182094097137, 0.05457107722759247, 0.00981421209871769, 0.015281726606190205, 0.08659137040376663, 0.018479906022548676, 0.02669953554868698, 0.05113862454891205, -0.09929846972227097, 0.03493046760559082, -0.069721519947052, -0.04711718112230301, -0.0033184727653861046, -0.09954310953617096, 0.006411096081137657, -0.002661100821569562, -0.08180320262908936, -0.025354884564876556, -0.0001916869223350659, -0.019546695053577423, 0.11438658088445663, -0.08745524287223816, -0.007924491539597511, 0.01996500790119171, 0.07712756842374802, 0.09525961428880692, 0.07585416734218597, 0.050593532621860504, 0.026828454807400703, 0.04231002926826477, -0.004788857884705067, -0.005943658296018839, -0.011943026445806026, -0.014296147972345352, 0.02372157946228981, -0.03490455076098442, 0.024380072951316833, -0.0542471706867218, -0.024315517395734787, 0.017098048701882362, -0.03324730694293976, -0.069101482629776, -0.018643822520971298, -0.022957922890782356, 0.027360858395695686, 0.0017277649603784084, 0.003001232398673892, 0.09765177220106125, 0.043779317289590836, 0.029685694724321365, -0.1117023155093193, 0.011383706703782082, 0.0181426964700222, 0.03367451950907707, 0.0016067298129200935, -0.024136420339345932, -0.013233667239546776, -0.019351936876773834, 0.04438123479485512, 0.053726039826869965, -0.049982037395238876, -0.01823996566236019, 0.0413670614361763, -0.0625310093164444, 0.014562414959073067, -0.0815139040350914, -0.047652095556259155, -0.012207009829580784, 0.008930550888180733, 0.03425021097064018, 0.08186398446559906, 0.007743970025330782, 0.021249761804938316]"
98,Wikipedia & Web Search for Afghanistan," the country and because respondents were allowed to select more than one language. There are a number of smaller regional languages, including Uzbek, Turkmen, Balochi, Pashayi, and Nuristani.
When it comes to foreign languages among the populace, many are able to speak or understand Hindustani (Urdu-Hindi), partly due to returning Afghan refugees from Pakistan and the popularity of Bollywood films respectively. English is also understood by some of the population, and has been gaining popularity as of the 2000s. Some Afghans retain some ability in Russian, which was taught in public schools during the 1980s.

Religion
The CIA estimated in 2009 that 99.7% of the Afghan population was Muslim ","[0.05338646098971367, -0.057696931064128876, 0.03991146758198738, -0.011212844401597977, -0.06445873528718948, -0.01715724542737007, -0.015793576836586, -0.04713832587003708, 0.038502272218465805, -0.02059154026210308, -0.02312992885708809, -0.03917131945490837, 0.026802457869052887, 0.047255098819732666, 0.07981092482805252, -0.017158852890133858, -0.0017952200723811984, -0.009919565171003342, -0.02651647850871086, -0.10812011361122131, -0.0593712143599987, -0.03294195979833603, 0.04714640974998474, -0.019441507756710052, 0.0852680578827858, -0.04884907230734825, 0.06407540291547775, -0.014891608618199825, 0.01772099733352661, 0.002348276786506176, -0.024120446294546127, 0.04474082589149475, 0.041075363755226135, 0.06400000303983688, -0.10778726637363434, 0.0680680125951767, 0.00012352230260148644, 0.021464435383677483, 0.030730918049812317, 0.04290561378002167, -0.017284194007515907, 0.010389651171863079, 0.08875786513090134, 0.07811184972524643, -0.020209431648254395, 0.016875941306352615, -0.02169082500040531, 0.04645674675703049, -0.059869591146707535, 0.045356255024671555, 0.012441377155482769, 0.05964764207601547, -0.06022931635379791, 0.06736627966165543, 0.04179815202951431, -0.09609120339155197, -0.008721606805920601, 0.05228389427065849, -0.08404508978128433, 0.08133033663034439, -0.0590900257229805, -0.05667448043823242, -0.013453013263642788, 0.004827780183404684, -0.11721500009298325, -0.031710635870695114, 0.07053306698799133, -0.023211944848299026, -0.031396329402923584, -0.07110431045293808, 0.0028389692306518555, 0.017594005912542343, -0.008305166848003864, 0.035940200090408325, -0.02802649326622486, -0.0364372581243515, 0.0034124082885682583, 0.07339850068092346, -0.02057110331952572, 0.0011389731662347913, 0.09936490654945374, 0.11245885491371155, 0.032622553408145905, -0.03404328227043152, 0.006501014810055494, -0.0399894192814827, -0.042302172631025314, -0.010279998183250427, -0.013321873731911182, -0.024437084794044495, 0.02307962439954281, -0.015567071735858917, 0.07379544526338577, 0.11340367048978806, 0.044064078480005264, -0.04682672768831253, 0.1279037594795227, -0.012210776098072529, -0.058592524379491806, 0.005590276792645454, 0.04253428056836128, -0.01822207309305668, 0.004770147614181042, 0.06910888105630875, -1.948816679941956e-05, -0.03885134682059288, -0.10073158890008926, -0.04154185950756073, -0.06960474699735641, -0.0038667386397719383, -0.055062584578990936, -0.0014721809420734644, -0.07728978246450424, 0.07128291577100754, 0.004117860924452543, -0.08028671890497208, 0.009826014749705791, -0.04980771616101265, -0.013681451790034771, 0.01768723875284195, -0.07245302945375443, 0.010506229475140572, 0.004440799821168184, 0.02296867035329342, 0.03757092356681824, 0.0048740822821855545, -0.00046596358879469335, -0.007299115415662527, 0.0243501178920269, -0.03800932317972183, 0.012958751060068607, 0.0032784638460725546, -0.07822882384061813, 0.08104854822158813, 0.015546719543635845, -0.04754131659865379, -0.007028635591268539, -0.10344415158033371, -0.03950078785419464, -0.0007512575830332935, 0.01597761921584606, 0.04358581826090813, 0.08355160057544708, 0.05438776686787605, -0.057746823877096176, 0.07176315039396286, -0.00722775561735034, 0.0525309219956398, 0.008935468271374702, 0.07650639861822128, 0.03398483991622925, -0.04197383299469948, -0.07512310147285461, -0.05065430328249931, 0.06941866874694824, -0.07968325912952423, -0.0058631449937820435, 0.03152140602469444, -0.04546588659286499, -0.05934512987732887, -0.028311826288700104, -0.08743025362491608, -0.05635184422135353, 0.004989740438759327, -0.009414676576852798, -0.010021146386861801, -0.08478481322526932, 0.0013261304702609777, 0.04357564449310303, 0.020195573568344116, -0.009539908729493618, 0.02032041922211647, 0.09662852436304092, -2.22439193748869e-05, -0.01653897948563099, -0.05108853802084923, -0.09509740024805069, 0.008768009021878242, -0.01256758626550436, 0.011942880228161812, -0.0007334999390877783, 0.0072835576720535755, 0.026703661307692528, 0.04605133831501007, -0.00881905760616064, 0.008226107805967331, 0.040502723306417465, 0.0024923940654844046, 0.051725298166275024, 0.011427335441112518, 0.0506913997232914, 0.015525318682193756, 0.07099966704845428, -0.0597231462597847, 0.008026158437132835, 0.0315205454826355, -0.001898102811537683, 0.02509164623916149, -0.028787003830075264, -0.04755436256527901, -0.06416378170251846, 0.08620555698871613, -0.09017927199602127, 0.037721820175647736, 0.04051597788929939, -0.0030109768267720938, 0.11722717434167862, -0.03330831229686737, -0.005439927335828543, 0.07044054567813873, 0.01183024886995554, 0.06317658722400665, -0.02264547534286976, 0.026357082650065422, 0.013941031880676746, -0.06352166831493378, -0.03155877813696861, 0.04506918042898178, -0.007386405952274799, 0.06539850682020187, -0.03480467200279236, -0.07798019796609879, 0.0277306716889143, 0.0009181501227430999, -0.04380519315600395, 0.025266921147704124, -0.04063365235924721, 0.02529163844883442, -0.12276641279459, 0.034150466322898865, 0.04745641350746155, 0.030867435038089752, -0.022868584841489792, -0.02241230197250843, 0.0013312773080542684, -7.381068280665204e-05, 0.02932286448776722, 0.01925545372068882, 0.04077737033367157, 0.054492220282554626, 0.01574915088713169, 0.11967775225639343, 0.01804337091743946, 0.020405422896146774, -0.021101538091897964, -0.06773228198289871, -0.030416522175073624, -0.004994361195713282, -0.06468045711517334, 0.04618057236075401, -0.06401067972183228, -0.033097170293331146, -0.050437118858098984, -0.05901111289858818, 0.17054753005504608, -0.0247393399477005, -0.0987815335392952, 0.04142703488469124, 0.04171966761350632, 0.029556449502706528, -0.022951358929276466, 0.04225664958357811, -0.01740512251853943, 0.14916203916072845, 0.023328837007284164, 0.07706384360790253, 0.04039625823497772, -0.024024909362196922, -0.02612186037003994, -0.033132247626781464, -0.0636565238237381, 0.010534840635955334, -0.07739006727933884, -0.09225659817457199, 0.12949630618095398, 0.026038819923996925, 0.014251621440052986, -0.0852225050330162, -0.008791374042630196, -0.04462989792227745, 0.00970443245023489, 0.013257342390716076, 0.031794384121894836, -0.012453380040824413, -0.043272439390420914, -0.06402446329593658, 0.06507396697998047, -0.05054648965597153, -0.03905898332595825, 0.020184852182865143, 0.07360955327749252, -0.002003396861255169, 0.08229517936706543, -0.027860106900334358, 0.09649074822664261, -0.011222412809729576, -0.09917581081390381, 0.0274309404194355, 0.011049294844269753, 0.10030807554721832, 0.042492277920246124, 0.07991662621498108, -0.09176818281412125, 0.04030608758330345, 0.005577645264565945, 0.03957460820674896, -0.05421144515275955, 0.002499025547876954, 0.00592327956110239, -0.01047010812908411, -0.023146312683820724, -0.022855956107378006, 0.05981223285198212, -0.010568163357675076, 0.03962286561727524, 0.12477515637874603, 0.043501004576683044, -0.0038446749094873667, -0.005619612988084555, -0.024675296619534492, -0.032967932522296906, -0.06223975867033005, -0.04189186915755272, -0.04585951566696167, -0.07086528092622757, 0.010599487461149693, -0.01777331531047821, -0.0936211571097374, -0.05516907200217247, 0.00851819571107626, -0.06252475082874298, 0.1122417077422142, -0.10741416364908218, 0.016934916377067566, -0.0469820573925972, 0.08478296548128128, 0.06217527762055397, 0.005954379215836525, 0.06191059574484825, 0.02451973594725132, 0.01498469803482294, 0.00796558614820242, -0.039676517248153687, -0.011233611963689327, -0.026200057938694954, 0.04032783582806587, 0.019633332267403603, 0.02137320302426815, -0.007717475760728121, -0.03414976969361305, 0.008010806515812874, 0.026600558310747147, -0.06390636414289474, -0.039802923798561096, 0.009263589978218079, -0.062309082597494125, -0.050350792706012726, -0.010356057435274124, 0.03737891837954521, -0.012799881398677826, 0.02416488528251648, -0.13100145757198334, 0.011861764825880527, 0.011730993166565895, 0.07490687072277069, -0.0596260167658329, -0.0630272701382637, -0.042434316128492355, -0.003437293926253915, -0.014351524412631989, 0.018610110506415367, -0.046513285487890244, -0.03998691588640213, 0.07515686005353928, -0.04604175314307213, 0.01111970841884613, -0.03814993426203728, -0.0010454667499288917, 0.03230736777186394, 0.04269718751311302, -0.03400709852576256, 0.04611987620592117, 0.0476524643599987, -0.05781020224094391]"
99,Wikipedia & Web Search for Afghanistan,"and most are thought to adhere to the Sunni Hanafi school. According to Pew Research Center, as much as 90% are of the Sunni denomination, 7% Shia and 3% non-denominational. Conversion away from Islam is persecuted, limiting religious freedom.
Afghan Sikhs and Hindus are also found in certain major cities (namely Kabul, Jalalabad, Ghazni, Kandahar) accompanied by gurdwaras and mandirs. According to Deutsche Welle in September 2021, 250 remain in the country after 67 were evacuated to India.
There was a small Jewish community in Afghanistan, living mainly in Herat and Kabul. Over the years, this small community was forced to leave due to decades of warfare and religious persecution. By the en","[0.11404675245285034, 0.031155869364738464, -0.08131672441959381, 0.0007357047288678586, -0.009182033129036427, 0.03995172306895256, -0.05897558107972145, -0.08940675854682922, 0.10911908745765686, 0.02016512304544449, 0.04062947258353233, -0.006970738992094994, 0.125010147690773, -0.02834615670144558, 0.09275877475738525, 0.02842678688466549, -0.014475153759121895, -0.05908764898777008, 0.019009392708539963, -0.023886872455477715, -0.0932387262582779, -0.04188041761517525, 0.022062040865421295, 0.014254958368837833, 0.0635610818862915, -0.07125524431467056, 0.09334124624729156, -0.0556945763528347, -0.026771504431962967, 0.01614767126739025, 0.018309548497200012, -0.0611429288983345, 0.04984809458255768, 0.07862905412912369, -0.06947781890630722, 0.06235097721219063, 0.031196342781186104, 0.07696197926998138, 0.018773941323161125, 0.05063508078455925, -0.040168825536966324, 0.045243799686431885, 0.06459677964448929, 0.03436287119984627, 0.03372779116034508, 0.0017564041772857308, -0.06945157796144485, 0.0037175635807216167, -0.008335480466485023, -0.00031995316385291517, -0.004518727771937847, 0.10009443759918213, 0.005124807823449373, 0.06905979663133621, 0.028987735509872437, -0.08150960505008698, -0.00763297313824296, -0.012765532359480858, -0.017183484509587288, 0.03546146675944328, 0.005204563960433006, 0.018821459263563156, -0.005960781127214432, -0.055528175085783005, -0.10354609787464142, -0.051240209490060806, 0.07628048956394196, -0.036125488579273224, 0.0807143971323967, -0.054532490670681, 0.012262794189155102, 0.01875128038227558, -0.025639556348323822, 0.023441625759005547, -0.013298255391418934, -0.021944180130958557, -0.07226762175559998, 0.07279402762651443, -0.03523244708776474, -0.03577709570527077, 0.06180066242814064, 0.05010120943188667, 0.12856876850128174, -0.00370805524289608, 0.018560661002993584, 0.0001677667023614049, -0.02023320272564888, 0.02767157554626465, 0.01943659782409668, 0.05585985258221626, 0.030954545363783836, -0.012491047382354736, 0.04621795564889908, 0.0020361205097287893, 0.028859272599220276, -0.025186028331518173, 0.02870645932853222, -0.02468911185860634, -0.005269575398415327, 0.001464478555135429, 0.01713343895971775, 0.004039646126329899, 0.06566652655601501, 0.0020838864147663116, -0.04186870902776718, -0.0349249467253685, 0.03812328353524208, -0.03426384925842285, -0.058759499341249466, -0.011197736486792564, -0.04379117488861084, -0.033697955310344696, -0.023515358567237854, -0.02566344290971756, 0.0044381264597177505, 0.015027550980448723, 0.08777246624231339, -0.0020651835948228836, -0.07520844042301178, 0.05898113548755646, -0.06794171035289764, 0.045240890234708786, 0.0949634537100792, 0.002227822784334421, 0.019088635221123695, 0.04099324718117714, -0.07617206871509552, 0.04378409683704376, -0.00360461650416255, -0.06519720703363419, -0.02456524223089218, 0.027835778892040253, -0.06501185894012451, -0.04888976365327835, 0.07454818487167358, -0.08354618400335312, -0.0029635780956596136, -0.08612339943647385, -0.011487338691949844, -0.03805430606007576, 0.07716893404722214, -0.031055059283971786, -0.0017140512354671955, 0.0007670117192901671, -0.03541514649987221, 0.07371895015239716, -0.026000671088695526, -0.010665686801075935, -0.013991408050060272, 0.021710002794861794, 0.0317126102745533, -0.010044294409453869, -0.08410537987947464, -0.05845720320940018, 0.06908386200666428, 0.025592248886823654, 0.0008012550533749163, 0.034095995128154755, 0.08590926229953766, -0.027291612699627876, -0.06247401982545853, -0.10076367855072021, 0.052589453756809235, 0.07439815998077393, 0.012234685011208057, 0.0469275526702404, -0.07580830901861191, -0.042296089231967926, -0.02227235771715641, 0.0055616446770727634, 0.0276812594383955, 0.019279157742857933, 0.11004643142223358, 0.052482761442661285, -0.00915796309709549, -0.1358884572982788, -0.06315956264734268, 0.015489945188164711, -0.07656116783618927, 0.0512661449611187, -0.009468331933021545, -0.06894216686487198, -0.027947768568992615, 0.03500194475054741, 0.05854305252432823, 0.02128060907125473, -0.004390574060380459, -0.010745398700237274, -0.038839470595121384, -0.007662361022084951, -0.07362564653158188, -0.027631880715489388, -0.013229338452219963, -0.12229172140359879, -0.05753851681947708, -0.020419251173734665, -0.038571011275053024, -0.01879393309354782, 0.029757946729660034, 0.022206328809261322, -0.10359173268079758, 0.061613693833351135, -0.05640844255685806, -0.02679884061217308, 0.00780293857678771, -0.026168093085289, 0.05169983580708504, -0.04639129340648651, 0.0357309952378273, 0.03451155498623848, 0.0903908759355545, 0.03690711408853531, -0.002080442849546671, -0.01820972189307213, 0.06874310970306396, 0.0003036981506738812, -0.04508861154317856, 0.013053079135715961, -0.019573962315917015, 0.06495807319879532, 0.004934290423989296, -0.08522992581129074, 0.025001022964715958, -0.013555177487432957, -0.020363973453640938, -0.033506762236356735, -0.06517352908849716, 0.006438248325139284, -0.04714865982532501, 0.0851510763168335, -0.0032734235282987356, 0.050690218806266785, -0.0496487021446228, -0.0005601226002909243, 0.04584846273064613, -0.07608842849731445, 0.1009325310587883, -0.002899434417486191, -0.02289293333888054, -0.026847150176763535, 0.03939404338598251, 0.06728126108646393, -0.013467792421579361, -0.004698942415416241, -0.004941183608025312, -0.05010542273521423, 0.005697982385754585, 0.10900294035673141, -0.04234156757593155, 0.028463877737522125, -0.04733114317059517, -0.03996500372886658, -0.016795432195067406, -0.09635484963655472, 0.08021436631679535, -0.007003979291766882, -0.0998528003692627, 0.06261972337961197, -0.028173794969916344, -0.08558832854032516, -0.12657923996448517, 0.09983114898204803, -0.04764389991760254, 0.06836028397083282, 0.05469415336847305, -0.016241373494267464, 0.04394090175628662, -0.02735605090856552, -0.08139899373054504, 0.062504842877388, 0.04976348951458931, 0.06296003609895706, 0.03212253749370575, -0.07557889819145203, 0.0036888779141008854, 0.01826844923198223, 0.023249562829732895, -0.04140622913837433, 0.04663466662168503, 0.01298302412033081, -0.038761407136917114, 0.0022087637335062027, -0.02605215646326542, -0.08692622929811478, -0.051735568791627884, 0.007873008958995342, 0.08467080444097519, 0.01839667186141014, -0.01676475815474987, -0.019859468564391136, 0.06711360812187195, 0.018591105937957764, 0.024344326928257942, -0.005051235668361187, 0.06480605900287628, 0.016310131177306175, -0.08141571283340454, 0.00442639971151948, -0.020286014303565025, 0.06297571957111359, 0.021318359300494194, 0.08167893439531326, 0.01124153658747673, 0.004970292095094919, 0.051972899585962296, 0.010986137203872204, -0.08475955575704575, -0.027543965727090836, 0.04691152647137642, -0.07787381857633591, 0.047585777938365936, -0.10749394446611404, 0.07172487676143646, -0.09565219283103943, 0.00174224644433707, 0.05852435901761055, -0.002590775489807129, -0.07310205698013306, 0.08712688088417053, -0.024415019899606705, -0.01256142184138298, -0.05964647978544235, -0.048547931015491486, 0.10193935036659241, -0.03983975946903229, 0.07729288190603256, 0.05231814458966255, -0.10499785840511322, -0.014983010478317738, 0.013019888661801815, -0.04254791885614395, 0.07754165679216385, -0.04738451540470123, 0.010263093747198582, -0.04007943347096443, 0.0052985153160989285, -0.026039661839604378, -0.03331746160984039, 0.08675354719161987, 0.03358898311853409, -0.02464722841978073, -0.042919375002384186, 0.03200262784957886, 0.010530076920986176, 0.0012315561762079597, 0.055261217057704926, -0.07239115983247757, 0.0018327704165130854, -0.0007846659864298999, 0.022809894755482674, 0.021865904331207275, -0.03739367052912712, -0.05185806006193161, -0.043115366250276566, -0.00674168998375535, -0.014961760491132736, -0.05112152546644211, -0.015506713651120663, 0.05573507770895958, -0.00760254543274641, 0.08051524311304092, -0.12316382676362991, 0.058091096580028534, 0.03271646425127983, -0.03170744702219963, -0.04809641093015671, -0.06622219830751419, 0.03305298835039139, -0.028093094006180763, 0.06495556980371475, 0.041351016610860825, 0.024444419890642166, 0.04001002758741379, -0.0008612380479462445, -0.057932525873184204, 0.0018816858064383268, 0.019305432215332985, -0.03750164434313774, -0.005326741840690374, -0.025027230381965637, 0.014369595795869827, 0.020495325326919556, 0.02861880138516426, 0.028538240119814873]"
100,Wikipedia & Web Search for Afghanistan,"d of the twentieth century, nearly the entire community had emigrated to Israel and the United States, with one known exception, Herat-born Zablon Simintov. He remained for years, being the caretaker of the only remaining Afghan synagogue. He left the country for the US after the second Taliban takeover. A woman who left shortly after him has since been identified as the likely last Jew in Afghanistan.
Afghan Christians, who number 500–8,000, practice their faith secretly due to intense societal opposition, and there are no public churches.

Education
Education in Afghanistan is overseen by the Ministry of Education and the Ministry of Higher Education. There are over 16,000 schools in the c","[0.021461758762598038, 0.10938500612974167, -0.03711825609207153, -0.015535702928900719, -0.01357113104313612, 0.0653800517320633, 0.0144536467269063, -0.08611100167036057, 0.04559047147631645, 0.026310661807656288, 0.00845076609402895, 0.05055398866534233, 0.048977967351675034, -0.03994840756058693, -0.021940605714917183, 0.03028089925646782, -0.09449655562639236, -0.047358594834804535, -0.01561641599982977, 0.005306216422468424, -0.09563827514648438, -0.06736362725496292, 0.020454170182347298, 0.049674708396196365, 0.10304863005876541, -0.057805679738521576, 0.010959009639918804, 0.012773752212524414, -0.011494114995002747, -0.008034060709178448, -0.0009127513039857149, -0.03058779612183571, -0.0064728534780442715, 0.08300317078828812, -0.014738893136382103, 0.10276351869106293, 0.06957372277975082, 0.0673610046505928, 0.027887888252735138, 0.05431097373366356, 0.048376038670539856, 0.06087026372551918, 0.024507328867912292, 0.050416599959135056, -0.0013214022619649768, 0.000542753841727972, 0.013886400498449802, 0.016204088926315308, 0.0019997048657387495, 0.025566672906279564, -0.051579754799604416, 0.09858494997024536, -0.002571802819147706, 0.01847662776708603, 0.07316596060991287, -0.041884295642375946, -0.04629930108785629, -0.00966730061918497, 0.035049114376306534, 0.006645510904490948, 0.021817907691001892, -0.056785013526678085, -0.03485338017344475, -0.0401371568441391, -0.11046801507472992, -0.06955000758171082, 0.0966670885682106, -0.10643332451581955, 0.06759878993034363, -0.034775830805301666, 0.053976237773895264, 0.05825059860944748, -0.06860120594501495, 0.014891640283167362, -0.02422323264181614, -0.08126227557659149, 0.03829832747578621, 0.06867755204439163, -0.01203169021755457, 0.01183620747178793, 0.10859860479831696, 0.08807696402072906, 0.1222657635807991, -0.030738651752471924, -0.02913401648402214, -0.026205869391560555, -0.15225398540496826, 0.015660595148801804, 0.011875603348016739, -0.03255566954612732, -0.005311041139066219, -0.005015849135816097, 0.05403757095336914, 0.0041331080719828606, 0.07185731828212738, -0.00625161686912179, 0.020282546058297157, 0.06802957504987717, -0.03999264910817146, 0.00715490709990263, -0.013041647151112556, -0.053217243403196335, 0.09886308759450912, 0.00668942229822278, 0.008476790972054005, -0.025288356468081474, -0.0031064178328961134, -0.01613832823932171, -0.040920913219451904, -0.013875131495296955, -0.00199052132666111, -0.026272939518094063, -0.020856674760580063, -0.037984516471624374, 0.06322924792766571, 0.0009724150877445936, 0.0002804237010423094, -0.019696097820997238, -0.06852954626083374, 0.02644573152065277, -0.05970865860581398, -0.05815945193171501, 0.03653683140873909, 0.02468453161418438, -0.0378761924803257, 0.013555957935750484, -0.050879426300525665, 0.0860842689871788, -0.001072823884896934, 0.0071552107110619545, -0.007854308001697063, 0.04476260393857956, -0.07630904763936996, 0.0043459744192659855, 0.04027264192700386, -0.06954974681138992, -0.03239494562149048, -0.06677735596895218, -0.010370788164436817, -0.09406287223100662, 0.04908372089266777, 0.0030624899081885815, -0.05351235717535019, 0.06799794733524323, 0.004364497028291225, 0.048603545874357224, 0.07180315256118774, -0.025776896625757217, 0.02410471811890602, 0.03435095027089119, 0.01356417965143919, -0.026444554328918457, 0.009250858798623085, -0.08118153363466263, 0.12161825597286224, 0.04264696687459946, 0.03609436750411987, 0.0375751368701458, -0.0750051811337471, -0.00753486854955554, 0.014031568542122841, -0.066090427339077, 0.008355445228517056, 0.03399761766195297, 0.018743472173810005, -0.006781846284866333, -0.026256240904331207, -0.03100259229540825, 0.0014850758016109467, 0.0395616739988327, 0.04658982530236244, 0.011994222179055214, 0.07172977924346924, 0.002568045863881707, -0.019805744290351868, -0.102727510035038, -0.04759710654616356, 0.00223510037176311, 0.007660573814064264, -0.001499806996434927, -0.06832758337259293, -0.00492862518876791, -0.01882023550570011, 0.034703392535448074, -0.05221462622284889, 0.017300665378570557, 0.017287980765104294, 0.018568312749266624, -0.018573982641100883, -0.046189576387405396, 0.002899297047406435, 0.08736561983823776, 0.021777333691716194, -0.08795816451311111, -0.050457023084163666, 0.0052881017327308655, -0.030821744352579117, 0.054111938923597336, 0.0054633887484669685, 0.015468180179595947, -0.10419899225234985, 0.004889464937150478, -0.027461878955364227, 0.026281941682100296, 0.03920186311006546, -0.07746128737926483, 0.020478855818510056, -0.06695446372032166, 0.06141015142202377, 0.07401064783334732, 0.0686660185456276, 0.09595558792352676, -0.05080922320485115, 0.015585865825414658, 0.06306984275579453, -0.009838802739977837, -0.02981126867234707, 0.012110584415495396, 0.009383460506796837, 0.0394078828394413, -0.037857647985219955, -0.072664774954319, -0.07297210395336151, -0.043771643191576004, -0.006953801494091749, -0.02997017465531826, 0.048865146934986115, -0.015781601890921593, 0.003049095394089818, 0.02509641833603382, 0.06050217151641846, 0.037139881402254105, 0.0012619536137208343, -0.0015832365024834871, 0.0407538078725338, -0.08714399486780167, 0.151974618434906, -0.01398620568215847, -0.034081652760505676, 0.006614336743950844, 0.020005032420158386, -0.06347336620092392, 0.025440404191613197, -0.039146143943071365, 0.005300788674503565, -0.03781675547361374, 0.024621643126010895, 0.06734458357095718, 0.014703326858580112, 0.01372767984867096, 0.022276854142546654, -0.02009594440460205, -0.03761487454175949, -0.08841078728437424, -0.008422760292887688, -0.0014911798061802983, -0.11963648349046707, 0.044197652488946915, 0.06456255912780762, -0.00867252517491579, -0.1308952420949936, 0.08105861395597458, 0.03620855510234833, 0.03906577453017235, 0.003559570759534836, 0.03952791914343834, 0.05276026576757431, 0.012607659213244915, 0.047004930675029755, 0.0898992121219635, 0.001451427466236055, -0.01615491323173046, 0.046223096549510956, -0.11675871908664703, -0.00410624360665679, 0.09061668813228607, -0.003562978468835354, -0.021192513406276703, 0.014125237241387367, -0.005061709322035313, -0.037978965789079666, 0.00386686809360981, 0.07467760145664215, -0.06019206345081329, -0.05340448021888733, -0.04868264123797417, 0.07644680142402649, 0.032363876700401306, -0.011004144325852394, -0.047531552612781525, 0.021658778190612793, 0.020858047530055046, -0.045534029603004456, 0.05440078303217888, 0.08026240020990372, -0.03546701744198799, -0.08610011637210846, 0.016763024032115936, 0.020740075036883354, 0.11599189788103104, -0.014489744789898396, 0.004483350086957216, -0.006296409294009209, 0.05888158455491066, -0.033299002796411514, 0.032013263553380966, -0.07704510539770126, -0.009671877138316631, 0.04398828372359276, -0.12101969867944717, 0.043447066098451614, -0.09676406532526016, 0.07361661642789841, 0.019373834133148193, 0.02853984385728836, -0.03358906880021095, 0.029096921905875206, -0.03454356640577316, 0.08051609992980957, -0.03574518486857414, 0.05000457912683487, -0.03702164441347122, -0.09876547753810883, 0.05577564239501953, -0.005616834852844477, 0.08625724166631699, 0.04569309577345848, -0.13447025418281555, -0.001669051474891603, 0.09334567189216614, -0.11350105702877045, 0.1124565377831459, -0.01692921668291092, 0.01127692125737667, -0.06436454504728317, -0.05896185711026192, -0.03422439843416214, -0.10774114727973938, 0.00995873287320137, -0.05012478306889534, -0.017905820161104202, -0.027172647416591644, -0.002733903704211116, 0.012779885903000832, -0.030515136197209358, 0.0387759692966938, -0.027901414781808853, -0.014412383548915386, -0.029547996819019318, 0.037885889410972595, -0.008612100966274738, -0.03194035589694977, -0.08326823264360428, 0.004887437913566828, -0.051089826971292496, 0.019451702013611794, -0.052080363035202026, -0.010083239525556564, -0.008564053103327751, -0.10328377783298492, 0.014406178146600723, -0.022935926914215088, 0.045623864978551865, 0.05391354858875275, -0.002281845547258854, 0.0006114646675996482, 0.009275411255657673, 0.016812724992632866, -0.00930019747465849, 0.0369223915040493, 0.08261558413505554, 0.02255152352154255, 0.005538474768400192, -0.011211799457669258, -0.03163725882768631, -0.05708584934473038, 0.009090885519981384, -0.011658988893032074, 0.03455553576350212, -0.09512162208557129, -0.04026034101843834, -0.0287878829985857, 0.0002978890552185476, -0.017266541719436646]"
